2025.12.01,00:00,1.159850,1.159870,1.159760,1.159780,0
2025.12.01,00:01,1.159770,1.159800,1.159740,1.159790,0
2025.12.01,00:02,1.159780,1.159860,1.159710,1.159860,0
2025.12.01,00:03,1.159870,1.159930,1.159800,1.159800,0
2025.12.01,00:04,1.159810,1.159810,1.159800,1.159810,0
2025.12.01,00:05,1.159830,1.159950,1.159830,1.159920,0
2025.12.01,00:06,1.159900,1.159900,1.159740,1.159820,0
2025.12.01,00:07,1.159840,1.159840,1.159740,1.159760,0
2025.12.01,00:08,1.159760,1.159810,1.159740,1.159810,0
2025.12.01,00:09,1.159820,1.159910,1.159820,1.159910,0
2025.12.01,00:10,1.159900,1.159940,1.159880,1.159900,0
2025.12.01,00:11,1.159890,1.160000,1.159880,1.159890,0
2025.12.01,00:12,1.159880,1.159990,1.159880,1.159920,0
2025.12.01,00:13,1.159930,1.160010,1.159920,1.159990,0
2025.12.01,00:14,1.160000,1.160020,1.159980,1.160000,0
2025.12.01,00:15,1.159990,1.160050,1.159950,1.159980,0
2025.12.01,00:16,1.159970,1.159970,1.159900,1.159920,0
2025.12.01,00:17,1.159920,1.159960,1.159900,1.159920,0
2025.12.01,00:18,1.159910,1.159940,1.159890,1.159930,0
2025.12.01,00:19,1.159910,1.160010,1.159910,1.159990,0
2025.12.01,00:20,1.160000,1.160020,1.159990,1.160000,0
2025.12.01,00:21,1.159990,1.160070,1.159990,1.160020,0
2025.12.01,00:22,1.160020,1.160020,1.159930,1.160000,0
2025.12.01,00:23,1.160010,1.160140,1.160010,1.160120,0
2025.12.01,00:24,1.160090,1.160130,1.160040,1.160120,0
2025.12.01,00:25,1.160120,1.160120,1.160000,1.160010,0
2025.12.01,00:26,1.160000,1.160040,1.159850,1.159850,0
2025.12.01,00:27,1.159840,1.159870,1.159790,1.159820,0
2025.12.01,00:28,1.159820,1.159830,1.159800,1.159820,0
2025.12.01,00:29,1.159800,1.159840,1.159750,1.159840,0
2025.12.01,00:30,1.159840,1.159950,1.159800,1.159920,0
2025.12.01,00:31,1.159920,1.159960,1.159910,1.159920,0
2025.12.01,00:32,1.159910,1.159920,1.159780,1.159800,0
2025.12.01,00:33,1.159820,1.159820,1.159720,1.159790,0
2025.12.01,00:34,1.159790,1.159840,1.159790,1.159820,0
2025.12.01,00:35,1.159820,1.159830,1.159740,1.159750,0
2025.12.01,00:36,1.159770,1.159810,1.159760,1.159790,0
2025.12.01,00:37,1.159810,1.159810,1.159790,1.159800,0
2025.12.01,00:39,1.159820,1.159840,1.159730,1.159810,0
2025.12.01,00:40,1.159820,1.159820,1.159760,1.159760,0
2025.12.01,00:41,1.159740,1.159740,1.159640,1.159640,0
2025.12.01,00:42,1.159660,1.159660,1.159490,1.159510,0
2025.12.01,00:43,1.159470,1.159660,1.159470,1.159610,0
2025.12.01,00:44,1.159600,1.159680,1.159600,1.159680,0
2025.12.01,00:45,1.159650,1.159660,1.159540,1.159570,0
2025.12.01,00:46,1.159570,1.159710,1.159570,1.159620,0
2025.12.01,00:47,1.159620,1.159760,1.159620,1.159760,0
2025.12.01,00:48,1.159750,1.159820,1.159730,1.159810,0
2025.12.01,00:49,1.159800,1.159800,1.159690,1.159710,0
2025.12.01,00:50,1.159720,1.159790,1.159640,1.159790,0
2025.12.01,00:51,1.159730,1.159760,1.159700,1.159760,0
2025.12.01,00:52,1.159780,1.159830,1.159760,1.159820,0
2025.12.01,00:53,1.159810,1.159880,1.159780,1.159870,0
2025.12.01,00:54,1.159880,1.159880,1.159790,1.159840,0
2025.12.01,00:55,1.159850,1.159900,1.159850,1.159900,0
2025.12.01,00:56,1.159880,1.159900,1.159820,1.159900,0
2025.12.01,00:57,1.159880,1.159930,1.159850,1.159920,0
2025.12.01,00:58,1.159910,1.159920,1.159810,1.159810,0
2025.12.01,00:59,1.159820,1.159830,1.159690,1.159780,0
2025.12.01,01:00,1.159760,1.159890,1.159760,1.159830,0
2025.12.01,01:01,1.159820,1.159820,1.159700,1.159710,0
2025.12.01,01:02,1.159700,1.159730,1.159530,1.159650,0
2025.12.01,01:03,1.159660,1.159720,1.159610,1.159610,0
2025.12.01,01:04,1.159610,1.159610,1.159400,1.159400,0
2025.12.01,01:05,1.159410,1.159540,1.159400,1.159410,0
2025.12.01,01:06,1.159410,1.159550,1.159410,1.159490,0
2025.12.01,01:07,1.159510,1.159510,1.159340,1.159470,0
2025.12.01,01:08,1.159480,1.159510,1.159300,1.159360,0
2025.12.01,01:09,1.159380,1.159470,1.159310,1.159360,0
2025.12.01,01:10,1.159350,1.159370,1.159180,1.159270,0
2025.12.01,01:11,1.159290,1.159360,1.159270,1.159320,0
2025.12.01,01:12,1.159280,1.159320,1.159210,1.159210,0
2025.12.01,01:13,1.159250,1.159370,1.159220,1.159370,0
2025.12.01,01:14,1.159360,1.159420,1.159290,1.159320,0
2025.12.01,01:15,1.159350,1.159440,1.159290,1.159300,0
2025.12.01,01:16,1.159300,1.159450,1.159260,1.159440,0
2025.12.01,01:17,1.159450,1.159470,1.159400,1.159450,0
2025.12.01,01:18,1.159460,1.159500,1.159290,1.159290,0
2025.12.01,01:19,1.159300,1.159500,1.159270,1.159350,0
2025.12.01,01:20,1.159340,1.159360,1.159320,1.159340,0
2025.12.01,01:21,1.159330,1.159340,1.159310,1.159310,0
2025.12.01,01:22,1.159350,1.159480,1.159330,1.159410,0
2025.12.01,01:23,1.159420,1.159420,1.159190,1.159310,0
2025.12.01,01:24,1.159310,1.159310,1.159220,1.159250,0
2025.12.01,01:25,1.159260,1.159320,1.159240,1.159260,0
2025.12.01,01:26,1.159270,1.159310,1.159240,1.159310,0
2025.12.01,01:27,1.159270,1.159350,1.159250,1.159350,0
2025.12.01,01:28,1.159350,1.159530,1.159330,1.159510,0
2025.12.01,01:29,1.159500,1.159500,1.159420,1.159450,0
2025.12.01,01:30,1.159470,1.159490,1.159180,1.159250,0
2025.12.01,01:31,1.159260,1.159390,1.159160,1.159390,0
2025.12.01,01:32,1.159400,1.159400,1.159120,1.159210,0
2025.12.01,01:33,1.159230,1.159270,1.159040,1.159050,0
2025.12.01,01:34,1.159050,1.159160,1.159030,1.159140,0
2025.12.01,01:35,1.159130,1.159180,1.159100,1.159180,0
2025.12.01,01:36,1.159210,1.159520,1.159210,1.159500,0
2025.12.01,01:37,1.159500,1.159500,1.159360,1.159410,0
2025.12.01,01:38,1.159400,1.159440,1.159360,1.159380,0
2025.12.01,01:39,1.159370,1.159550,1.159370,1.159540,0
2025.12.01,01:40,1.159540,1.159600,1.159430,1.159450,0
2025.12.01,01:41,1.159460,1.159480,1.159340,1.159360,0
2025.12.01,01:42,1.159350,1.159370,1.159270,1.159270,0
2025.12.01,01:43,1.159290,1.159320,1.159190,1.159310,0
2025.12.01,01:44,1.159330,1.159330,1.159240,1.159290,0
2025.12.01,01:45,1.159310,1.159330,1.159250,1.159280,0
2025.12.01,01:46,1.159270,1.159290,1.159210,1.159280,0
2025.12.01,01:47,1.159320,1.159430,1.159320,1.159420,0
2025.12.01,01:48,1.159430,1.159510,1.159390,1.159440,0
2025.12.01,01:49,1.159420,1.159420,1.159280,1.159330,0
2025.12.01,01:50,1.159330,1.159330,1.159260,1.159260,0
2025.12.01,01:51,1.159270,1.159270,1.159170,1.159180,0
2025.12.01,01:52,1.159190,1.159280,1.159170,1.159260,0
2025.12.01,01:53,1.159240,1.159390,1.159230,1.159360,0
2025.12.01,01:54,1.159340,1.159520,1.159340,1.159510,0
2025.12.01,01:55,1.159520,1.159550,1.159410,1.159410,0
2025.12.01,01:56,1.159410,1.159490,1.159400,1.159490,0
2025.12.01,01:57,1.159500,1.159520,1.159490,1.159510,0
2025.12.01,01:58,1.159530,1.159590,1.159500,1.159550,0
2025.12.01,01:59,1.159570,1.159640,1.159570,1.159620,0
2025.12.01,02:00,1.159630,1.159940,1.159630,1.159860,0
2025.12.01,02:01,1.159920,1.159960,1.159680,1.159710,0
2025.12.01,02:02,1.159700,1.159770,1.159660,1.159760,0
2025.12.01,02:03,1.159750,1.159770,1.159660,1.159660,0
2025.12.01,02:04,1.159660,1.159710,1.159540,1.159710,0
2025.12.01,02:05,1.159710,1.159790,1.159620,1.159710,0
2025.12.01,02:06,1.159710,1.159860,1.159710,1.159860,0
2025.12.01,02:07,1.159850,1.159850,1.159720,1.159740,0
2025.12.01,02:08,1.159730,1.159820,1.159720,1.159800,0
2025.12.01,02:09,1.159770,1.159930,1.159770,1.159910,0
2025.12.01,02:10,1.159910,1.160110,1.159890,1.160080,0
2025.12.01,02:11,1.160080,1.160080,1.159930,1.160020,0
2025.12.01,02:12,1.160020,1.160020,1.159830,1.159840,0
2025.12.01,02:13,1.159830,1.159860,1.159730,1.159820,0
2025.12.01,02:14,1.159820,1.159970,1.159820,1.159970,0
2025.12.01,02:15,1.159980,1.160050,1.159950,1.159980,0
2025.12.01,02:16,1.159990,1.160200,1.159930,1.160170,0
2025.12.01,02:17,1.160150,1.160310,1.160150,1.160310,0
2025.12.01,02:18,1.160320,1.160370,1.160240,1.160300,0
2025.12.01,02:19,1.160280,1.160310,1.160250,1.160300,0
2025.12.01,02:20,1.160320,1.160420,1.160310,1.160390,0
2025.12.01,02:21,1.160420,1.160620,1.160400,1.160590,0
2025.12.01,02:22,1.160600,1.160630,1.160550,1.160600,0
2025.12.01,02:23,1.160610,1.160720,1.160600,1.160700,0
2025.12.01,02:24,1.160710,1.160750,1.160610,1.160720,0
2025.12.01,02:25,1.160720,1.160760,1.160710,1.160730,0
2025.12.01,02:26,1.160750,1.160950,1.160730,1.160930,0
2025.12.01,02:27,1.160940,1.161000,1.160850,1.160910,0
2025.12.01,02:28,1.160920,1.160920,1.160810,1.160840,0
2025.12.01,02:29,1.160840,1.160840,1.160750,1.160820,0
2025.12.01,02:30,1.160850,1.160960,1.160850,1.160930,0
2025.12.01,02:31,1.160940,1.160940,1.160780,1.160810,0
2025.12.01,02:32,1.160790,1.160870,1.160690,1.160810,0
2025.12.01,02:33,1.160810,1.160810,1.160700,1.160730,0
2025.12.01,02:34,1.160730,1.160860,1.160690,1.160840,0
2025.12.01,02:35,1.160850,1.160930,1.160730,1.160750,0
2025.12.01,02:36,1.160750,1.160840,1.160750,1.160790,0
2025.12.01,02:37,1.160810,1.160820,1.160720,1.160760,0
2025.12.01,02:38,1.160790,1.160800,1.160760,1.160790,0
2025.12.01,02:39,1.160800,1.160850,1.160780,1.160810,0
2025.12.01,02:40,1.160830,1.160880,1.160790,1.160860,0
2025.12.01,02:41,1.160860,1.160860,1.160730,1.160740,0
2025.12.01,02:42,1.160740,1.160870,1.160710,1.160860,0
2025.12.01,02:43,1.160840,1.160990,1.160840,1.160980,0
2025.12.01,02:44,1.161030,1.161030,1.160870,1.160990,0
2025.12.01,02:45,1.160980,1.161180,1.160980,1.161170,0
2025.12.01,02:46,1.161170,1.161220,1.161170,1.161190,0
2025.12.01,02:47,1.161220,1.161220,1.161110,1.161170,0
2025.12.01,02:48,1.161160,1.161240,1.161080,1.161080,0
2025.12.01,02:49,1.161080,1.161270,1.161050,1.161200,0
2025.12.01,02:50,1.161240,1.161280,1.161180,1.161210,0
2025.12.01,02:51,1.161200,1.161200,1.161170,1.161170,0
2025.12.01,02:55,1.160930,1.161120,1.160850,1.160850,0
2025.12.01,02:56,1.160850,1.161070,1.160850,1.160940,0
2025.12.01,02:57,1.160980,1.161080,1.160980,1.160990,0
2025.12.01,02:58,1.160990,1.161070,1.160900,1.161030,0
2025.12.01,02:59,1.161020,1.161030,1.160680,1.160680,0
2025.12.01,03:00,1.160670,1.160680,1.160400,1.160550,0
2025.12.01,03:01,1.160550,1.160850,1.160500,1.160850,0
2025.12.01,03:02,1.160860,1.160920,1.160650,1.160670,0
2025.12.01,03:03,1.160670,1.160670,1.160590,1.160630,0
2025.12.01,03:04,1.160640,1.160710,1.160510,1.160630,0
2025.12.01,03:05,1.160610,1.160830,1.160590,1.160800,0
2025.12.01,03:06,1.160840,1.161210,1.160830,1.161140,0
2025.12.01,03:07,1.161150,1.161300,1.161150,1.161300,0
2025.12.01,03:08,1.161330,1.161540,1.161330,1.161540,0
2025.12.01,03:09,1.161550,1.161560,1.161420,1.161480,0
2025.12.01,03:10,1.161490,1.161530,1.161420,1.161470,0
2025.12.01,03:11,1.161480,1.161520,1.161350,1.161400,0
2025.12.01,03:12,1.161420,1.161420,1.161300,1.161330,0
2025.12.01,03:13,1.161310,1.161500,1.161180,1.161490,0
2025.12.01,03:14,1.161490,1.161610,1.161480,1.161530,0
2025.12.01,03:15,1.161550,1.161610,1.161520,1.161520,0
2025.12.01,03:16,1.161490,1.161850,1.161490,1.161820,0
2025.12.01,03:17,1.161840,1.161950,1.161820,1.161920,0
2025.12.01,03:18,1.161910,1.161960,1.161830,1.161930,0
2025.12.01,03:19,1.161960,1.161960,1.161760,1.161760,0
2025.12.01,03:20,1.161780,1.161970,1.161780,1.161930,0
2025.12.01,03:21,1.161930,1.162180,1.161880,1.161900,0
2025.12.01,03:22,1.161940,1.162010,1.161840,1.161840,0
2025.12.01,03:23,1.161830,1.161890,1.161660,1.161870,0
2025.12.01,03:24,1.161860,1.161880,1.161720,1.161730,0
2025.12.01,03:25,1.161720,1.161990,1.161700,1.161960,0
2025.12.01,03:26,1.161930,1.162060,1.161850,1.162050,0
2025.12.01,03:27,1.162060,1.162160,1.161870,1.161870,0
2025.12.01,03:28,1.161840,1.161970,1.161760,1.161910,0
2025.12.01,03:29,1.161910,1.161970,1.161750,1.161790,0
2025.12.01,03:30,1.161790,1.161810,1.161690,1.161800,0
2025.12.01,03:31,1.161820,1.161880,1.161800,1.161870,0
2025.12.01,03:32,1.161860,1.161890,1.161640,1.161820,0
2025.12.01,03:33,1.161800,1.161910,1.161690,1.161730,0
2025.12.01,03:34,1.161750,1.161780,1.161500,1.161500,0
2025.12.01,03:35,1.161490,1.161540,1.161360,1.161390,0
2025.12.01,03:36,1.161360,1.161480,1.161190,1.161240,0
2025.12.01,03:37,1.161220,1.161240,1.161010,1.161110,0
2025.12.01,03:38,1.161170,1.161230,1.161100,1.161140,0
2025.12.01,03:39,1.161150,1.161200,1.161040,1.161050,0
2025.12.01,03:40,1.161060,1.161280,1.161060,1.161090,0
2025.12.01,03:41,1.161090,1.161140,1.160820,1.160820,0
2025.12.01,03:42,1.160840,1.160850,1.160640,1.160690,0
2025.12.01,03:43,1.160690,1.160940,1.160600,1.160940,0
2025.12.01,03:44,1.160920,1.161010,1.160810,1.161010,0
2025.12.01,03:45,1.161030,1.161280,1.161010,1.161180,0
2025.12.01,03:46,1.161170,1.161250,1.161010,1.161190,0
2025.12.01,03:47,1.161200,1.161220,1.160980,1.160990,0
2025.12.01,03:48,1.161020,1.161240,1.160940,1.161210,0
2025.12.01,03:49,1.161220,1.161220,1.161000,1.161200,0
2025.12.01,03:50,1.161220,1.161400,1.161220,1.161330,0
2025.12.01,03:51,1.161350,1.161460,1.161320,1.161380,0
2025.12.01,03:52,1.161390,1.161590,1.161370,1.161540,0
2025.12.01,03:53,1.161530,1.161530,1.161380,1.161440,0
2025.12.01,03:54,1.161430,1.161500,1.161190,1.161210,0
2025.12.01,03:55,1.161210,1.161320,1.161090,1.161160,0
2025.12.01,03:56,1.161150,1.161190,1.161040,1.161160,0
2025.12.01,03:57,1.161160,1.161200,1.161020,1.161080,0
2025.12.01,03:58,1.161070,1.161310,1.161030,1.161250,0
2025.12.01,03:59,1.161240,1.161430,1.161230,1.161320,0
2025.12.01,04:00,1.161340,1.161540,1.161340,1.161540,0
2025.12.01,04:01,1.161570,1.161650,1.161490,1.161540,0
2025.12.01,04:02,1.161530,1.161550,1.161390,1.161530,0
2025.12.01,04:03,1.161520,1.161570,1.161450,1.161560,0
2025.12.01,04:04,1.161560,1.161600,1.161440,1.161590,0
2025.12.01,04:05,1.161620,1.161850,1.161620,1.161650,0
2025.12.01,04:06,1.161660,1.161770,1.161610,1.161740,0
2025.12.01,04:07,1.161730,1.161810,1.161730,1.161760,0
2025.12.01,04:08,1.161760,1.161830,1.161450,1.161480,0
2025.12.01,04:09,1.161530,1.161810,1.161520,1.161810,0
2025.12.01,04:10,1.161820,1.161840,1.161670,1.161750,0
2025.12.01,04:11,1.161730,1.161900,1.161690,1.161870,0
2025.12.01,04:12,1.161880,1.161940,1.161750,1.161770,0
2025.12.01,04:13,1.161750,1.161800,1.161640,1.161680,0
2025.12.01,04:14,1.161640,1.162000,1.161590,1.161990,0
2025.12.01,04:15,1.161990,1.162000,1.161870,1.161950,0
2025.12.01,04:16,1.161950,1.161970,1.161710,1.161710,0
2025.12.01,04:17,1.161730,1.161750,1.161530,1.161580,0
2025.12.01,04:18,1.161580,1.161650,1.161460,1.161460,0
2025.12.01,04:19,1.161470,1.161590,1.161410,1.161550,0
2025.12.01,04:20,1.161550,1.161700,1.161550,1.161640,0
2025.12.01,04:21,1.161630,1.161700,1.161500,1.161590,0
2025.12.01,04:22,1.161570,1.161730,1.161550,1.161680,0
2025.12.01,04:23,1.161670,1.161700,1.161640,1.161690,0
2025.12.01,04:24,1.161700,1.161890,1.161680,1.161890,0
2025.12.01,04:25,1.161870,1.161890,1.161690,1.161810,0
2025.12.01,04:26,1.161810,1.161840,1.161670,1.161730,0
2025.12.01,04:27,1.161730,1.161880,1.161730,1.161810,0
2025.12.01,04:28,1.161790,1.161940,1.161790,1.161940,0
2025.12.01,04:29,1.161950,1.161990,1.161910,1.161960,0
2025.12.01,04:30,1.161950,1.162050,1.161930,1.162010,0
2025.12.01,04:31,1.162010,1.162070,1.161790,1.161830,0
2025.12.01,04:32,1.161850,1.162010,1.161790,1.161960,0
2025.12.01,04:33,1.161980,1.161990,1.161850,1.161930,0
2025.12.01,04:34,1.161920,1.161920,1.161650,1.161800,0
2025.12.01,04:35,1.161790,1.161860,1.161620,1.161850,0
2025.12.01,04:36,1.161850,1.161850,1.161750,1.161840,0
2025.12.01,04:37,1.161840,1.161890,1.161730,1.161760,0
2025.12.01,04:38,1.161730,1.162000,1.161690,1.161970,0
2025.12.01,04:39,1.161960,1.162000,1.161850,1.161860,0
2025.12.01,04:40,1.161870,1.162110,1.161810,1.162110,0
2025.12.01,04:41,1.162100,1.162100,1.161850,1.161860,0
2025.12.01,04:42,1.161870,1.162030,1.161830,1.162030,0
2025.12.01,04:43,1.162010,1.162080,1.161910,1.162070,0
2025.12.01,04:44,1.162050,1.162200,1.162050,1.162120,0
2025.12.01,04:45,1.162130,1.162250,1.162070,1.162190,0
2025.12.01,04:46,1.162190,1.162240,1.162060,1.162130,0
2025.12.01,04:47,1.162130,1.162140,1.161970,1.162130,0
2025.12.01,04:48,1.162150,1.162200,1.162100,1.162120,0
2025.12.01,04:49,1.162090,1.162260,1.162060,1.162160,0
2025.12.01,04:50,1.162160,1.162200,1.162060,1.162060,0
2025.12.01,04:51,1.162070,1.162190,1.162060,1.162160,0
2025.12.01,04:52,1.162160,1.162270,1.162160,1.162190,0
2025.12.01,04:53,1.162210,1.162250,1.162130,1.162230,0
2025.12.01,04:54,1.162240,1.162350,1.162230,1.162300,0
2025.12.01,04:55,1.162310,1.162310,1.162160,1.162230,0
2025.12.01,04:56,1.162240,1.162260,1.162180,1.162180,0
2025.12.01,04:57,1.162180,1.162340,1.162140,1.162330,0
2025.12.01,04:58,1.162330,1.162340,1.162150,1.162270,0
2025.12.01,04:59,1.162260,1.162300,1.162200,1.162210,0
2025.12.01,05:00,1.162200,1.162200,1.161950,1.162050,0
2025.12.01,05:01,1.162030,1.162080,1.161990,1.162050,0
2025.12.01,05:02,1.162050,1.162100,1.161940,1.162080,0
2025.12.01,05:03,1.162030,1.162150,1.161920,1.162150,0
2025.12.01,05:04,1.162130,1.162400,1.162020,1.162340,0
2025.12.01,05:05,1.162330,1.162560,1.162330,1.162550,0
2025.12.01,05:06,1.162530,1.162530,1.162400,1.162530,0
2025.12.01,05:07,1.162510,1.162510,1.162380,1.162420,0
2025.12.01,05:08,1.162420,1.162470,1.162370,1.162380,0
2025.12.01,05:09,1.162400,1.162500,1.162330,1.162500,0
2025.12.01,05:10,1.162490,1.162520,1.162470,1.162500,0
2025.12.01,05:11,1.162480,1.162560,1.162480,1.162490,0
2025.12.01,05:12,1.162510,1.162510,1.162390,1.162420,0
2025.12.01,05:13,1.162400,1.162560,1.162370,1.162560,0
2025.12.01,05:14,1.162580,1.162590,1.162390,1.162400,0
2025.12.01,05:15,1.162400,1.162440,1.162280,1.162390,0
2025.12.01,05:16,1.162370,1.162410,1.162270,1.162330,0
2025.12.01,05:17,1.162340,1.162360,1.162190,1.162200,0
2025.12.01,05:18,1.162230,1.162310,1.162150,1.162160,0
2025.12.01,05:19,1.162140,1.162140,1.162060,1.162100,0
2025.12.01,05:20,1.162110,1.162150,1.161940,1.162050,0
2025.12.01,05:21,1.162060,1.162220,1.162060,1.162160,0
2025.12.01,05:22,1.162160,1.162240,1.162120,1.162230,0
2025.12.01,05:23,1.162260,1.162500,1.162240,1.162490,0
2025.12.01,05:24,1.162490,1.162500,1.162290,1.162300,0
2025.12.01,05:25,1.162300,1.162300,1.162230,1.162240,0
2025.12.01,05:26,1.162250,1.162460,1.162240,1.162310,0
2025.12.01,05:27,1.162320,1.162330,1.162190,1.162280,0
2025.12.01,05:28,1.162300,1.162400,1.162240,1.162400,0
2025.12.01,05:29,1.162400,1.162540,1.162400,1.162500,0
2025.12.01,05:30,1.162500,1.162650,1.162500,1.162640,0
2025.12.01,05:31,1.162640,1.162740,1.162620,1.162700,0
2025.12.01,05:32,1.162700,1.162770,1.162640,1.162700,0
2025.12.01,05:33,1.162680,1.162710,1.162650,1.162650,0
2025.12.01,05:34,1.162630,1.162710,1.162600,1.162670,0
2025.12.01,05:35,1.162640,1.162640,1.162510,1.162550,0
2025.12.01,05:36,1.162530,1.162670,1.162510,1.162660,0
2025.12.01,05:37,1.162660,1.162690,1.162620,1.162660,0
2025.12.01,05:38,1.162670,1.162670,1.162650,1.162660,0
2025.12.01,05:39,1.162650,1.162670,1.162590,1.162600,0
2025.12.01,05:40,1.162600,1.162620,1.162500,1.162560,0
2025.12.01,05:41,1.162560,1.162560,1.162490,1.162500,0
2025.12.01,05:42,1.162520,1.162540,1.162310,1.162310,0
2025.12.01,05:43,1.162310,1.162310,1.162190,1.162190,0
2025.12.01,05:44,1.162200,1.162300,1.162090,1.162120,0
2025.12.01,05:45,1.162130,1.162130,1.162030,1.162060,0
2025.12.01,05:46,1.162060,1.162210,1.162060,1.162100,0
2025.12.01,05:47,1.162080,1.162130,1.162010,1.162010,0
2025.12.01,05:48,1.162020,1.162030,1.161880,1.161980,0
2025.12.01,05:49,1.162000,1.162200,1.161990,1.162150,0
2025.12.01,05:50,1.162170,1.162570,1.162160,1.162570,0
2025.12.01,05:51,1.162570,1.162710,1.162550,1.162690,0
2025.12.01,05:52,1.162690,1.162710,1.162630,1.162670,0
2025.12.01,05:53,1.162670,1.162790,1.162670,1.162770,0
2025.12.01,05:54,1.162740,1.162810,1.162740,1.162790,0
2025.12.01,05:55,1.162800,1.162820,1.162660,1.162660,0
2025.12.01,05:56,1.162650,1.162830,1.162650,1.162810,0
2025.12.01,05:57,1.162810,1.162850,1.162690,1.162760,0
2025.12.01,05:58,1.162750,1.162750,1.162550,1.162640,0
2025.12.01,05:59,1.162640,1.162750,1.162590,1.162740,0
2025.12.01,06:00,1.162740,1.162800,1.162700,1.162710,0
2025.12.01,06:01,1.162720,1.162770,1.162700,1.162760,0
2025.12.01,06:02,1.162750,1.162750,1.162700,1.162720,0
2025.12.01,06:03,1.162750,1.162770,1.162610,1.162670,0
2025.12.01,06:04,1.162670,1.162790,1.162670,1.162750,0
2025.12.01,06:05,1.162770,1.162770,1.162720,1.162750,0
2025.12.01,06:06,1.162750,1.162790,1.162720,1.162770,0
2025.12.01,06:07,1.162770,1.162840,1.162740,1.162790,0
2025.12.01,06:08,1.162800,1.162830,1.162720,1.162750,0
2025.12.01,06:09,1.162750,1.162780,1.162630,1.162770,0
2025.12.01,06:10,1.162750,1.162760,1.162670,1.162670,0
2025.12.01,06:11,1.162660,1.162660,1.162560,1.162620,0
2025.12.01,06:12,1.162640,1.162700,1.162410,1.162500,0
2025.12.01,06:13,1.162500,1.162580,1.162460,1.162580,0
2025.12.01,06:14,1.162590,1.162600,1.162490,1.162560,0
2025.12.01,06:15,1.162550,1.162660,1.162470,1.162660,0
2025.12.01,06:16,1.162660,1.162820,1.162660,1.162780,0
2025.12.01,06:17,1.162810,1.162840,1.162730,1.162760,0
2025.12.01,06:18,1.162760,1.162860,1.162700,1.162840,0
2025.12.01,06:19,1.162870,1.162880,1.162680,1.162710,0
2025.12.01,06:20,1.162690,1.162760,1.162690,1.162740,0
2025.12.01,06:21,1.162740,1.162760,1.162680,1.162730,0
2025.12.01,06:22,1.162720,1.162770,1.162650,1.162770,0
2025.12.01,06:23,1.162770,1.162980,1.162760,1.162970,0
2025.12.01,06:24,1.162970,1.163150,1.162950,1.163130,0
2025.12.01,06:25,1.163130,1.163210,1.163030,1.163030,0
2025.12.01,06:26,1.163030,1.163100,1.162900,1.162900,0
2025.12.01,06:27,1.162890,1.162980,1.162890,1.162910,0
2025.12.01,06:28,1.162930,1.163020,1.162850,1.162970,0
2025.12.01,06:29,1.162970,1.163110,1.162970,1.163110,0
2025.12.01,06:30,1.163100,1.163170,1.163060,1.163150,0
2025.12.01,06:31,1.163140,1.163170,1.163100,1.163130,0
2025.12.01,06:32,1.163150,1.163170,1.163070,1.163070,0
2025.12.01,06:33,1.163080,1.163110,1.163000,1.163000,0
2025.12.01,06:34,1.163010,1.163010,1.162950,1.162960,0
2025.12.01,06:35,1.162960,1.163140,1.162950,1.163070,0
2025.12.01,06:36,1.163090,1.163150,1.162990,1.163010,0
2025.12.01,06:37,1.162990,1.163010,1.162890,1.162910,0
2025.12.01,06:38,1.162900,1.162940,1.162840,1.162840,0
2025.12.01,06:39,1.162840,1.162890,1.162830,1.162840,0
2025.12.01,06:40,1.162860,1.162920,1.162830,1.162850,0
2025.12.01,06:41,1.162850,1.162930,1.162810,1.162900,0
2025.12.01,06:42,1.162890,1.162910,1.162760,1.162830,0
2025.12.01,06:43,1.162810,1.162920,1.162780,1.162900,0
2025.12.01,06:44,1.162900,1.162910,1.162850,1.162900,0
2025.12.01,06:45,1.162890,1.162890,1.162750,1.162770,0
2025.12.01,06:46,1.162750,1.162810,1.162690,1.162800,0
2025.12.01,06:47,1.162790,1.162830,1.162720,1.162760,0
2025.12.01,06:48,1.162760,1.162760,1.162650,1.162650,0
2025.12.01,06:49,1.162660,1.162670,1.162580,1.162630,0
2025.12.01,06:50,1.162610,1.162690,1.162590,1.162600,0
2025.12.01,06:51,1.162590,1.162680,1.162540,1.162680,0
2025.12.01,06:52,1.162680,1.162700,1.162610,1.162620,0
2025.12.01,06:53,1.162610,1.162620,1.162530,1.162550,0
2025.12.01,06:54,1.162530,1.162640,1.162510,1.162620,0
2025.12.01,06:55,1.162640,1.162720,1.162510,1.162530,0
2025.12.01,06:56,1.162530,1.162650,1.162480,1.162620,0
2025.12.01,06:57,1.162640,1.162750,1.162610,1.162610,0
2025.12.01,06:58,1.162620,1.162840,1.162620,1.162760,0
2025.12.01,06:59,1.162750,1.162890,1.162700,1.162770,0
2025.12.01,07:00,1.162760,1.162980,1.162670,1.162980,0
2025.12.01,07:01,1.162970,1.162990,1.162900,1.162900,0
2025.12.01,07:02,1.162940,1.162970,1.162820,1.162840,0
2025.12.01,07:03,1.162860,1.162940,1.162790,1.162810,0
2025.12.01,07:04,1.162790,1.162960,1.162780,1.162890,0
2025.12.01,07:05,1.162900,1.162900,1.162790,1.162870,0
2025.12.01,07:06,1.162890,1.162960,1.162880,1.162960,0
2025.12.01,07:07,1.162950,1.162960,1.162790,1.162840,0
2025.12.01,07:08,1.162820,1.162820,1.162720,1.162720,0
2025.12.01,07:09,1.162700,1.162750,1.162680,1.162740,0
2025.12.01,07:10,1.162740,1.162810,1.162710,1.162760,0
2025.12.01,07:11,1.162770,1.162820,1.162700,1.162700,0
2025.12.01,07:12,1.162700,1.162790,1.162660,1.162790,0
2025.12.01,07:13,1.162810,1.162940,1.162810,1.162930,0
2025.12.01,07:14,1.162950,1.163000,1.162920,1.162970,0
2025.12.01,07:15,1.162950,1.162970,1.162880,1.162950,0
2025.12.01,07:16,1.162970,1.163120,1.162950,1.163090,0
2025.12.01,07:17,1.163100,1.163250,1.163100,1.163230,0
2025.12.01,07:18,1.163240,1.163310,1.163140,1.163200,0
2025.12.01,07:19,1.163210,1.163250,1.163140,1.163230,0
2025.12.01,07:20,1.163240,1.163400,1.163240,1.163280,0
2025.12.01,07:21,1.163310,1.163460,1.163270,1.163450,0
2025.12.01,07:22,1.163450,1.163490,1.163350,1.163380,0
2025.12.01,07:23,1.163380,1.163380,1.163210,1.163320,0
2025.12.01,07:24,1.163320,1.163450,1.163320,1.163400,0
2025.12.01,07:25,1.163390,1.163480,1.163390,1.163480,0
2025.12.01,07:26,1.163480,1.163490,1.163440,1.163470,0
2025.12.01,07:27,1.163490,1.163500,1.163430,1.163440,0
2025.12.01,07:28,1.163450,1.163450,1.163390,1.163420,0
2025.12.01,07:29,1.163430,1.163500,1.163420,1.163450,0
2025.12.01,07:30,1.163460,1.163500,1.163360,1.163360,0
2025.12.01,07:31,1.163360,1.163370,1.163320,1.163350,0
2025.12.01,07:32,1.163340,1.163410,1.163260,1.163360,0
2025.12.01,07:33,1.163350,1.163420,1.163340,1.163370,0
2025.12.01,07:34,1.163390,1.163400,1.163170,1.163290,0
2025.12.01,07:35,1.163280,1.163480,1.163270,1.163420,0
2025.12.01,07:36,1.163400,1.163590,1.163400,1.163560,0
2025.12.01,07:37,1.163540,1.163710,1.163540,1.163710,0
2025.12.01,07:38,1.163710,1.163780,1.163640,1.163640,0
2025.12.01,07:39,1.163640,1.163830,1.163640,1.163760,0
2025.12.01,07:40,1.163800,1.163810,1.163660,1.163670,0
2025.12.01,07:41,1.163670,1.163800,1.163660,1.163790,0
2025.12.01,07:42,1.163780,1.163850,1.163740,1.163820,0
2025.12.01,07:43,1.163840,1.163870,1.163810,1.163850,0
2025.12.01,07:44,1.163860,1.163930,1.163800,1.163800,0
2025.12.01,07:45,1.163820,1.163860,1.163800,1.163850,0
2025.12.01,07:46,1.163820,1.163980,1.163820,1.163930,0
2025.12.01,07:47,1.163940,1.164050,1.163930,1.164050,0
2025.12.01,07:48,1.164050,1.164250,1.164010,1.164200,0
2025.12.01,07:49,1.164210,1.164270,1.164190,1.164210,0
2025.12.01,07:50,1.164220,1.164270,1.164150,1.164200,0
2025.12.01,07:51,1.164200,1.164200,1.164020,1.164020,0
2025.12.01,07:52,1.164040,1.164240,1.164030,1.164210,0
2025.12.01,07:53,1.164210,1.164420,1.164210,1.164380,0
2025.12.01,07:54,1.164370,1.164470,1.164350,1.164410,0
2025.12.01,07:55,1.164410,1.164520,1.164280,1.164520,0
2025.12.01,07:56,1.164530,1.164720,1.164500,1.164700,0
2025.12.01,07:57,1.164700,1.164860,1.164690,1.164840,0
2025.12.01,07:58,1.164830,1.164860,1.164760,1.164800,0
2025.12.01,07:59,1.164820,1.164880,1.164820,1.164870,0
2025.12.01,08:00,1.164880,1.164940,1.164840,1.164870,0
2025.12.01,08:01,1.164890,1.164950,1.164860,1.164870,0
2025.12.01,08:02,1.164870,1.164890,1.164640,1.164790,0
2025.12.01,08:03,1.164790,1.164920,1.164790,1.164890,0
2025.12.01,08:04,1.164870,1.165140,1.164840,1.165130,0
2025.12.01,08:05,1.165140,1.165220,1.164900,1.165040,0
2025.12.01,08:06,1.165040,1.165130,1.164930,1.164990,0
2025.12.01,08:07,1.164990,1.164990,1.164660,1.164730,0
2025.12.01,08:08,1.164750,1.164840,1.164640,1.164760,0
2025.12.01,08:09,1.164770,1.164810,1.164580,1.164580,0
2025.12.01,08:10,1.164600,1.164870,1.164530,1.164830,0
2025.12.01,08:11,1.164850,1.164930,1.164820,1.164820,0
2025.12.01,08:12,1.164830,1.164830,1.164610,1.164640,0
2025.12.01,08:13,1.164630,1.164680,1.164430,1.164430,0
2025.12.01,08:14,1.164440,1.164510,1.164380,1.164410,0
2025.12.01,08:15,1.164440,1.164460,1.164370,1.164370,0
2025.12.01,08:16,1.164360,1.164360,1.164150,1.164210,0
2025.12.01,08:17,1.164210,1.164370,1.164210,1.164360,0
2025.12.01,08:18,1.164350,1.164350,1.164090,1.164170,0
2025.12.01,08:19,1.164150,1.164300,1.164150,1.164250,0
2025.12.01,08:20,1.164260,1.164340,1.164210,1.164270,0
2025.12.01,08:21,1.164250,1.164250,1.164120,1.164150,0
2025.12.01,08:22,1.164110,1.164140,1.164010,1.164060,0
2025.12.01,08:23,1.164080,1.164080,1.163940,1.163980,0
2025.12.01,08:24,1.164000,1.164100,1.163940,1.164090,0
2025.12.01,08:25,1.164070,1.164160,1.164040,1.164090,0
2025.12.01,08:26,1.164110,1.164290,1.164080,1.164230,0
2025.12.01,08:27,1.164220,1.164280,1.164170,1.164220,0
2025.12.01,08:28,1.164240,1.164260,1.164130,1.164160,0
2025.12.01,08:29,1.164180,1.164320,1.164140,1.164240,0
2025.12.01,08:30,1.164240,1.164300,1.164140,1.164170,0
2025.12.01,08:31,1.164180,1.164180,1.163990,1.164150,0
2025.12.01,08:32,1.164140,1.164430,1.164130,1.164280,0
2025.12.01,08:33,1.164280,1.164360,1.164260,1.164280,0
2025.12.01,08:34,1.164280,1.164360,1.164110,1.164170,0
2025.12.01,08:35,1.164190,1.164300,1.164190,1.164210,0
2025.12.01,08:36,1.164220,1.164290,1.164070,1.164080,0
2025.12.01,08:37,1.164080,1.164290,1.164040,1.164250,0
2025.12.01,08:38,1.164250,1.164320,1.164130,1.164260,0
2025.12.01,08:39,1.164250,1.164340,1.164200,1.164240,0
2025.12.01,08:40,1.164250,1.164340,1.164180,1.164330,0
2025.12.01,08:41,1.164350,1.164540,1.164290,1.164510,0
2025.12.01,08:42,1.164510,1.164600,1.164510,1.164590,0
2025.12.01,08:43,1.164590,1.164660,1.164480,1.164650,0
2025.12.01,08:44,1.164700,1.164720,1.164580,1.164640,0
2025.12.01,08:45,1.164620,1.164620,1.164420,1.164470,0
2025.12.01,08:46,1.164490,1.164570,1.164430,1.164560,0
2025.12.01,08:47,1.164560,1.164590,1.164490,1.164580,0
2025.12.01,08:48,1.164570,1.164620,1.164430,1.164550,0
2025.12.01,08:49,1.164570,1.164570,1.164380,1.164470,0
2025.12.01,08:50,1.164480,1.164480,1.164260,1.164370,0
2025.12.01,08:51,1.164380,1.164380,1.164210,1.164260,0
2025.12.01,08:52,1.164250,1.164320,1.164130,1.164160,0
2025.12.01,08:53,1.164170,1.164360,1.164140,1.164320,0
2025.12.01,08:54,1.164310,1.164530,1.164290,1.164500,0
2025.12.01,08:55,1.164520,1.164540,1.164410,1.164540,0
2025.12.01,08:56,1.164540,1.164600,1.164490,1.164520,0
2025.12.01,08:57,1.164510,1.164730,1.164510,1.164730,0
2025.12.01,08:58,1.164720,1.164720,1.164610,1.164610,0
2025.12.01,08:59,1.164610,1.164630,1.164480,1.164480,0
2025.12.01,09:00,1.164480,1.164500,1.164280,1.164360,0
2025.12.01,09:01,1.164360,1.164360,1.164170,1.164220,0
2025.12.01,09:02,1.164230,1.164250,1.164090,1.164200,0
2025.12.01,09:03,1.164180,1.164230,1.164140,1.164200,0
2025.12.01,09:04,1.164190,1.164270,1.163830,1.163880,0
2025.12.01,09:05,1.163850,1.163900,1.163510,1.163600,0
2025.12.01,09:06,1.163570,1.163770,1.163520,1.163760,0
2025.12.01,09:07,1.163770,1.163950,1.163770,1.163940,0
2025.12.01,09:08,1.163920,1.164060,1.163850,1.163850,0
2025.12.01,09:09,1.163860,1.164070,1.163780,1.164070,0
2025.12.01,09:10,1.164050,1.164050,1.163830,1.163860,0
2025.12.01,09:11,1.163860,1.164000,1.163850,1.163970,0
2025.12.01,09:12,1.163950,1.163950,1.163770,1.163900,0
2025.12.01,09:13,1.163940,1.164090,1.163640,1.163670,0
2025.12.01,09:14,1.163650,1.163690,1.163480,1.163550,0
2025.12.01,09:15,1.163570,1.163790,1.163480,1.163720,0
2025.12.01,09:16,1.163690,1.163730,1.163550,1.163630,0
2025.12.01,09:17,1.163620,1.163870,1.163620,1.163780,0
2025.12.01,09:18,1.163800,1.163820,1.163670,1.163710,0
2025.12.01,09:19,1.163740,1.164010,1.163720,1.163980,0
2025.12.01,09:20,1.163970,1.163980,1.163670,1.163670,0
2025.12.01,09:21,1.163680,1.163700,1.163530,1.163540,0
2025.12.01,09:22,1.163540,1.163550,1.163420,1.163480,0
2025.12.01,09:23,1.163470,1.163590,1.163450,1.163520,0
2025.12.01,09:24,1.163500,1.163530,1.163360,1.163530,0
2025.12.01,09:25,1.163520,1.163620,1.163470,1.163520,0
2025.12.01,09:26,1.163530,1.163560,1.163410,1.163470,0
2025.12.01,09:27,1.163500,1.163690,1.163360,1.163650,0
2025.12.01,09:28,1.163630,1.163700,1.163580,1.163600,0
2025.12.01,09:29,1.163610,1.163760,1.163570,1.163690,0
2025.12.01,09:30,1.163710,1.163760,1.163490,1.163540,0
2025.12.01,09:31,1.163560,1.163710,1.163430,1.163630,0
2025.12.01,09:32,1.163620,1.163770,1.163550,1.163670,0
2025.12.01,09:33,1.163690,1.163690,1.163500,1.163580,0
2025.12.01,09:34,1.163590,1.163690,1.163500,1.163510,0
2025.12.01,09:35,1.163510,1.163560,1.163280,1.163280,0
2025.12.01,09:36,1.163280,1.163410,1.163230,1.163270,0
2025.12.01,09:37,1.163260,1.163280,1.163070,1.163130,0
2025.12.01,09:38,1.163130,1.163210,1.163000,1.163040,0
2025.12.01,09:39,1.163050,1.163200,1.163030,1.163190,0
2025.12.01,09:40,1.163170,1.163400,1.163110,1.163300,0
2025.12.01,09:41,1.163290,1.163440,1.163280,1.163440,0
2025.12.01,09:42,1.163450,1.163610,1.163410,1.163610,0
2025.12.01,09:43,1.163620,1.163710,1.163560,1.163560,0
2025.12.01,09:44,1.163580,1.163710,1.163520,1.163530,0
2025.12.01,09:45,1.163510,1.163510,1.163240,1.163350,0
2025.12.01,09:46,1.163340,1.163460,1.163230,1.163460,0
2025.12.01,09:47,1.163450,1.163500,1.163270,1.163280,0
2025.12.01,09:48,1.163270,1.163470,1.163170,1.163450,0
2025.12.01,09:49,1.163430,1.163430,1.163240,1.163340,0
2025.12.01,09:50,1.163330,1.163450,1.163180,1.163400,0
2025.12.01,09:51,1.163400,1.163420,1.163160,1.163200,0
2025.12.01,09:52,1.163210,1.163270,1.163090,1.163180,0
2025.12.01,09:53,1.163190,1.163220,1.163080,1.163130,0
2025.12.01,09:54,1.163150,1.163210,1.163140,1.163170,0
2025.12.01,09:55,1.163160,1.163210,1.163070,1.163090,0
2025.12.01,09:56,1.163100,1.163290,1.163100,1.163290,0
2025.12.01,09:57,1.163290,1.163300,1.163070,1.163070,0
2025.12.01,09:58,1.163040,1.163160,1.163040,1.163150,0
2025.12.01,09:59,1.163150,1.163240,1.163080,1.163190,0
2025.12.01,10:00,1.163260,1.163810,1.163260,1.163650,0
2025.12.01,10:01,1.163620,1.163730,1.163490,1.163530,0
2025.12.01,10:02,1.163520,1.163670,1.163460,1.163600,0
2025.12.01,10:03,1.163600,1.163870,1.163500,1.163730,0
2025.12.01,10:04,1.163710,1.164000,1.163640,1.163770,0
2025.12.01,10:05,1.163780,1.163810,1.163550,1.163710,0
2025.12.01,10:06,1.163700,1.163820,1.163570,1.163800,0
2025.12.01,10:07,1.163810,1.163980,1.163790,1.163940,0
2025.12.01,10:08,1.163960,1.164060,1.163740,1.163790,0
2025.12.01,10:09,1.163780,1.163780,1.163660,1.163760,0
2025.12.01,10:10,1.163760,1.163760,1.163600,1.163710,0
2025.12.01,10:11,1.163710,1.163710,1.163270,1.163390,0
2025.12.01,10:12,1.163400,1.163480,1.163290,1.163470,0
2025.12.01,10:13,1.163460,1.163490,1.163340,1.163350,0
2025.12.01,10:14,1.163340,1.163410,1.163170,1.163310,0
2025.12.01,10:15,1.163290,1.163590,1.163280,1.163510,0
2025.12.01,10:16,1.163500,1.163560,1.163430,1.163430,0
2025.12.01,10:17,1.163430,1.163510,1.163270,1.163380,0
2025.12.01,10:18,1.163410,1.163460,1.163360,1.163440,0
2025.12.01,10:19,1.163430,1.163440,1.163300,1.163380,0
2025.12.01,10:20,1.163390,1.163410,1.163260,1.163320,0
2025.12.01,10:21,1.163310,1.163510,1.163250,1.163470,0
2025.12.01,10:22,1.163460,1.163710,1.163460,1.163610,0
2025.12.01,10:23,1.163630,1.163730,1.163570,1.163610,0
2025.12.01,10:24,1.163620,1.163640,1.163490,1.163590,0
2025.12.01,10:25,1.163570,1.163690,1.163480,1.163480,0
2025.12.01,10:26,1.163480,1.163510,1.163270,1.163280,0
2025.12.01,10:27,1.163300,1.163350,1.163100,1.163120,0
2025.12.01,10:28,1.163130,1.163260,1.163130,1.163230,0
2025.12.01,10:29,1.163210,1.163360,1.163130,1.163330,0
2025.12.01,10:30,1.163320,1.163330,1.163080,1.163120,0
2025.12.01,10:31,1.163110,1.163210,1.163090,1.163170,0
2025.12.01,10:32,1.163200,1.163250,1.162930,1.162980,0
2025.12.01,10:33,1.162970,1.163100,1.162900,1.163030,0
2025.12.01,10:34,1.163030,1.163050,1.162730,1.162790,0
2025.12.01,10:35,1.162780,1.163050,1.162780,1.162980,0
2025.12.01,10:36,1.163000,1.163150,1.162950,1.163140,0
2025.12.01,10:37,1.163150,1.163150,1.162760,1.162810,0
2025.12.01,10:38,1.162810,1.162820,1.162630,1.162660,0
2025.12.01,10:39,1.162680,1.162710,1.162550,1.162550,0
2025.12.01,10:40,1.162550,1.162610,1.162350,1.162380,0
2025.12.01,10:41,1.162360,1.162480,1.162260,1.162480,0
2025.12.01,10:42,1.162480,1.162610,1.162350,1.162390,0
2025.12.01,10:43,1.162390,1.162540,1.162290,1.162520,0
2025.12.01,10:44,1.162510,1.162680,1.162510,1.162670,0
2025.12.01,10:45,1.162650,1.162700,1.162520,1.162670,0
2025.12.01,10:46,1.162660,1.162720,1.162620,1.162680,0
2025.12.01,10:47,1.162700,1.162810,1.162670,1.162800,0
2025.12.01,10:48,1.162780,1.162960,1.162780,1.162880,0
2025.12.01,10:49,1.162880,1.162880,1.162730,1.162840,0
2025.12.01,10:50,1.162830,1.162840,1.162640,1.162780,0
2025.12.01,10:51,1.162770,1.162860,1.162770,1.162790,0
2025.12.01,10:52,1.162790,1.162800,1.162570,1.162570,0
2025.12.01,10:53,1.162580,1.162590,1.162370,1.162400,0
2025.12.01,10:54,1.162390,1.162470,1.162320,1.162470,0
2025.12.01,10:55,1.162470,1.162790,1.162380,1.162760,0
2025.12.01,10:56,1.162750,1.162850,1.162670,1.162780,0
2025.12.01,10:57,1.162770,1.162990,1.162770,1.162980,0
2025.12.01,10:58,1.163000,1.163070,1.162940,1.163050,0
2025.12.01,10:59,1.163030,1.163050,1.162860,1.162870,0
2025.12.01,11:00,1.162890,1.162970,1.162850,1.162880,0
2025.12.01,11:01,1.162880,1.163020,1.162880,1.163010,0
2025.12.01,11:02,1.162980,1.163260,1.162970,1.163260,0
2025.12.01,11:03,1.163250,1.163410,1.163170,1.163400,0
2025.12.01,11:04,1.163390,1.163420,1.163190,1.163300,0
2025.12.01,11:05,1.163320,1.163340,1.163110,1.163110,0
2025.12.01,11:06,1.163120,1.163210,1.163080,1.163160,0
2025.12.01,11:07,1.163160,1.163360,1.163070,1.163330,0
2025.12.01,11:08,1.163310,1.163320,1.163130,1.163180,0
2025.12.01,11:09,1.163170,1.163180,1.162990,1.163010,0
2025.12.01,11:10,1.163000,1.163120,1.162970,1.163070,0
2025.12.01,11:11,1.163050,1.163210,1.163030,1.163160,0
2025.12.01,11:12,1.163140,1.163170,1.163080,1.163140,0
2025.12.01,11:13,1.163120,1.163150,1.162760,1.162800,0
2025.12.01,11:14,1.162810,1.162880,1.162680,1.162740,0
2025.12.01,11:15,1.162750,1.162810,1.162660,1.162800,0
2025.12.01,11:16,1.162820,1.162820,1.162660,1.162720,0
2025.12.01,11:17,1.162710,1.162780,1.162640,1.162780,0
2025.12.01,11:18,1.162760,1.162760,1.162560,1.162620,0
2025.12.01,11:19,1.162580,1.162620,1.162530,1.162580,0
2025.12.01,11:20,1.162560,1.162570,1.162400,1.162450,0
2025.12.01,11:21,1.162470,1.162570,1.162420,1.162500,0
2025.12.01,11:22,1.162510,1.162610,1.162440,1.162590,0
2025.12.01,11:23,1.162600,1.162650,1.162450,1.162560,0
2025.12.01,11:24,1.162560,1.162660,1.162440,1.162440,0
2025.12.01,11:25,1.162430,1.162510,1.162350,1.162500,0
2025.12.01,11:26,1.162490,1.162520,1.162390,1.162410,0
2025.12.01,11:27,1.162400,1.162400,1.162180,1.162190,0
2025.12.01,11:28,1.162200,1.162270,1.162180,1.162260,0
2025.12.01,11:29,1.162250,1.162400,1.162210,1.162400,0
2025.12.01,11:30,1.162390,1.162480,1.162300,1.162380,0
2025.12.01,11:31,1.162370,1.162510,1.162370,1.162510,0
2025.12.01,11:32,1.162490,1.162510,1.162420,1.162440,0
2025.12.01,11:33,1.162440,1.162570,1.162390,1.162570,0
2025.12.01,11:34,1.162560,1.162580,1.162410,1.162430,0
2025.12.01,11:35,1.162430,1.162680,1.162430,1.162600,0
2025.12.01,11:36,1.162590,1.162590,1.162500,1.162560,0
2025.12.01,11:37,1.162540,1.162560,1.162280,1.162280,0
2025.12.01,11:38,1.162300,1.162390,1.162280,1.162320,0
2025.12.01,11:39,1.162310,1.162380,1.162270,1.162360,0
2025.12.01,11:40,1.162350,1.162400,1.162290,1.162400,0
2025.12.01,11:41,1.162420,1.162460,1.162340,1.162340,0
2025.12.01,11:42,1.162360,1.162510,1.162230,1.162300,0
2025.12.01,11:43,1.162290,1.162390,1.162250,1.162390,0
2025.12.01,11:44,1.162390,1.162500,1.162360,1.162460,0
2025.12.01,11:45,1.162440,1.162470,1.162320,1.162360,0
2025.12.01,11:46,1.162370,1.162370,1.162160,1.162270,0
2025.12.01,11:47,1.162260,1.162270,1.162150,1.162160,0
2025.12.01,11:48,1.162160,1.162300,1.162160,1.162220,0
2025.12.01,11:49,1.162240,1.162360,1.162240,1.162330,0
2025.12.01,11:50,1.162330,1.162430,1.162330,1.162420,0
2025.12.01,11:51,1.162430,1.162460,1.162170,1.162200,0
2025.12.01,11:52,1.162210,1.162220,1.162130,1.162190,0
2025.12.01,11:53,1.162220,1.162230,1.162160,1.162200,0
2025.12.01,11:54,1.162220,1.162230,1.162130,1.162180,0
2025.12.01,11:55,1.162160,1.162360,1.162150,1.162320,0
2025.12.01,11:56,1.162310,1.162380,1.162210,1.162340,0
2025.12.01,11:57,1.162330,1.162350,1.162200,1.162200,0
2025.12.01,11:58,1.162220,1.162240,1.162080,1.162220,0
2025.12.01,11:59,1.162210,1.162320,1.162190,1.162270,0
2025.12.01,12:00,1.162260,1.162360,1.162220,1.162350,0
2025.12.01,12:01,1.162350,1.162410,1.162340,1.162410,0
2025.12.01,12:02,1.162410,1.162460,1.162340,1.162340,0
2025.12.01,12:03,1.162330,1.162370,1.162310,1.162330,0
2025.12.01,12:04,1.162340,1.162390,1.162310,1.162350,0
2025.12.01,12:05,1.162390,1.162450,1.162370,1.162390,0
2025.12.01,12:06,1.162370,1.162390,1.162270,1.162330,0
2025.12.01,12:07,1.162350,1.162380,1.162340,1.162350,0
2025.12.01,12:08,1.162330,1.162340,1.162180,1.162240,0
2025.12.01,12:09,1.162240,1.162250,1.162140,1.162150,0
2025.12.01,12:10,1.162130,1.162180,1.162060,1.162180,0
2025.12.01,12:11,1.162160,1.162390,1.162160,1.162330,0
2025.12.01,12:12,1.162350,1.162350,1.162170,1.162180,0
2025.12.01,12:13,1.162180,1.162190,1.162100,1.162100,0
2025.12.01,12:14,1.162100,1.162130,1.162090,1.162110,0
2025.12.01,12:15,1.162100,1.162160,1.162080,1.162160,0
2025.12.01,12:16,1.162180,1.162220,1.162170,1.162200,0
2025.12.01,12:17,1.162190,1.162310,1.162190,1.162230,0
2025.12.01,12:18,1.162230,1.162290,1.162160,1.162270,0
2025.12.01,12:19,1.162290,1.162310,1.162230,1.162300,0
2025.12.01,12:20,1.162300,1.162320,1.162220,1.162250,0
2025.12.01,12:21,1.162250,1.162360,1.162200,1.162330,0
2025.12.01,12:22,1.162340,1.162410,1.162300,1.162350,0
2025.12.01,12:23,1.162330,1.162360,1.162290,1.162300,0
2025.12.01,12:24,1.162290,1.162290,1.162250,1.162260,0
2025.12.01,12:25,1.162230,1.162300,1.162230,1.162290,0
2025.12.01,12:26,1.162290,1.162300,1.162200,1.162210,0
2025.12.01,12:27,1.162200,1.162440,1.162190,1.162400,0
2025.12.01,12:28,1.162400,1.162600,1.162400,1.162600,0
2025.12.01,12:29,1.162590,1.162660,1.162550,1.162660,0
2025.12.01,12:30,1.162660,1.162710,1.162650,1.162670,0
2025.12.01,12:31,1.162680,1.162770,1.162650,1.162770,0
2025.12.01,12:32,1.162750,1.162790,1.162690,1.162710,0
2025.12.01,12:33,1.162730,1.162800,1.162730,1.162760,0
2025.12.01,12:34,1.162750,1.162770,1.162710,1.162710,0
2025.12.01,12:35,1.162730,1.162760,1.162650,1.162660,0
2025.12.01,12:36,1.162690,1.162780,1.162660,1.162770,0
2025.12.01,12:37,1.162760,1.162760,1.162750,1.162750,0
2025.12.01,12:38,1.162770,1.162840,1.162720,1.162840,0
2025.12.01,12:39,1.162840,1.162870,1.162810,1.162860,0
2025.12.01,12:40,1.162840,1.162840,1.162690,1.162780,0
2025.12.01,12:41,1.162760,1.162800,1.162690,1.162800,0
2025.12.01,12:42,1.162800,1.162800,1.162750,1.162800,0
2025.12.01,12:43,1.162770,1.162770,1.162610,1.162610,0
2025.12.01,12:44,1.162610,1.162670,1.162570,1.162670,0
2025.12.01,12:45,1.162650,1.162650,1.162540,1.162540,0
2025.12.01,12:46,1.162520,1.162540,1.162450,1.162450,0
2025.12.01,12:47,1.162440,1.162440,1.162330,1.162340,0
2025.12.01,12:48,1.162340,1.162460,1.162340,1.162450,0
2025.12.01,12:49,1.162450,1.162450,1.162390,1.162430,0
2025.12.01,12:50,1.162440,1.162440,1.162250,1.162260,0
2025.12.01,12:51,1.162280,1.162280,1.161870,1.161930,0
2025.12.01,12:52,1.161930,1.161980,1.161780,1.161950,0
2025.12.01,12:53,1.161940,1.162110,1.161880,1.162070,0
2025.12.01,12:54,1.162050,1.162070,1.161960,1.162050,0
2025.12.01,12:55,1.162040,1.162040,1.161910,1.161990,0
2025.12.01,12:56,1.162000,1.162010,1.161960,1.161960,0
2025.12.01,12:57,1.161970,1.162180,1.161970,1.162040,0
2025.12.01,12:58,1.162030,1.162090,1.162020,1.162090,0
2025.12.01,12:59,1.162070,1.162150,1.162060,1.162060,0
2025.12.01,13:00,1.162060,1.162100,1.161860,1.161970,0
2025.12.01,13:01,1.162000,1.162090,1.161990,1.162090,0
2025.12.01,13:02,1.162090,1.162140,1.161990,1.162140,0
2025.12.01,13:03,1.162150,1.162210,1.162100,1.162200,0
2025.12.01,13:04,1.162200,1.162250,1.162180,1.162190,0
2025.12.01,13:05,1.162190,1.162310,1.162180,1.162210,0
2025.12.01,13:06,1.162210,1.162340,1.162210,1.162310,0
2025.12.01,13:07,1.162310,1.162310,1.162240,1.162300,0
2025.12.01,13:08,1.162310,1.162320,1.162210,1.162220,0
2025.12.01,13:09,1.162220,1.162260,1.162170,1.162180,0
2025.12.01,13:10,1.162180,1.162190,1.162140,1.162160,0
2025.12.01,13:11,1.162170,1.162170,1.162020,1.162140,0
2025.12.01,13:12,1.162120,1.162130,1.162080,1.162120,0
2025.12.01,13:13,1.162130,1.162150,1.162030,1.162050,0
2025.12.01,13:14,1.162050,1.162120,1.162050,1.162120,0
2025.12.01,13:15,1.162110,1.162110,1.162040,1.162070,0
2025.12.01,13:16,1.162060,1.162130,1.162060,1.162090,0
2025.12.01,13:17,1.162110,1.162110,1.161960,1.161970,0
2025.12.01,13:18,1.161950,1.161980,1.161950,1.161980,0
2025.12.01,13:19,1.161980,1.161980,1.161900,1.161940,0
2025.12.01,13:20,1.161940,1.161940,1.161770,1.161800,0
2025.12.01,13:21,1.161830,1.161870,1.161700,1.161770,0
2025.12.01,13:22,1.161760,1.161760,1.161630,1.161630,0
2025.12.01,13:23,1.161640,1.161640,1.161400,1.161400,0
2025.12.01,13:24,1.161390,1.161400,1.161230,1.161390,0
2025.12.01,13:25,1.161370,1.161440,1.161340,1.161400,0
2025.12.01,13:26,1.161390,1.161410,1.161360,1.161390,0
2025.12.01,13:27,1.161390,1.161400,1.161330,1.161360,0
2025.12.01,13:28,1.161350,1.161360,1.161250,1.161320,0
2025.12.01,13:29,1.161350,1.161410,1.161340,1.161350,0
2025.12.01,13:30,1.161330,1.161440,1.161260,1.161280,0
2025.12.01,13:31,1.161280,1.161290,1.161210,1.161240,0
2025.12.01,13:32,1.161230,1.161400,1.161220,1.161400,0
2025.12.01,13:33,1.161410,1.161450,1.161340,1.161350,0
2025.12.01,13:34,1.161350,1.161410,1.161340,1.161400,0
2025.12.01,13:35,1.161390,1.161410,1.161370,1.161370,0
2025.12.01,13:36,1.161380,1.161470,1.161380,1.161410,0
2025.12.01,13:37,1.161400,1.161440,1.161340,1.161400,0
2025.12.01,13:38,1.161430,1.161450,1.161390,1.161400,0
2025.12.01,13:39,1.161400,1.161470,1.161400,1.161440,0
2025.12.01,13:40,1.161450,1.161460,1.161400,1.161430,0
2025.12.01,13:41,1.161420,1.161480,1.161410,1.161450,0
2025.12.01,13:42,1.161460,1.161470,1.161400,1.161410,0
2025.12.01,13:43,1.161400,1.161430,1.161370,1.161410,0
2025.12.01,13:44,1.161420,1.161430,1.161360,1.161410,0
2025.12.01,13:45,1.161410,1.161440,1.161330,1.161430,0
2025.12.01,13:46,1.161440,1.161470,1.161270,1.161280,0
2025.12.01,13:47,1.161260,1.161310,1.161180,1.161230,0
2025.12.01,13:48,1.161250,1.161290,1.161180,1.161230,0
2025.12.01,13:49,1.161220,1.161240,1.161180,1.161200,0
2025.12.01,13:50,1.161220,1.161300,1.161220,1.161300,0
2025.12.01,13:51,1.161310,1.161380,1.161310,1.161380,0
2025.12.01,13:52,1.161360,1.161360,1.161240,1.161240,0
2025.12.01,13:53,1.161250,1.161290,1.161240,1.161260,0
2025.12.01,13:54,1.161280,1.161440,1.161280,1.161420,0
2025.12.01,13:55,1.161420,1.161490,1.161290,1.161310,0
2025.12.01,13:56,1.161290,1.161330,1.161260,1.161310,0
2025.12.01,13:57,1.161320,1.161320,1.161210,1.161220,0
2025.12.01,13:58,1.161210,1.161250,1.161200,1.161220,0
2025.12.01,13:59,1.161210,1.161230,1.161160,1.161190,0
2025.12.01,14:00,1.161170,1.161210,1.161140,1.161150,0
2025.12.01,14:01,1.161130,1.161150,1.161110,1.161150,0
2025.12.01,14:02,1.161150,1.161190,1.161140,1.161180,0
2025.12.01,14:03,1.161190,1.161220,1.161150,1.161210,0
2025.12.01,14:04,1.161190,1.161220,1.161160,1.161170,0
2025.12.01,14:05,1.161160,1.161190,1.161150,1.161160,0
2025.12.01,14:06,1.161160,1.161160,1.161060,1.161080,0
2025.12.01,14:07,1.161070,1.161090,1.161050,1.161060,0
2025.12.01,14:08,1.161050,1.161060,1.160970,1.161000,0
2025.12.01,14:09,1.160990,1.161000,1.160970,1.160980,0
2025.12.01,14:10,1.160990,1.161010,1.160950,1.160970,0
2025.12.01,14:11,1.160970,1.161010,1.160870,1.160880,0
2025.12.01,14:12,1.160870,1.160880,1.160810,1.160840,0
2025.12.01,14:13,1.160860,1.160860,1.160790,1.160810,0
2025.12.01,14:14,1.160820,1.160920,1.160770,1.160900,0
2025.12.01,14:15,1.160910,1.160920,1.160810,1.160850,0
2025.12.01,14:16,1.160860,1.160860,1.160760,1.160850,0
2025.12.01,14:17,1.160830,1.160870,1.160810,1.160840,0
2025.12.01,14:18,1.160870,1.160880,1.160790,1.160790,0
2025.12.01,14:19,1.160760,1.160870,1.160760,1.160860,0
2025.12.01,14:20,1.160880,1.160880,1.160860,1.160860,0
2025.12.01,14:21,1.160880,1.160890,1.160760,1.160760,0
2025.12.01,14:22,1.160760,1.160860,1.160740,1.160860,0
2025.12.01,14:23,1.160870,1.160870,1.160830,1.160830,0
2025.12.01,14:24,1.160840,1.160840,1.160750,1.160750,0
2025.12.01,14:25,1.160770,1.160880,1.160760,1.160830,0
2025.12.01,14:26,1.160850,1.160860,1.160780,1.160780,0
2025.12.01,14:27,1.160770,1.160800,1.160730,1.160740,0
2025.12.01,14:28,1.160730,1.160750,1.160700,1.160720,0
2025.12.01,14:29,1.160710,1.160800,1.160710,1.160780,0
2025.12.01,14:30,1.160780,1.160790,1.160730,1.160730,0
2025.12.01,14:31,1.160740,1.160760,1.160720,1.160720,0
2025.12.01,14:32,1.160730,1.160840,1.160700,1.160800,0
2025.12.01,14:33,1.160800,1.160810,1.160800,1.160800,0
2025.12.01,14:34,1.160800,1.160800,1.160760,1.160790,0
2025.12.01,14:35,1.160810,1.160810,1.160790,1.160790,0
2025.12.01,14:36,1.160770,1.160900,1.160770,1.160900,0
2025.12.01,14:37,1.160910,1.160980,1.160910,1.160940,0
2025.12.01,14:38,1.160930,1.160970,1.160860,1.160870,0
2025.12.01,14:39,1.160890,1.160890,1.160830,1.160850,0
2025.12.01,14:40,1.160870,1.160870,1.160770,1.160790,0
2025.12.01,14:41,1.160790,1.160850,1.160790,1.160850,0
2025.12.01,14:42,1.160830,1.160890,1.160810,1.160830,0
2025.12.01,14:43,1.160810,1.160840,1.160770,1.160810,0
2025.12.01,14:44,1.160800,1.160810,1.160770,1.160800,0
2025.12.01,14:45,1.160790,1.160830,1.160790,1.160810,0
2025.12.01,14:46,1.160820,1.160930,1.160810,1.160920,0
2025.12.01,14:47,1.160940,1.160960,1.160930,1.160960,0
2025.12.01,14:48,1.160960,1.160960,1.160920,1.160920,0
2025.12.01,14:49,1.160910,1.160920,1.160830,1.160840,0
2025.12.01,14:50,1.160850,1.160900,1.160840,1.160840,0
2025.12.01,14:51,1.160870,1.160920,1.160830,1.160890,0
2025.12.01,14:52,1.160890,1.160960,1.160880,1.160930,0
2025.12.01,14:53,1.160920,1.160920,1.160870,1.160870,0
2025.12.01,14:54,1.160890,1.160900,1.160870,1.160890,0
2025.12.01,14:55,1.160870,1.160870,1.160800,1.160800,0
2025.12.01,14:56,1.160780,1.160810,1.160750,1.160780,0
2025.12.01,14:57,1.160790,1.160880,1.160790,1.160830,0
2025.12.01,14:58,1.160840,1.160860,1.160750,1.160770,0
2025.12.01,14:59,1.160760,1.160890,1.160740,1.160830,0
2025.12.01,15:00,1.160850,1.160980,1.160850,1.160940,0
2025.12.01,15:01,1.160950,1.160970,1.160930,1.160940,0
2025.12.01,15:02,1.160930,1.160940,1.160870,1.160930,0
2025.12.01,15:03,1.160930,1.161000,1.160920,1.160930,0
2025.12.01,15:04,1.160920,1.160940,1.160880,1.160880,0
2025.12.01,15:05,1.160890,1.160910,1.160820,1.160820,0
2025.12.01,15:06,1.160850,1.160850,1.160800,1.160800,0
2025.12.01,15:07,1.160810,1.160810,1.160750,1.160780,0
2025.12.01,15:08,1.160790,1.160820,1.160780,1.160800,0
2025.12.01,15:09,1.160820,1.160830,1.160800,1.160820,0
2025.12.01,15:10,1.160810,1.160910,1.160810,1.160860,0
2025.12.01,15:11,1.160860,1.160880,1.160860,1.160880,0
2025.12.01,15:12,1.160870,1.160930,1.160870,1.160920,0
2025.12.01,15:13,1.160920,1.160930,1.160890,1.160890,0
2025.12.01,15:14,1.160880,1.160970,1.160880,1.160960,0
2025.12.01,15:15,1.160950,1.160950,1.160880,1.160880,0
2025.12.01,15:16,1.160880,1.160890,1.160850,1.160890,0
2025.12.01,15:17,1.160880,1.160910,1.160850,1.160860,0
2025.12.01,15:18,1.160880,1.160930,1.160860,1.160920,0
2025.12.01,15:19,1.160900,1.160940,1.160770,1.160780,0
2025.12.01,15:20,1.160770,1.160860,1.160740,1.160850,0
2025.12.01,15:21,1.160840,1.160850,1.160790,1.160830,0
2025.12.01,15:22,1.160820,1.160840,1.160790,1.160820,0
2025.12.01,15:23,1.160810,1.160890,1.160800,1.160830,0
2025.12.01,15:24,1.160850,1.160870,1.160830,1.160860,0
2025.12.01,15:25,1.160880,1.160910,1.160870,1.160890,0
2025.12.01,15:26,1.160900,1.160910,1.160860,1.160860,0
2025.12.01,15:27,1.160850,1.160860,1.160790,1.160800,0
2025.12.01,15:28,1.160790,1.160790,1.160750,1.160760,0
2025.12.01,15:29,1.160770,1.160800,1.160740,1.160740,0
2025.12.01,15:30,1.160740,1.160740,1.160660,1.160680,0
2025.12.01,15:31,1.160680,1.160680,1.160630,1.160660,0
2025.12.01,15:32,1.160680,1.160770,1.160680,1.160750,0
2025.12.01,15:33,1.160760,1.160790,1.160760,1.160770,0
2025.12.01,15:34,1.160790,1.160840,1.160780,1.160840,0
2025.12.01,15:35,1.160850,1.160860,1.160810,1.160820,0
2025.12.01,15:36,1.160800,1.160850,1.160790,1.160800,0
2025.12.01,15:37,1.160800,1.160820,1.160790,1.160790,0
2025.12.01,15:38,1.160800,1.160840,1.160800,1.160820,0
2025.12.01,15:39,1.160830,1.160830,1.160790,1.160810,0
2025.12.01,15:40,1.160800,1.160820,1.160750,1.160770,0
2025.12.01,15:41,1.160750,1.160780,1.160740,1.160750,0
2025.12.01,15:42,1.160740,1.160780,1.160740,1.160780,0
2025.12.01,15:43,1.160790,1.160850,1.160790,1.160840,0
2025.12.01,15:44,1.160840,1.160870,1.160840,1.160850,0
2025.12.01,15:45,1.160830,1.160850,1.160820,1.160820,0
2025.12.01,15:46,1.160840,1.160860,1.160830,1.160840,0
2025.12.01,15:47,1.160860,1.160890,1.160860,1.160880,0
2025.12.01,15:48,1.160880,1.160920,1.160880,1.160890,0
2025.12.01,15:49,1.160880,1.160880,1.160870,1.160870,0
2025.12.01,15:50,1.160880,1.160880,1.160840,1.160840,0
2025.12.01,15:51,1.160840,1.160870,1.160830,1.160860,0
2025.12.01,15:52,1.160880,1.160920,1.160880,1.160900,0
2025.12.01,15:53,1.160900,1.160930,1.160890,1.160910,0
2025.12.01,15:54,1.160920,1.160930,1.160900,1.160920,0
2025.12.01,15:55,1.160920,1.160930,1.160880,1.160920,0
2025.12.01,15:56,1.160920,1.160960,1.160900,1.160950,0
2025.12.01,15:57,1.160940,1.160950,1.160910,1.160920,0
2025.12.01,15:58,1.160910,1.160910,1.160850,1.160860,0
2025.12.01,15:59,1.160840,1.160950,1.160830,1.160920,0
2025.12.01,16:00,1.160950,1.160980,1.160920,1.160960,0
2025.12.01,16:01,1.160960,1.160990,1.160950,1.160990,0
2025.12.01,16:02,1.160990,1.161050,1.160980,1.161030,0
2025.12.01,16:03,1.161040,1.161040,1.160980,1.160980,0
2025.12.01,16:04,1.160990,1.161030,1.160970,1.160990,0
2025.12.01,16:05,1.161040,1.161040,1.160980,1.160980,0
2025.12.01,16:06,1.160990,1.160990,1.160970,1.160970,0
2025.12.01,16:07,1.160980,1.160990,1.160980,1.160980,0
2025.12.01,16:08,1.160990,1.161060,1.160990,1.161000,0
2025.12.01,16:09,1.161020,1.161050,1.161020,1.161040,0
2025.12.01,16:10,1.161050,1.161050,1.161040,1.161040,0
2025.12.01,16:11,1.161010,1.161020,1.161010,1.161020,0
2025.12.01,16:12,1.161010,1.161040,1.160950,1.160960,0
2025.12.01,16:13,1.160950,1.160990,1.160950,1.160990,0
2025.12.01,16:14,1.160980,1.161050,1.160940,1.161050,0
2025.12.01,16:15,1.161050,1.161080,1.161040,1.161060,0
2025.12.01,16:16,1.161060,1.161060,1.161020,1.161020,0
2025.12.01,16:17,1.161040,1.161040,1.161030,1.161040,0
2025.12.01,16:18,1.161020,1.161050,1.161020,1.161030,0
2025.12.01,16:19,1.161020,1.161050,1.160990,1.161020,0
2025.12.01,16:20,1.161030,1.161030,1.160960,1.161010,0
2025.12.01,16:21,1.161020,1.161030,1.161020,1.161030,0
2025.12.01,16:22,1.161040,1.161050,1.161030,1.161030,0
2025.12.01,16:23,1.161040,1.161070,1.161040,1.161070,0
2025.12.01,16:24,1.161070,1.161070,1.161030,1.161050,0
2025.12.01,16:25,1.161050,1.161050,1.161030,1.161030,0
2025.12.01,16:26,1.161040,1.161050,1.161040,1.161050,0
2025.12.01,16:27,1.161060,1.161060,1.161040,1.161050,0
2025.12.01,16:29,1.161040,1.161060,1.161010,1.161020,0
2025.12.01,16:30,1.161030,1.161050,1.161020,1.161050,0
2025.12.01,16:31,1.161040,1.161050,1.161040,1.161050,0
2025.12.01,16:32,1.161040,1.161060,1.161030,1.161030,0
2025.12.01,16:33,1.160980,1.160980,1.160930,1.160940,0
2025.12.01,16:34,1.160940,1.160940,1.160890,1.160890,0
2025.12.01,16:35,1.160910,1.160910,1.160870,1.160870,0
2025.12.01,16:36,1.160880,1.160880,1.160770,1.160770,0
2025.12.01,16:38,1.160770,1.160780,1.160770,1.160780,0
2025.12.01,16:39,1.160770,1.160820,1.160770,1.160820,0
2025.12.01,16:40,1.160820,1.160820,1.160780,1.160780,0
2025.12.01,16:42,1.160790,1.160790,1.160770,1.160770,0
2025.12.01,16:43,1.160770,1.160770,1.160770,1.160770,0
2025.12.01,16:44,1.160790,1.160790,1.160780,1.160780,0
2025.12.01,16:45,1.160790,1.160890,1.160790,1.160880,0
2025.12.01,16:46,1.160900,1.160930,1.160860,1.160920,0
2025.12.01,16:47,1.160920,1.160930,1.160870,1.160870,0
2025.12.01,16:48,1.160880,1.160880,1.160850,1.160850,0
2025.12.01,16:49,1.160820,1.160840,1.160810,1.160820,0
2025.12.01,16:50,1.160840,1.160940,1.160840,1.160940,0
2025.12.01,16:51,1.160920,1.160940,1.160920,1.160930,0
2025.12.01,16:52,1.160910,1.160980,1.160910,1.160980,0
2025.12.01,16:53,1.160970,1.160970,1.160970,1.160970,0
2025.12.01,16:54,1.160960,1.160960,1.160930,1.160940,0
2025.12.01,16:55,1.160940,1.160950,1.160890,1.160900,0
2025.12.01,16:56,1.160910,1.160940,1.160880,1.160880,0
2025.12.01,16:57,1.160890,1.160890,1.160790,1.160790,0
2025.12.01,16:58,1.160800,1.160880,1.160790,1.160870,0
2025.12.01,16:59,1.160870,1.160950,1.160870,1.160920,0
2025.12.01,17:00,1.160890,1.160890,1.160760,1.160860,0
2025.12.01,17:01,1.160790,1.160800,1.160790,1.160800,0
2025.12.01,17:02,1.160800,1.160800,1.160800,1.160800,0
2025.12.01,17:03,1.160800,1.160800,1.160800,1.160800,0
2025.12.01,17:04,1.160800,1.160800,1.160800,1.160800,0
2025.12.01,17:05,1.160800,1.160800,1.160800,1.160800,0
2025.12.01,17:06,1.160800,1.160800,1.160800,1.160800,0
2025.12.01,17:07,1.160800,1.160800,1.160700,1.160770,0
2025.12.01,17:08,1.160760,1.160760,1.160760,1.160760,0
2025.12.01,17:09,1.160760,1.160760,1.160760,1.160760,0
2025.12.01,17:10,1.160770,1.160770,1.160760,1.160760,0
2025.12.01,17:11,1.160770,1.160770,1.160700,1.160700,0
2025.12.01,17:12,1.160700,1.160700,1.160700,1.160700,0
2025.12.01,17:13,1.160700,1.160700,1.160700,1.160700,0
2025.12.01,17:14,1.160680,1.160680,1.160670,1.160670,0
2025.12.01,17:16,1.160660,1.160660,1.160660,1.160660,0
2025.12.01,17:17,1.160660,1.160670,1.160660,1.160670,0
2025.12.01,17:19,1.160670,1.160690,1.160670,1.160670,0
2025.12.01,17:20,1.160680,1.160690,1.160670,1.160670,0
2025.12.01,17:21,1.160660,1.160680,1.160660,1.160660,0
2025.12.01,17:22,1.160680,1.160700,1.160660,1.160660,0
2025.12.01,17:23,1.160670,1.160700,1.160670,1.160700,0
2025.12.01,17:24,1.160700,1.160720,1.160690,1.160720,0
2025.12.01,17:25,1.160720,1.160730,1.160690,1.160710,0
2025.12.01,17:26,1.160700,1.160730,1.160700,1.160720,0
2025.12.01,17:27,1.160720,1.160720,1.160720,1.160720,0
2025.12.01,17:28,1.160710,1.160750,1.160710,1.160750,0
2025.12.01,17:29,1.160740,1.160750,1.160730,1.160750,0
2025.12.01,17:30,1.160760,1.160760,1.160710,1.160710,0
2025.12.01,17:31,1.160720,1.160740,1.160710,1.160710,0
2025.12.01,17:32,1.160730,1.160730,1.160710,1.160710,0
2025.12.01,17:33,1.160740,1.160790,1.160730,1.160790,0
2025.12.01,17:34,1.160780,1.160790,1.160750,1.160750,0
2025.12.01,17:35,1.160760,1.160790,1.160750,1.160790,0
2025.12.01,17:36,1.160780,1.160790,1.160780,1.160790,0
2025.12.01,17:37,1.160750,1.160820,1.160750,1.160810,0
2025.12.01,17:38,1.160800,1.160800,1.160800,1.160800,0
2025.12.01,17:39,1.160810,1.160820,1.160810,1.160820,0
2025.12.01,17:40,1.160810,1.160840,1.160810,1.160840,0
2025.12.01,17:41,1.160840,1.160840,1.160830,1.160840,0
2025.12.01,17:42,1.160830,1.160850,1.160820,1.160850,0
2025.12.01,17:43,1.160830,1.160860,1.160830,1.160840,0
2025.12.01,17:44,1.160830,1.160860,1.160830,1.160860,0
2025.12.01,17:45,1.160850,1.160860,1.160850,1.160850,0
2025.12.01,17:46,1.160850,1.160850,1.160850,1.160850,0
2025.12.01,17:47,1.160850,1.160850,1.160850,1.160850,0
2025.12.01,17:48,1.160850,1.160860,1.160850,1.160860,0
2025.12.01,17:49,1.160850,1.160850,1.160850,1.160850,0
2025.12.01,17:51,1.160860,1.160860,1.160850,1.160850,0
2025.12.01,17:52,1.160860,1.160870,1.160860,1.160860,0
2025.12.01,17:53,1.160860,1.160860,1.160850,1.160850,0
2025.12.01,17:54,1.160850,1.160880,1.160850,1.160870,0
2025.12.01,17:55,1.160860,1.160870,1.160850,1.160860,0
2025.12.01,17:56,1.160850,1.160860,1.160840,1.160850,0
2025.12.01,17:57,1.160840,1.160850,1.160790,1.160790,0
2025.12.01,17:58,1.160790,1.160830,1.160790,1.160820,0
2025.12.01,17:59,1.160810,1.160880,1.160770,1.160790,0
2025.12.01,18:00,1.160780,1.160910,1.160780,1.160800,0
2025.12.01,18:01,1.160810,1.160830,1.160800,1.160810,0
2025.12.01,18:02,1.160830,1.160870,1.160810,1.160860,0
2025.12.01,18:03,1.160850,1.160950,1.160830,1.160950,0
2025.12.01,18:04,1.160940,1.160940,1.160930,1.160930,0
2025.12.01,18:05,1.160930,1.160940,1.160920,1.160920,0
2025.12.01,18:06,1.160910,1.160930,1.160890,1.160890,0
2025.12.01,18:07,1.160890,1.160890,1.160870,1.160870,0
2025.12.01,18:08,1.160880,1.160880,1.160850,1.160850,0
2025.12.01,18:09,1.160860,1.160890,1.160860,1.160890,0
2025.12.01,18:10,1.160900,1.160940,1.160890,1.160890,0
2025.12.01,18:11,1.160900,1.160940,1.160900,1.160910,0
2025.12.01,18:13,1.160930,1.160940,1.160910,1.160940,0
2025.12.01,18:14,1.160960,1.160980,1.160950,1.160980,0
2025.12.01,18:15,1.160990,1.161010,1.160960,1.160960,0
2025.12.01,18:16,1.160950,1.160950,1.160950,1.160950,0
2025.12.01,18:17,1.160920,1.160920,1.160900,1.160900,0
2025.12.01,18:18,1.160900,1.160900,1.160900,1.160900,0
2025.12.01,18:19,1.160910,1.160910,1.160910,1.160910,0
2025.12.01,18:20,1.160920,1.160920,1.160900,1.160900,0
2025.12.01,18:22,1.160870,1.160880,1.160870,1.160870,0
2025.12.01,18:23,1.160860,1.160860,1.160840,1.160840,0
2025.12.01,18:24,1.160850,1.160850,1.160850,1.160850,0
2025.12.01,18:25,1.160820,1.160820,1.160790,1.160790,0
2025.12.01,18:26,1.160800,1.160800,1.160800,1.160800,0
2025.12.01,18:27,1.160790,1.160790,1.160790,1.160790,0
2025.12.01,18:28,1.160800,1.160810,1.160800,1.160800,0
2025.12.01,18:29,1.160800,1.160850,1.160800,1.160850,0
2025.12.01,18:30,1.160850,1.160850,1.160790,1.160820,0
2025.12.01,18:31,1.160810,1.160830,1.160810,1.160820,0
2025.12.01,18:32,1.160810,1.160810,1.160800,1.160800,0
2025.12.01,18:33,1.160830,1.160860,1.160820,1.160820,0
2025.12.01,18:35,1.160850,1.160870,1.160810,1.160810,0
2025.12.01,18:36,1.160820,1.160820,1.160800,1.160820,0
2025.12.01,18:37,1.160810,1.160820,1.160810,1.160810,0
2025.12.01,18:38,1.160840,1.160870,1.160840,1.160870,0
2025.12.01,18:39,1.160890,1.160890,1.160870,1.160870,0
2025.12.01,18:40,1.160860,1.160880,1.160830,1.160830,0
2025.12.01,18:41,1.160840,1.160840,1.160780,1.160790,0
2025.12.01,18:42,1.160780,1.160780,1.160780,1.160780,0
2025.12.01,18:43,1.160800,1.160800,1.160800,1.160800,0
2025.12.01,18:44,1.160810,1.160810,1.160790,1.160790,0
2025.12.01,18:45,1.160780,1.160800,1.160750,1.160800,0
2025.12.01,18:46,1.160790,1.160790,1.160790,1.160790,0
2025.12.01,18:47,1.160760,1.160760,1.160760,1.160760,0
2025.12.01,18:48,1.160770,1.160770,1.160750,1.160760,0
2025.12.01,18:49,1.160770,1.160790,1.160770,1.160790,0
2025.12.01,18:50,1.160790,1.160800,1.160760,1.160790,0
2025.12.01,18:51,1.160810,1.160810,1.160770,1.160770,0
2025.12.01,18:52,1.160790,1.160790,1.160760,1.160790,0
2025.12.01,18:53,1.160780,1.160780,1.160760,1.160780,0
2025.12.01,18:54,1.160770,1.160770,1.160770,1.160770,0
2025.12.01,18:55,1.160760,1.160760,1.160750,1.160750,0
2025.12.01,18:56,1.160740,1.160740,1.160740,1.160740,0
2025.12.01,18:57,1.160740,1.160740,1.160680,1.160680,0
2025.12.01,18:58,1.160680,1.160700,1.160680,1.160700,0
2025.12.01,18:59,1.160690,1.160700,1.160650,1.160660,0
2025.12.01,19:00,1.160690,1.160710,1.160660,1.160690,0
2025.12.01,19:01,1.160700,1.160810,1.160700,1.160810,0
2025.12.01,19:02,1.160820,1.160910,1.160810,1.160910,0
2025.12.01,19:03,1.160910,1.160930,1.160860,1.160860,0
2025.12.01,19:04,1.160860,1.160860,1.160830,1.160850,0
2025.12.01,19:05,1.160840,1.160900,1.160830,1.160850,0
2025.12.01,19:06,1.160860,1.160930,1.160820,1.160820,0
2025.12.01,19:07,1.160840,1.160840,1.160760,1.160780,0
2025.12.01,19:08,1.160770,1.160800,1.160760,1.160800,0
2025.12.01,19:09,1.160800,1.160820,1.160760,1.160760,0
2025.12.01,19:10,1.160780,1.160810,1.160760,1.160800,0
2025.12.01,19:11,1.160820,1.160860,1.160820,1.160830,0
2025.12.01,19:12,1.160820,1.160820,1.160760,1.160770,0
2025.12.01,19:13,1.160770,1.160770,1.160770,1.160770,0
2025.12.01,19:14,1.160780,1.160780,1.160730,1.160770,0
2025.12.01,19:15,1.160740,1.160740,1.160730,1.160740,0
2025.12.01,19:16,1.160730,1.160730,1.160680,1.160690,0
2025.12.01,19:17,1.160690,1.160700,1.160630,1.160640,0
2025.12.01,19:18,1.160640,1.160670,1.160610,1.160650,0
2025.12.01,19:19,1.160660,1.160660,1.160610,1.160630,0
2025.12.01,19:20,1.160620,1.160620,1.160560,1.160600,0
2025.12.01,19:21,1.160620,1.160620,1.160540,1.160550,0
2025.12.01,19:22,1.160580,1.160580,1.160540,1.160570,0
2025.12.01,19:23,1.160580,1.160590,1.160520,1.160570,0
2025.12.01,19:24,1.160550,1.160570,1.160490,1.160550,0
2025.12.01,19:25,1.160560,1.160570,1.160520,1.160550,0
2025.12.01,19:26,1.160520,1.160560,1.160510,1.160550,0
2025.12.01,19:27,1.160550,1.160570,1.160510,1.160550,0
2025.12.01,19:28,1.160510,1.160550,1.160510,1.160530,0
2025.12.01,19:29,1.160520,1.160530,1.160480,1.160490,0
2025.12.01,19:30,1.160480,1.160500,1.160480,1.160500,0
2025.12.01,19:31,1.160480,1.160490,1.160470,1.160480,0
2025.12.01,19:32,1.160470,1.160530,1.160370,1.160530,0
2025.12.01,19:33,1.160540,1.160640,1.160540,1.160610,0
2025.12.01,19:34,1.160630,1.160630,1.160580,1.160630,0
2025.12.01,19:35,1.160620,1.160630,1.160560,1.160600,0
2025.12.01,19:36,1.160610,1.160690,1.160610,1.160670,0
2025.12.01,19:37,1.160660,1.160670,1.160660,1.160670,0
2025.12.01,19:38,1.160660,1.160680,1.160630,1.160630,0
2025.12.01,19:39,1.160620,1.160630,1.160600,1.160630,0
2025.12.01,19:40,1.160650,1.160650,1.160590,1.160620,0
2025.12.01,19:41,1.160620,1.160630,1.160620,1.160630,0
2025.12.01,19:42,1.160640,1.160640,1.160600,1.160600,0
2025.12.01,19:43,1.160610,1.160620,1.160590,1.160620,0
2025.12.01,19:44,1.160600,1.160620,1.160600,1.160620,0
2025.12.01,19:45,1.160610,1.160630,1.160590,1.160600,0
2025.12.01,19:46,1.160590,1.160610,1.160590,1.160610,0
2025.12.01,19:47,1.160640,1.160650,1.160610,1.160610,0
2025.12.01,19:48,1.160610,1.160700,1.160610,1.160700,0
2025.12.01,19:49,1.160670,1.160680,1.160640,1.160640,0
2025.12.01,19:50,1.160650,1.160650,1.160600,1.160640,0
2025.12.01,19:51,1.160630,1.160640,1.160590,1.160610,0
2025.12.01,19:52,1.160630,1.160630,1.160610,1.160610,0
2025.12.01,19:53,1.160630,1.160630,1.160550,1.160560,0
2025.12.01,19:54,1.160550,1.160590,1.160520,1.160520,0
2025.12.01,19:55,1.160500,1.160600,1.160490,1.160540,0
2025.12.01,19:56,1.160540,1.160590,1.160530,1.160530,0
2025.12.01,19:57,1.160530,1.160550,1.160510,1.160510,0
2025.12.01,19:58,1.160490,1.160560,1.160490,1.160550,0
2025.12.01,19:59,1.160550,1.160570,1.160540,1.160560,0
2025.12.01,20:00,1.160550,1.160620,1.160480,1.160570,0
2025.12.01,20:01,1.160570,1.160730,1.160550,1.160720,0
2025.12.01,20:02,1.160700,1.160750,1.160700,1.160710,0
2025.12.01,20:03,1.160720,1.160720,1.160650,1.160720,0
2025.12.01,20:04,1.160730,1.160730,1.160700,1.160720,0
2025.12.01,20:05,1.160710,1.160830,1.160700,1.160810,0
2025.12.01,20:06,1.160800,1.160820,1.160710,1.160720,0
2025.12.01,20:07,1.160710,1.160850,1.160700,1.160810,0
2025.12.01,20:08,1.160810,1.160880,1.160780,1.160860,0
2025.12.01,20:09,1.160850,1.160870,1.160690,1.160720,0
2025.12.01,20:10,1.160710,1.160780,1.160570,1.160600,0
2025.12.01,20:11,1.160610,1.160610,1.160550,1.160560,0
2025.12.01,20:12,1.160580,1.160630,1.160520,1.160530,0
2025.12.01,20:13,1.160500,1.160540,1.160460,1.160530,0
2025.12.01,20:14,1.160520,1.160560,1.160460,1.160550,0
2025.12.01,20:15,1.160560,1.160570,1.160420,1.160440,0
2025.12.01,20:16,1.160460,1.160460,1.160370,1.160390,0
2025.12.01,20:17,1.160370,1.160490,1.160370,1.160470,0
2025.12.01,20:18,1.160480,1.160550,1.160470,1.160550,0
2025.12.01,20:19,1.160540,1.160590,1.160520,1.160540,0
2025.12.01,20:20,1.160560,1.160570,1.160490,1.160500,0
2025.12.01,20:21,1.160520,1.160520,1.160480,1.160480,0
2025.12.01,20:22,1.160500,1.160620,1.160490,1.160590,0
2025.12.01,20:23,1.160550,1.160570,1.160470,1.160470,0
2025.12.01,20:24,1.160480,1.160490,1.160420,1.160430,0
2025.12.01,20:25,1.160440,1.160470,1.160430,1.160470,0
2025.12.01,20:26,1.160480,1.160550,1.160480,1.160550,0
2025.12.01,20:27,1.160530,1.160570,1.160510,1.160560,0
2025.12.01,20:28,1.160560,1.160580,1.160530,1.160580,0
2025.12.01,20:29,1.160600,1.160660,1.160590,1.160640,0
2025.12.01,20:30,1.160650,1.160750,1.160640,1.160750,0
2025.12.01,20:31,1.160740,1.160800,1.160700,1.160800,0
2025.12.01,20:32,1.160780,1.160810,1.160750,1.160800,0
2025.12.01,20:33,1.160810,1.160820,1.160750,1.160810,0
2025.12.01,20:34,1.160820,1.160870,1.160800,1.160800,0
2025.12.01,20:35,1.160820,1.160850,1.160790,1.160820,0
2025.12.01,20:36,1.160840,1.160910,1.160830,1.160890,0
2025.12.01,20:37,1.160880,1.160950,1.160860,1.160920,0
2025.12.01,20:38,1.160910,1.160970,1.160910,1.160950,0
2025.12.01,20:39,1.160940,1.160990,1.160940,1.160960,0
2025.12.01,20:40,1.160950,1.161020,1.160950,1.161010,0
2025.12.01,20:41,1.161000,1.161010,1.160970,1.160970,0
2025.12.01,20:42,1.160990,1.160990,1.160950,1.160970,0
2025.12.01,20:43,1.160940,1.160960,1.160900,1.160930,0
2025.12.01,20:44,1.160940,1.160950,1.160850,1.160870,0
2025.12.01,20:45,1.160880,1.161000,1.160870,1.160990,0
2025.12.01,20:46,1.161000,1.161010,1.160980,1.161010,0
2025.12.01,20:47,1.160990,1.161030,1.160970,1.161020,0
2025.12.01,20:48,1.161010,1.161020,1.160970,1.160990,0
2025.12.01,20:49,1.160970,1.161010,1.160970,1.161000,0
2025.12.01,20:50,1.161000,1.161030,1.161000,1.161030,0
2025.12.01,20:51,1.161020,1.161050,1.160970,1.161050,0
2025.12.01,20:52,1.161030,1.161100,1.161020,1.161060,0
2025.12.01,20:53,1.161040,1.161050,1.160990,1.161010,0
2025.12.01,20:54,1.161030,1.161100,1.161030,1.161080,0
2025.12.01,20:55,1.161070,1.161070,1.160950,1.161000,0
2025.12.01,20:56,1.161000,1.161010,1.160950,1.160950,0
2025.12.01,20:57,1.160960,1.160960,1.160890,1.160910,0
2025.12.01,20:58,1.160910,1.160940,1.160880,1.160880,0
2025.12.01,20:59,1.160870,1.160920,1.160870,1.160910,0
2025.12.01,21:00,1.160890,1.160930,1.160850,1.160910,0
2025.12.01,21:01,1.160910,1.160970,1.160900,1.160950,0
2025.12.01,21:02,1.160970,1.160980,1.160910,1.160960,0
2025.12.01,21:03,1.160980,1.160990,1.160950,1.160960,0
2025.12.01,21:04,1.160970,1.160970,1.160950,1.160960,0
2025.12.01,21:05,1.160960,1.161070,1.160950,1.161050,0
2025.12.01,21:06,1.161050,1.161060,1.160950,1.160950,0
2025.12.01,21:07,1.160960,1.160960,1.160940,1.160950,0
2025.12.01,21:08,1.160960,1.160960,1.160940,1.160950,0
2025.12.01,21:09,1.160960,1.160960,1.160940,1.160950,0
2025.12.01,21:10,1.160950,1.160950,1.160910,1.160950,0
2025.12.01,21:11,1.160950,1.160960,1.160890,1.160930,0
2025.12.01,21:12,1.160930,1.160960,1.160920,1.160950,0
2025.12.01,21:13,1.160950,1.160990,1.160950,1.160950,0
2025.12.01,21:14,1.160960,1.160970,1.160950,1.160970,0
2025.12.01,21:15,1.160970,1.161020,1.160970,1.161010,0
2025.12.01,21:16,1.160980,1.160980,1.160960,1.160960,0
2025.12.01,21:17,1.160950,1.160970,1.160900,1.160920,0
2025.12.01,21:18,1.160920,1.160920,1.160900,1.160920,0
2025.12.01,21:19,1.160910,1.160910,1.160910,1.160910,0
2025.12.01,21:20,1.160910,1.160990,1.160910,1.160990,0
2025.12.01,21:21,1.161020,1.161040,1.161010,1.161030,0
2025.12.01,21:22,1.161040,1.161100,1.161010,1.161100,0
2025.12.01,21:23,1.161090,1.161100,1.161050,1.161050,0
2025.12.01,21:24,1.161070,1.161080,1.160990,1.161050,0
2025.12.01,21:25,1.161060,1.161080,1.161040,1.161050,0
2025.12.01,21:26,1.161060,1.161080,1.161050,1.161050,0
2025.12.01,21:27,1.161070,1.161080,1.161000,1.161010,0
2025.12.01,21:28,1.161020,1.161020,1.161020,1.161020,0
2025.12.01,21:29,1.161020,1.161020,1.161000,1.161000,0
2025.12.01,21:30,1.161000,1.161020,1.160930,1.161020,0
2025.12.01,21:31,1.161010,1.161070,1.161010,1.161060,0
2025.12.01,21:32,1.161040,1.161060,1.161040,1.161060,0
2025.12.01,21:33,1.161060,1.161080,1.161050,1.161070,0
2025.12.01,21:34,1.161070,1.161120,1.161070,1.161120,0
2025.12.01,21:35,1.161120,1.161130,1.161110,1.161120,0
2025.12.01,21:36,1.161140,1.161150,1.161100,1.161100,0
2025.12.01,21:37,1.161120,1.161130,1.161050,1.161070,0
2025.12.01,21:38,1.161050,1.161050,1.160970,1.161000,0
2025.12.01,21:39,1.161060,1.161080,1.161050,1.161070,0
2025.12.01,21:40,1.161060,1.161060,1.161000,1.161020,0
2025.12.01,21:41,1.161020,1.161020,1.160990,1.161000,0
2025.12.01,21:42,1.161000,1.161030,1.160990,1.161030,0
2025.12.01,21:43,1.161000,1.161050,1.161000,1.161000,0
2025.12.01,21:44,1.160990,1.160990,1.160930,1.160970,0
2025.12.01,21:45,1.160970,1.161000,1.160970,1.161000,0
2025.12.01,21:46,1.161010,1.161030,1.160970,1.161000,0
2025.12.01,21:47,1.161010,1.161080,1.161010,1.161060,0
2025.12.01,21:48,1.161060,1.161080,1.161000,1.161040,0
2025.12.01,21:49,1.161040,1.161080,1.161030,1.161080,0
2025.12.01,21:50,1.161060,1.161070,1.161050,1.161070,0
2025.12.01,21:51,1.161070,1.161110,1.161030,1.161030,0
2025.12.01,21:52,1.161050,1.161050,1.161010,1.161040,0
2025.12.01,21:53,1.161030,1.161070,1.161030,1.161060,0
2025.12.01,21:54,1.161060,1.161120,1.161050,1.161120,0
2025.12.01,21:55,1.161130,1.161160,1.161100,1.161110,0
2025.12.01,21:56,1.161120,1.161140,1.161110,1.161140,0
2025.12.01,21:57,1.161140,1.161200,1.161080,1.161110,0
2025.12.01,21:58,1.161100,1.161130,1.161080,1.161080,0
2025.12.01,21:59,1.161110,1.161180,1.161100,1.161170,0
2025.12.01,22:00,1.161180,1.161230,1.161150,1.161220,0
2025.12.01,22:01,1.161240,1.161250,1.161150,1.161170,0
2025.12.01,22:02,1.161200,1.161200,1.161060,1.161060,0
2025.12.01,22:03,1.161060,1.161070,1.160990,1.160990,0
2025.12.01,22:04,1.161010,1.161040,1.160910,1.160970,0
2025.12.01,22:05,1.160970,1.160980,1.160930,1.160950,0
2025.12.01,22:06,1.160940,1.160940,1.160870,1.160900,0
2025.12.01,22:07,1.160900,1.160930,1.160880,1.160910,0
2025.12.01,22:08,1.160910,1.160980,1.160900,1.160980,0
2025.12.01,22:09,1.160970,1.161020,1.160960,1.161010,0
2025.12.01,22:10,1.161010,1.161030,1.161000,1.161030,0
2025.12.01,22:11,1.161020,1.161070,1.161020,1.161050,0
2025.12.01,22:12,1.161050,1.161050,1.160950,1.160950,0
2025.12.01,22:13,1.160970,1.160980,1.160970,1.160980,0
2025.12.01,22:14,1.160990,1.161010,1.160960,1.160990,0
2025.12.01,22:15,1.160990,1.161040,1.160990,1.161040,0
2025.12.01,22:16,1.161020,1.161060,1.161000,1.161050,0
2025.12.01,22:17,1.161050,1.161080,1.161000,1.161010,0
2025.12.01,22:18,1.161010,1.161080,1.161010,1.161060,0
2025.12.01,22:19,1.161060,1.161100,1.161060,1.161070,0
2025.12.01,22:20,1.161050,1.161070,1.161010,1.161010,0
2025.12.01,22:21,1.161000,1.161000,1.160950,1.160950,0
2025.12.01,22:22,1.160950,1.160960,1.160920,1.160940,0
2025.12.01,22:23,1.160950,1.160960,1.160920,1.160960,0
2025.12.01,22:24,1.160970,1.160990,1.160950,1.160950,0
2025.12.01,22:25,1.160980,1.161010,1.160970,1.160980,0
2025.12.01,22:26,1.160960,1.160970,1.160950,1.160960,0
2025.12.01,22:27,1.160960,1.160960,1.160920,1.160920,0
2025.12.01,22:28,1.160920,1.161010,1.160920,1.160930,0
2025.12.01,22:29,1.160940,1.160970,1.160920,1.160970,0
2025.12.01,22:30,1.160960,1.161010,1.160940,1.161000,0
2025.12.01,22:31,1.160960,1.160970,1.160890,1.160960,0
2025.12.01,22:32,1.160960,1.161020,1.160960,1.161020,0
2025.12.01,22:33,1.161030,1.161060,1.161020,1.161060,0
2025.12.01,22:34,1.161030,1.161120,1.161010,1.161070,0
2025.12.01,22:35,1.161070,1.161090,1.161050,1.161080,0
2025.12.01,22:36,1.161090,1.161090,1.161000,1.161030,0
2025.12.01,22:37,1.161030,1.161100,1.161010,1.161100,0
2025.12.01,22:38,1.161090,1.161130,1.161060,1.161120,0
2025.12.01,22:39,1.161120,1.161120,1.161060,1.161110,0
2025.12.01,22:40,1.161110,1.161120,1.161080,1.161110,0
2025.12.01,22:41,1.161100,1.161160,1.161080,1.161130,0
2025.12.01,22:42,1.161140,1.161150,1.161090,1.161100,0
2025.12.01,22:43,1.161110,1.161110,1.161010,1.161040,0
2025.12.01,22:44,1.161040,1.161040,1.161000,1.161040,0
2025.12.01,22:45,1.161010,1.161020,1.161000,1.161020,0
2025.12.01,22:46,1.160980,1.161160,1.160980,1.161130,0
2025.12.01,22:47,1.161150,1.161190,1.161140,1.161190,0
2025.12.01,22:48,1.161190,1.161190,1.161150,1.161150,0
2025.12.01,22:49,1.161150,1.161170,1.161140,1.161150,0
2025.12.01,22:50,1.161150,1.161190,1.161130,1.161170,0
2025.12.01,22:51,1.161190,1.161200,1.161150,1.161190,0
2025.12.01,22:52,1.161180,1.161200,1.161110,1.161190,0
2025.12.01,22:53,1.161180,1.161270,1.161180,1.161270,0
2025.12.01,22:54,1.161250,1.161250,1.161200,1.161200,0
2025.12.01,22:55,1.161200,1.161210,1.161190,1.161200,0
2025.12.01,22:56,1.161200,1.161210,1.161190,1.161210,0
2025.12.01,22:57,1.161210,1.161220,1.161170,1.161200,0
2025.12.01,22:58,1.161200,1.161220,1.161170,1.161200,0
2025.12.01,22:59,1.161200,1.161210,1.161180,1.161200,0
2025.12.01,23:00,1.161200,1.161220,1.161140,1.161150,0
2025.12.01,23:01,1.161160,1.161260,1.161160,1.161240,0
2025.12.01,23:02,1.161240,1.161280,1.161190,1.161220,0
2025.12.01,23:03,1.161220,1.161310,1.161220,1.161270,0
2025.12.01,23:04,1.161260,1.161330,1.161260,1.161310,0
2025.12.01,23:05,1.161300,1.161400,1.161300,1.161370,0
2025.12.01,23:06,1.161370,1.161380,1.161360,1.161380,0
2025.12.01,23:07,1.161360,1.161370,1.161360,1.161370,0
2025.12.01,23:08,1.161350,1.161360,1.161290,1.161290,0
2025.12.01,23:09,1.161280,1.161380,1.161270,1.161330,0
2025.12.01,23:10,1.161330,1.161350,1.161300,1.161320,0
2025.12.01,23:11,1.161310,1.161320,1.161290,1.161320,0
2025.12.01,23:12,1.161310,1.161310,1.161280,1.161280,0
2025.12.01,23:13,1.161280,1.161300,1.161270,1.161290,0
2025.12.01,23:14,1.161280,1.161290,1.161270,1.161270,0
2025.12.01,23:15,1.161260,1.161270,1.161230,1.161250,0
2025.12.01,23:16,1.161250,1.161250,1.161220,1.161250,0
2025.12.01,23:17,1.161240,1.161260,1.161220,1.161240,0
2025.12.01,23:18,1.161240,1.161250,1.161210,1.161250,0
2025.12.01,23:19,1.161230,1.161260,1.161220,1.161250,0
2025.12.01,23:20,1.161250,1.161270,1.161240,1.161250,0
2025.12.01,23:21,1.161260,1.161300,1.161240,1.161300,0
2025.12.01,23:22,1.161280,1.161330,1.161260,1.161270,0
2025.12.01,23:23,1.161280,1.161280,1.161210,1.161210,0
2025.12.01,23:24,1.161210,1.161210,1.161140,1.161150,0
2025.12.01,23:25,1.161150,1.161160,1.161130,1.161160,0
2025.12.01,23:26,1.161160,1.161170,1.161140,1.161170,0
2025.12.01,23:27,1.161160,1.161180,1.161150,1.161160,0
2025.12.01,23:28,1.161160,1.161180,1.161150,1.161150,0
2025.12.01,23:30,1.161150,1.161180,1.161120,1.161180,0
2025.12.01,23:31,1.161160,1.161190,1.161150,1.161190,0
2025.12.01,23:32,1.161190,1.161220,1.161190,1.161220,0
2025.12.01,23:33,1.161200,1.161210,1.161140,1.161160,0
2025.12.01,23:34,1.161160,1.161200,1.161150,1.161200,0
2025.12.01,23:35,1.161200,1.161220,1.161170,1.161180,0
2025.12.01,23:36,1.161180,1.161200,1.161170,1.161190,0
2025.12.01,23:37,1.161190,1.161230,1.161190,1.161190,0
2025.12.01,23:38,1.161200,1.161220,1.161190,1.161210,0
2025.12.01,23:39,1.161220,1.161240,1.161210,1.161220,0
2025.12.01,23:40,1.161220,1.161220,1.161200,1.161210,0
2025.12.01,23:41,1.161210,1.161240,1.161200,1.161240,0
2025.12.01,23:42,1.161250,1.161270,1.161250,1.161250,0
2025.12.01,23:43,1.161250,1.161260,1.161250,1.161260,0
2025.12.01,23:44,1.161250,1.161270,1.161240,1.161260,0
2025.12.01,23:45,1.161250,1.161250,1.161150,1.161160,0
2025.12.01,23:46,1.161150,1.161150,1.161120,1.161120,0
2025.12.01,23:47,1.161100,1.161100,1.161050,1.161070,0
2025.12.01,23:48,1.161060,1.161060,1.160950,1.160970,0
2025.12.01,23:49,1.160960,1.160970,1.160900,1.160970,0
2025.12.01,23:50,1.160950,1.161040,1.160950,1.161040,0
2025.12.01,23:51,1.161020,1.161060,1.161010,1.161010,0
2025.12.01,23:52,1.161000,1.161010,1.160970,1.160970,0
2025.12.01,23:53,1.160970,1.161000,1.160970,1.160990,0
2025.12.01,23:54,1.160980,1.160990,1.160980,1.160990,0
2025.12.01,23:55,1.160980,1.160980,1.160900,1.160900,0
2025.12.01,23:56,1.160890,1.160930,1.160880,1.160930,0
2025.12.01,23:57,1.160960,1.160960,1.160900,1.160910,0
2025.12.01,23:58,1.160900,1.160940,1.160880,1.160940,0
2025.12.01,23:59,1.160920,1.160950,1.160890,1.160890,0
2025.12.02,00:00,1.160880,1.160950,1.160850,1.160950,0
2025.12.02,00:01,1.160940,1.161070,1.160940,1.160990,0
2025.12.02,00:02,1.160990,1.161010,1.160970,1.160980,0
2025.12.02,00:03,1.160980,1.161030,1.160970,1.161000,0
2025.12.02,00:04,1.161010,1.161010,1.160970,1.160980,0
2025.12.02,00:05,1.160980,1.160990,1.160900,1.160910,0
2025.12.02,00:06,1.160920,1.160940,1.160870,1.160900,0
2025.12.02,00:07,1.160900,1.160900,1.160830,1.160830,0
2025.12.02,00:08,1.160840,1.160840,1.160830,1.160840,0
2025.12.02,00:09,1.160840,1.160860,1.160810,1.160820,0
2025.12.02,00:10,1.160830,1.160870,1.160830,1.160850,0
2025.12.02,00:11,1.160860,1.160870,1.160850,1.160850,0
2025.12.02,00:12,1.160860,1.160860,1.160800,1.160820,0
2025.12.02,00:13,1.160820,1.160850,1.160810,1.160820,0
2025.12.02,00:14,1.160810,1.160810,1.160740,1.160790,0
2025.12.02,00:15,1.160780,1.160790,1.160730,1.160730,0
2025.12.02,00:16,1.160710,1.160730,1.160710,1.160720,0
2025.12.02,00:17,1.160710,1.160790,1.160700,1.160760,0
2025.12.02,00:18,1.160740,1.160750,1.160700,1.160720,0
2025.12.02,00:19,1.160710,1.160730,1.160710,1.160720,0
2025.12.02,00:20,1.160690,1.160720,1.160690,1.160720,0
2025.12.02,00:21,1.160720,1.160760,1.160700,1.160760,0
2025.12.02,00:22,1.160730,1.160740,1.160730,1.160740,0
2025.12.02,00:23,1.160740,1.160780,1.160740,1.160770,0
2025.12.02,00:24,1.160790,1.160840,1.160770,1.160820,0
2025.12.02,00:25,1.160810,1.160810,1.160810,1.160810,0
2025.12.02,00:26,1.160810,1.160840,1.160810,1.160830,0
2025.12.02,00:27,1.160850,1.160850,1.160850,1.160850,0
2025.12.02,00:28,1.160820,1.160820,1.160760,1.160780,0
2025.12.02,00:29,1.160760,1.160800,1.160760,1.160790,0
2025.12.02,00:30,1.160780,1.160780,1.160750,1.160760,0
2025.12.02,00:31,1.160760,1.160810,1.160740,1.160810,0
2025.12.02,00:32,1.160820,1.160820,1.160770,1.160810,0
2025.12.02,00:33,1.160800,1.160810,1.160800,1.160800,0
2025.12.02,00:34,1.160810,1.160810,1.160780,1.160810,0
2025.12.02,00:35,1.160810,1.160810,1.160800,1.160800,0
2025.12.02,00:36,1.160810,1.160810,1.160740,1.160760,0
2025.12.02,00:37,1.160760,1.160880,1.160760,1.160880,0
2025.12.02,00:38,1.160850,1.160930,1.160850,1.160930,0
2025.12.02,00:39,1.160920,1.160930,1.160900,1.160930,0
2025.12.02,00:40,1.160920,1.160930,1.160860,1.160920,0
2025.12.02,00:41,1.160910,1.160910,1.160910,1.160910,0
2025.12.02,00:42,1.160920,1.160950,1.160920,1.160950,0
2025.12.02,00:43,1.160950,1.160970,1.160950,1.160950,0
2025.12.02,00:44,1.160960,1.160980,1.160950,1.160980,0
2025.12.02,00:45,1.160970,1.161010,1.160970,1.160990,0
2025.12.02,00:46,1.161010,1.161060,1.161000,1.161020,0
2025.12.02,00:47,1.161040,1.161050,1.160950,1.160950,0
2025.12.02,00:48,1.160960,1.160970,1.160950,1.160950,0
2025.12.02,00:49,1.160960,1.160960,1.160950,1.160950,0
2025.12.02,00:50,1.160940,1.160950,1.160920,1.160940,0
2025.12.02,00:51,1.160950,1.160950,1.160850,1.160850,0
2025.12.02,00:52,1.160870,1.160930,1.160850,1.160910,0
2025.12.02,00:53,1.160930,1.160950,1.160910,1.160930,0
2025.12.02,00:54,1.160930,1.161000,1.160920,1.161000,0
2025.12.02,00:55,1.160990,1.161070,1.160990,1.161070,0
2025.12.02,00:56,1.161070,1.161100,1.161040,1.161100,0
2025.12.02,00:57,1.161090,1.161090,1.160960,1.161020,0
2025.12.02,00:58,1.161010,1.161050,1.161000,1.161010,0
2025.12.02,00:59,1.161020,1.161060,1.160980,1.160980,0
2025.12.02,01:00,1.160990,1.161060,1.160950,1.161060,0
2025.12.02,01:01,1.161070,1.161080,1.161050,1.161070,0
2025.12.02,01:02,1.161050,1.161080,1.161040,1.161060,0
2025.12.02,01:03,1.161080,1.161090,1.161060,1.161060,0
2025.12.02,01:04,1.161050,1.161050,1.160940,1.160940,0
2025.12.02,01:05,1.160950,1.160970,1.160910,1.160910,0
2025.12.02,01:06,1.160900,1.160920,1.160870,1.160910,0
2025.12.02,01:07,1.160920,1.160920,1.160850,1.160880,0
2025.12.02,01:08,1.160860,1.160890,1.160770,1.160890,0
2025.12.02,01:09,1.160910,1.160930,1.160860,1.160880,0
2025.12.02,01:10,1.160830,1.160830,1.160780,1.160800,0
2025.12.02,01:12,1.160820,1.160820,1.160740,1.160740,0
2025.12.02,01:13,1.160730,1.160730,1.160700,1.160710,0
2025.12.02,01:14,1.160730,1.160730,1.160700,1.160700,0
2025.12.02,01:15,1.160710,1.160720,1.160700,1.160700,0
2025.12.02,01:16,1.160720,1.160750,1.160690,1.160750,0
2025.12.02,01:17,1.160760,1.160770,1.160690,1.160710,0
2025.12.02,01:18,1.160720,1.160750,1.160690,1.160730,0
2025.12.02,01:19,1.160730,1.160790,1.160730,1.160780,0
2025.12.02,01:20,1.160770,1.160780,1.160690,1.160690,0
2025.12.02,01:21,1.160700,1.160700,1.160550,1.160560,0
2025.12.02,01:22,1.160560,1.160560,1.160500,1.160510,0
2025.12.02,01:23,1.160520,1.160550,1.160500,1.160550,0
2025.12.02,01:24,1.160550,1.160580,1.160500,1.160500,0
2025.12.02,01:25,1.160490,1.160580,1.160490,1.160530,0
2025.12.02,01:26,1.160540,1.160550,1.160470,1.160530,0
2025.12.02,01:27,1.160540,1.160540,1.160490,1.160520,0
2025.12.02,01:28,1.160540,1.160580,1.160520,1.160580,0
2025.12.02,01:29,1.160550,1.160600,1.160550,1.160600,0
2025.12.02,01:30,1.160610,1.160610,1.160520,1.160530,0
2025.12.02,01:31,1.160540,1.160550,1.160520,1.160520,0
2025.12.02,01:32,1.160530,1.160610,1.160510,1.160570,0
2025.12.02,01:33,1.160570,1.160630,1.160570,1.160620,0
2025.12.02,01:34,1.160600,1.160650,1.160600,1.160620,0
2025.12.02,01:35,1.160630,1.160700,1.160630,1.160660,0
2025.12.02,01:36,1.160650,1.160650,1.160600,1.160620,0
2025.12.02,01:37,1.160620,1.160660,1.160610,1.160640,0
2025.12.02,01:38,1.160630,1.160690,1.160620,1.160690,0
2025.12.02,01:39,1.160680,1.160700,1.160640,1.160640,0
2025.12.02,01:40,1.160640,1.160640,1.160600,1.160600,0
2025.12.02,01:41,1.160600,1.160600,1.160570,1.160580,0
2025.12.02,01:42,1.160570,1.160590,1.160570,1.160570,0
2025.12.02,01:43,1.160580,1.160590,1.160570,1.160590,0
2025.12.02,01:44,1.160610,1.160800,1.160610,1.160800,0
2025.12.02,01:45,1.160780,1.160820,1.160670,1.160710,0
2025.12.02,01:46,1.160690,1.160690,1.160670,1.160690,0
2025.12.02,01:47,1.160680,1.160770,1.160640,1.160760,0
2025.12.02,01:48,1.160780,1.160800,1.160710,1.160760,0
2025.12.02,01:49,1.160750,1.160770,1.160730,1.160750,0
2025.12.02,01:50,1.160770,1.160780,1.160750,1.160750,0
2025.12.02,01:51,1.160750,1.160830,1.160710,1.160740,0
2025.12.02,01:52,1.160760,1.160760,1.160710,1.160730,0
2025.12.02,01:53,1.160720,1.160870,1.160700,1.160850,0
2025.12.02,01:54,1.160860,1.160870,1.160840,1.160840,0
2025.12.02,01:55,1.160840,1.160860,1.160800,1.160820,0
2025.12.02,01:56,1.160810,1.160920,1.160810,1.160890,0
2025.12.02,01:57,1.160910,1.160910,1.160860,1.160900,0
2025.12.02,01:58,1.160890,1.160900,1.160860,1.160890,0
2025.12.02,01:59,1.160890,1.160990,1.160890,1.160940,0
2025.12.02,02:00,1.160940,1.161020,1.160850,1.161000,0
2025.12.02,02:01,1.161010,1.161170,1.161000,1.161130,0
2025.12.02,02:02,1.161130,1.161220,1.161060,1.161170,0
2025.12.02,02:03,1.161160,1.161230,1.161130,1.161140,0
2025.12.02,02:04,1.161120,1.161170,1.161080,1.161160,0
2025.12.02,02:05,1.161190,1.161220,1.161180,1.161210,0
2025.12.02,02:06,1.161210,1.161310,1.161170,1.161310,0
2025.12.02,02:07,1.161300,1.161320,1.161240,1.161260,0
2025.12.02,02:08,1.161250,1.161310,1.161250,1.161310,0
2025.12.02,02:09,1.161300,1.161340,1.161280,1.161340,0
2025.12.02,02:10,1.161320,1.161340,1.161240,1.161260,0
2025.12.02,02:11,1.161250,1.161320,1.161190,1.161310,0
2025.12.02,02:12,1.161330,1.161370,1.161310,1.161370,0
2025.12.02,02:13,1.161340,1.161360,1.161290,1.161310,0
2025.12.02,02:14,1.161310,1.161420,1.161290,1.161400,0
2025.12.02,02:15,1.161400,1.161500,1.161400,1.161470,0
2025.12.02,02:16,1.161470,1.161520,1.161460,1.161510,0
2025.12.02,02:17,1.161520,1.161530,1.161480,1.161490,0
2025.12.02,02:18,1.161490,1.161560,1.161470,1.161550,0
2025.12.02,02:19,1.161520,1.161550,1.161490,1.161530,0
2025.12.02,02:20,1.161540,1.161620,1.161520,1.161570,0
2025.12.02,02:21,1.161560,1.161570,1.161500,1.161540,0
2025.12.02,02:22,1.161550,1.161560,1.161430,1.161500,0
2025.12.02,02:23,1.161470,1.161480,1.161310,1.161320,0
2025.12.02,02:24,1.161310,1.161320,1.161250,1.161320,0
2025.12.02,02:25,1.161300,1.161320,1.161290,1.161300,0
2025.12.02,02:26,1.161310,1.161350,1.161300,1.161330,0
2025.12.02,02:27,1.161340,1.161360,1.161260,1.161310,0
2025.12.02,02:28,1.161320,1.161320,1.161280,1.161310,0
2025.12.02,02:29,1.161310,1.161340,1.161280,1.161310,0
2025.12.02,02:30,1.161300,1.161320,1.161200,1.161200,0
2025.12.02,02:31,1.161220,1.161220,1.161180,1.161220,0
2025.12.02,02:32,1.161220,1.161300,1.161110,1.161280,0
2025.12.02,02:33,1.161270,1.161400,1.161260,1.161370,0
2025.12.02,02:34,1.161360,1.161380,1.161270,1.161270,0
2025.12.02,02:35,1.161270,1.161270,1.161140,1.161150,0
2025.12.02,02:36,1.161140,1.161160,1.161130,1.161150,0
2025.12.02,02:37,1.161140,1.161380,1.161140,1.161310,0
2025.12.02,02:38,1.161310,1.161310,1.161220,1.161250,0
2025.12.02,02:39,1.161250,1.161410,1.161230,1.161360,0
2025.12.02,02:40,1.161370,1.161570,1.161350,1.161510,0
2025.12.02,02:41,1.161510,1.161550,1.161430,1.161470,0
2025.12.02,02:42,1.161450,1.161540,1.161410,1.161430,0
2025.12.02,02:43,1.161440,1.161470,1.161400,1.161420,0
2025.12.02,02:44,1.161390,1.161390,1.161190,1.161210,0
2025.12.02,02:45,1.161210,1.161250,1.161180,1.161220,0
2025.12.02,02:46,1.161230,1.161350,1.161220,1.161290,0
2025.12.02,02:47,1.161300,1.161310,1.161220,1.161240,0
2025.12.02,02:48,1.161220,1.161260,1.161180,1.161240,0
2025.12.02,02:49,1.161240,1.161240,1.161020,1.161180,0
2025.12.02,02:50,1.161180,1.161180,1.161030,1.161090,0
2025.12.02,02:51,1.161100,1.161170,1.161050,1.161100,0
2025.12.02,02:52,1.161090,1.161110,1.160950,1.161090,0
2025.12.02,02:53,1.161100,1.161260,1.161100,1.161250,0
2025.12.02,02:54,1.161250,1.161360,1.161240,1.161250,0
2025.12.02,02:55,1.161260,1.161380,1.161070,1.161180,0
2025.12.02,02:56,1.161190,1.161350,1.161100,1.161350,0
2025.12.02,02:57,1.161360,1.161460,1.161260,1.161270,0
2025.12.02,02:58,1.161290,1.161300,1.161200,1.161260,0
2025.12.02,02:59,1.161260,1.161280,1.161210,1.161250,0
2025.12.02,03:00,1.161250,1.161550,1.161250,1.161500,0
2025.12.02,03:01,1.161490,1.161540,1.161390,1.161460,0
2025.12.02,03:02,1.161460,1.161470,1.161310,1.161390,0
2025.12.02,03:03,1.161410,1.161410,1.161280,1.161390,0
2025.12.02,03:04,1.161390,1.161430,1.161300,1.161430,0
2025.12.02,03:05,1.161430,1.161500,1.161400,1.161460,0
2025.12.02,03:06,1.161460,1.161460,1.161260,1.161320,0
2025.12.02,03:07,1.161320,1.161360,1.161270,1.161310,0
2025.12.02,03:08,1.161300,1.161320,1.161140,1.161210,0
2025.12.02,03:09,1.161230,1.161230,1.161100,1.161180,0
2025.12.02,03:10,1.161180,1.161190,1.161000,1.161010,0
2025.12.02,03:11,1.160990,1.161020,1.160930,1.161000,0
2025.12.02,03:12,1.160990,1.161030,1.160970,1.161020,0
2025.12.02,03:13,1.161020,1.161180,1.161000,1.161170,0
2025.12.02,03:14,1.161180,1.161180,1.161100,1.161180,0
2025.12.02,03:15,1.161150,1.161240,1.161060,1.161240,0
2025.12.02,03:16,1.161220,1.161220,1.161110,1.161160,0
2025.12.02,03:17,1.161180,1.161230,1.161090,1.161180,0
2025.12.02,03:18,1.161160,1.161250,1.161150,1.161250,0
2025.12.02,03:19,1.161240,1.161240,1.161130,1.161130,0
2025.12.02,03:20,1.161110,1.161190,1.161100,1.161170,0
2025.12.02,03:21,1.161170,1.161280,1.161170,1.161280,0
2025.12.02,03:22,1.161270,1.161280,1.161220,1.161260,0
2025.12.02,03:23,1.161240,1.161250,1.161090,1.161150,0
2025.12.02,03:24,1.161160,1.161360,1.161140,1.161300,0
2025.12.02,03:25,1.161300,1.161440,1.161270,1.161340,0
2025.12.02,03:26,1.161350,1.161470,1.161350,1.161470,0
2025.12.02,03:27,1.161500,1.161560,1.161490,1.161520,0
2025.12.02,03:28,1.161540,1.161600,1.161510,1.161550,0
2025.12.02,03:29,1.161560,1.161560,1.161430,1.161490,0
2025.12.02,03:30,1.161490,1.161610,1.161370,1.161410,0
2025.12.02,03:31,1.161400,1.161540,1.161400,1.161470,0
2025.12.02,03:32,1.161470,1.161530,1.161380,1.161530,0
2025.12.02,03:33,1.161530,1.161540,1.161330,1.161470,0
2025.12.02,03:34,1.161490,1.161540,1.161460,1.161510,0
2025.12.02,03:35,1.161510,1.161590,1.161490,1.161510,0
2025.12.02,03:36,1.161530,1.161530,1.161250,1.161300,0
2025.12.02,03:37,1.161350,1.161350,1.161130,1.161200,0
2025.12.02,03:38,1.161180,1.161350,1.161140,1.161330,0
2025.12.02,03:39,1.161310,1.161470,1.161310,1.161440,0
2025.12.02,03:40,1.161430,1.161450,1.161290,1.161290,0
2025.12.02,03:41,1.161290,1.161290,1.161250,1.161260,0
2025.12.02,03:42,1.161250,1.161250,1.161170,1.161180,0
2025.12.02,03:43,1.161170,1.161190,1.161050,1.161080,0
2025.12.02,03:44,1.161110,1.161250,1.161100,1.161220,0
2025.12.02,03:45,1.161220,1.161270,1.161200,1.161260,0
2025.12.02,03:46,1.161270,1.161390,1.161260,1.161380,0
2025.12.02,03:47,1.161380,1.161420,1.161270,1.161370,0
2025.12.02,03:48,1.161380,1.161390,1.161250,1.161260,0
2025.12.02,03:49,1.161290,1.161340,1.161280,1.161310,0
2025.12.02,03:50,1.161330,1.161340,1.161270,1.161290,0
2025.12.02,03:51,1.161300,1.161310,1.161270,1.161310,0
2025.12.02,03:52,1.161300,1.161330,1.161270,1.161290,0
2025.12.02,03:53,1.161290,1.161310,1.161010,1.161050,0
2025.12.02,03:54,1.161050,1.161080,1.160990,1.161040,0
2025.12.02,03:55,1.161030,1.161070,1.161010,1.161060,0
2025.12.02,03:56,1.161060,1.161140,1.161030,1.161140,0
2025.12.02,03:57,1.161150,1.161190,1.160890,1.160920,0
2025.12.02,03:58,1.160940,1.161030,1.160920,1.160980,0
2025.12.02,03:59,1.160960,1.161070,1.160960,1.161040,0
2025.12.02,04:00,1.161050,1.161170,1.161010,1.161080,0
2025.12.02,04:01,1.161070,1.161150,1.161040,1.161090,0
2025.12.02,04:02,1.161080,1.161270,1.161010,1.161260,0
2025.12.02,04:03,1.161270,1.161270,1.161190,1.161210,0
2025.12.02,04:04,1.161210,1.161320,1.161210,1.161300,0
2025.12.02,04:05,1.161300,1.161370,1.161250,1.161360,0
2025.12.02,04:06,1.161350,1.161350,1.161190,1.161210,0
2025.12.02,04:07,1.161220,1.161220,1.161100,1.161120,0
2025.12.02,04:08,1.161140,1.161220,1.161100,1.161190,0
2025.12.02,04:09,1.161210,1.161320,1.161200,1.161310,0
2025.12.02,04:10,1.161310,1.161320,1.161200,1.161240,0
2025.12.02,04:11,1.161240,1.161300,1.161190,1.161270,0
2025.12.02,04:12,1.161260,1.161290,1.161190,1.161270,0
2025.12.02,04:13,1.161260,1.161270,1.161150,1.161270,0
2025.12.02,04:14,1.161290,1.161320,1.161210,1.161210,0
2025.12.02,04:15,1.161200,1.161270,1.161200,1.161250,0
2025.12.02,04:16,1.161250,1.161400,1.161220,1.161330,0
2025.12.02,04:17,1.161310,1.161340,1.161300,1.161340,0
2025.12.02,04:18,1.161310,1.161330,1.161160,1.161170,0
2025.12.02,04:19,1.161160,1.161170,1.161010,1.161050,0
2025.12.02,04:20,1.161050,1.161050,1.160850,1.160870,0
2025.12.02,04:21,1.160860,1.160870,1.160700,1.160730,0
2025.12.02,04:22,1.160730,1.160740,1.160640,1.160670,0
2025.12.02,04:23,1.160660,1.160800,1.160660,1.160730,0
2025.12.02,04:24,1.160750,1.160870,1.160750,1.160840,0
2025.12.02,04:25,1.160830,1.160830,1.160710,1.160800,0
2025.12.02,04:26,1.160780,1.160790,1.160500,1.160500,0
2025.12.02,04:27,1.160510,1.160650,1.160510,1.160620,0
2025.12.02,04:28,1.160640,1.160830,1.160630,1.160820,0
2025.12.02,04:29,1.160820,1.160890,1.160820,1.160850,0
2025.12.02,04:30,1.160870,1.160890,1.160800,1.160820,0
2025.12.02,04:31,1.160830,1.160830,1.160700,1.160700,0
2025.12.02,04:32,1.160720,1.160830,1.160690,1.160770,0
2025.12.02,04:33,1.160780,1.160790,1.160670,1.160670,0
2025.12.02,04:34,1.160650,1.160760,1.160590,1.160760,0
2025.12.02,04:35,1.160770,1.160820,1.160720,1.160790,0
2025.12.02,04:36,1.160770,1.160790,1.160610,1.160680,0
2025.12.02,04:37,1.160690,1.160720,1.160590,1.160700,0
2025.12.02,04:38,1.160710,1.160710,1.160600,1.160630,0
2025.12.02,04:39,1.160610,1.160640,1.160580,1.160630,0
2025.12.02,04:40,1.160610,1.160640,1.160500,1.160520,0
2025.12.02,04:41,1.160530,1.160620,1.160500,1.160510,0
2025.12.02,04:42,1.160510,1.160590,1.160490,1.160570,0
2025.12.02,04:43,1.160560,1.160620,1.160550,1.160550,0
2025.12.02,04:44,1.160570,1.160700,1.160560,1.160690,0
2025.12.02,04:45,1.160700,1.160700,1.160360,1.160360,0
2025.12.02,04:46,1.160370,1.160480,1.160240,1.160470,0
2025.12.02,04:47,1.160490,1.160560,1.160440,1.160510,0
2025.12.02,04:48,1.160500,1.160610,1.160500,1.160570,0
2025.12.02,04:49,1.160570,1.160590,1.160510,1.160540,0
2025.12.02,04:50,1.160560,1.160820,1.160560,1.160820,0
2025.12.02,04:51,1.160850,1.161050,1.160840,1.161050,0
2025.12.02,04:52,1.161030,1.161140,1.161030,1.161140,0
2025.12.02,04:53,1.161150,1.161330,1.161150,1.161280,0
2025.12.02,04:54,1.161280,1.161300,1.161140,1.161150,0
2025.12.02,04:55,1.161140,1.161200,1.161070,1.161170,0
2025.12.02,04:56,1.161170,1.161170,1.161040,1.161140,0
2025.12.02,04:57,1.161150,1.161170,1.161130,1.161150,0
2025.12.02,04:58,1.161140,1.161140,1.161010,1.161080,0
2025.12.02,04:59,1.161080,1.161110,1.160940,1.160980,0
2025.12.02,05:00,1.160990,1.161210,1.160950,1.160980,0
2025.12.02,05:01,1.160970,1.160990,1.160790,1.160820,0
2025.12.02,05:02,1.160820,1.160820,1.160700,1.160730,0
2025.12.02,05:03,1.160730,1.160760,1.160580,1.160670,0
2025.12.02,05:04,1.160670,1.160720,1.160580,1.160710,0
2025.12.02,05:05,1.160680,1.160690,1.160520,1.160670,0
2025.12.02,05:06,1.160650,1.160690,1.160560,1.160600,0
2025.12.02,05:07,1.160590,1.160670,1.160510,1.160660,0
2025.12.02,05:08,1.160660,1.160660,1.160490,1.160600,0
2025.12.02,05:09,1.160600,1.160640,1.160550,1.160630,0
2025.12.02,05:10,1.160670,1.160670,1.160540,1.160540,0
2025.12.02,05:11,1.160520,1.160590,1.160420,1.160590,0
2025.12.02,05:12,1.160590,1.160590,1.160380,1.160400,0
2025.12.02,05:13,1.160380,1.160590,1.160330,1.160510,0
2025.12.02,05:14,1.160540,1.160650,1.160540,1.160630,0
2025.12.02,05:15,1.160610,1.160690,1.160510,1.160570,0
2025.12.02,05:16,1.160590,1.160620,1.160440,1.160520,0
2025.12.02,05:17,1.160530,1.160530,1.160370,1.160400,0
2025.12.02,05:18,1.160400,1.160470,1.160350,1.160400,0
2025.12.02,05:19,1.160380,1.160440,1.160270,1.160290,0
2025.12.02,05:20,1.160290,1.160290,1.159860,1.159970,0
2025.12.02,05:21,1.159980,1.160080,1.159930,1.160040,0
2025.12.02,05:22,1.160030,1.160070,1.159920,1.159930,0
2025.12.02,05:23,1.159950,1.159960,1.159830,1.159910,0
2025.12.02,05:24,1.159920,1.160240,1.159920,1.160240,0
2025.12.02,05:25,1.160230,1.160230,1.160110,1.160170,0
2025.12.02,05:26,1.160180,1.160210,1.160160,1.160180,0
2025.12.02,05:27,1.160160,1.160310,1.160160,1.160280,0
2025.12.02,05:28,1.160270,1.160290,1.160170,1.160210,0
2025.12.02,05:29,1.160210,1.160260,1.160160,1.160210,0
2025.12.02,05:30,1.160230,1.160370,1.160210,1.160330,0
2025.12.02,05:31,1.160340,1.160380,1.160320,1.160370,0
2025.12.02,05:32,1.160390,1.160390,1.160290,1.160310,0
2025.12.02,05:33,1.160290,1.160360,1.160260,1.160350,0
2025.12.02,05:34,1.160370,1.160390,1.160270,1.160300,0
2025.12.02,05:35,1.160320,1.160430,1.160310,1.160410,0
2025.12.02,05:36,1.160430,1.160440,1.160350,1.160370,0
2025.12.02,05:37,1.160370,1.160390,1.160320,1.160320,0
2025.12.02,05:38,1.160310,1.160360,1.160270,1.160300,0
2025.12.02,05:39,1.160330,1.160340,1.160290,1.160310,0
2025.12.02,05:40,1.160300,1.160300,1.160190,1.160250,0
2025.12.02,05:41,1.160230,1.160350,1.160200,1.160330,0
2025.12.02,05:42,1.160330,1.160330,1.160240,1.160260,0
2025.12.02,05:43,1.160300,1.160380,1.160300,1.160380,0
2025.12.02,05:44,1.160370,1.160470,1.160370,1.160470,0
2025.12.02,05:45,1.160500,1.160680,1.160500,1.160590,0
2025.12.02,05:46,1.160600,1.160600,1.160460,1.160520,0
2025.12.02,05:47,1.160530,1.160560,1.160400,1.160430,0
2025.12.02,05:48,1.160490,1.160600,1.160410,1.160560,0
2025.12.02,05:49,1.160560,1.160670,1.160540,1.160630,0
2025.12.02,05:50,1.160620,1.160640,1.160520,1.160640,0
2025.12.02,05:51,1.160630,1.160630,1.160450,1.160500,0
2025.12.02,05:52,1.160520,1.160580,1.160440,1.160490,0
2025.12.02,05:53,1.160470,1.160490,1.160360,1.160360,0
2025.12.02,05:54,1.160360,1.160510,1.160350,1.160500,0
2025.12.02,05:55,1.160500,1.160530,1.160460,1.160470,0
2025.12.02,05:56,1.160450,1.160520,1.160340,1.160510,0
2025.12.02,05:57,1.160510,1.160560,1.160390,1.160560,0
2025.12.02,05:58,1.160570,1.160680,1.160550,1.160650,0
2025.12.02,05:59,1.160660,1.160670,1.160600,1.160650,0
2025.12.02,06:00,1.160650,1.160680,1.160470,1.160520,0
2025.12.02,06:01,1.160500,1.160520,1.160430,1.160500,0
2025.12.02,06:02,1.160500,1.160580,1.160420,1.160560,0
2025.12.02,06:03,1.160570,1.160600,1.160530,1.160570,0
2025.12.02,06:04,1.160580,1.160600,1.160410,1.160410,0
2025.12.02,06:05,1.160400,1.160490,1.160400,1.160440,0
2025.12.02,06:06,1.160440,1.160530,1.160340,1.160530,0
2025.12.02,06:07,1.160540,1.160620,1.160510,1.160580,0
2025.12.02,06:08,1.160570,1.160570,1.160460,1.160490,0
2025.12.02,06:09,1.160540,1.160570,1.160530,1.160560,0
2025.12.02,06:10,1.160560,1.160650,1.160540,1.160610,0
2025.12.02,06:11,1.160620,1.160660,1.160600,1.160660,0
2025.12.02,06:12,1.160660,1.160690,1.160630,1.160660,0
2025.12.02,06:13,1.160650,1.160670,1.160640,1.160650,0
2025.12.02,06:14,1.160660,1.160670,1.160540,1.160560,0
2025.12.02,06:15,1.160560,1.160570,1.160490,1.160560,0
2025.12.02,06:16,1.160550,1.160550,1.160500,1.160520,0
2025.12.02,06:17,1.160530,1.160620,1.160520,1.160570,0
2025.12.02,06:18,1.160580,1.160600,1.160450,1.160540,0
2025.12.02,06:19,1.160540,1.160570,1.160510,1.160530,0
2025.12.02,06:20,1.160540,1.160660,1.160540,1.160610,0
2025.12.02,06:21,1.160590,1.160600,1.160490,1.160590,0
2025.12.02,06:22,1.160570,1.160620,1.160530,1.160580,0
2025.12.02,06:23,1.160580,1.160610,1.160550,1.160570,0
2025.12.02,06:24,1.160590,1.160620,1.160570,1.160590,0
2025.12.02,06:25,1.160580,1.160620,1.160570,1.160570,0
2025.12.02,06:26,1.160570,1.160620,1.160540,1.160620,0
2025.12.02,06:27,1.160600,1.160620,1.160550,1.160610,0
2025.12.02,06:28,1.160610,1.160760,1.160610,1.160720,0
2025.12.02,06:29,1.160710,1.160760,1.160710,1.160750,0
2025.12.02,06:30,1.160770,1.160770,1.160690,1.160720,0
2025.12.02,06:31,1.160700,1.160810,1.160660,1.160810,0
2025.12.02,06:32,1.160790,1.160870,1.160770,1.160870,0
2025.12.02,06:33,1.160860,1.160880,1.160830,1.160880,0
2025.12.02,06:34,1.160900,1.160960,1.160860,1.160960,0
2025.12.02,06:35,1.160930,1.160970,1.160830,1.160830,0
2025.12.02,06:36,1.160810,1.160830,1.160760,1.160810,0
2025.12.02,06:37,1.160780,1.160790,1.160720,1.160770,0
2025.12.02,06:38,1.160800,1.160800,1.160740,1.160750,0
2025.12.02,06:39,1.160730,1.160840,1.160710,1.160760,0
2025.12.02,06:40,1.160750,1.160770,1.160720,1.160760,0
2025.12.02,06:41,1.160750,1.160780,1.160720,1.160770,0
2025.12.02,06:42,1.160780,1.160860,1.160730,1.160860,0
2025.12.02,06:43,1.160880,1.160960,1.160860,1.160900,0
2025.12.02,06:44,1.160880,1.160920,1.160860,1.160880,0
2025.12.02,06:45,1.160900,1.160900,1.160880,1.160880,0
2025.12.02,06:46,1.160870,1.160870,1.160780,1.160790,0
2025.12.02,06:47,1.160790,1.160810,1.160710,1.160810,0
2025.12.02,06:48,1.160810,1.160850,1.160800,1.160850,0
2025.12.02,06:49,1.160880,1.160940,1.160880,1.160910,0
2025.12.02,06:50,1.160910,1.160950,1.160850,1.160860,0
2025.12.02,06:51,1.160850,1.160930,1.160840,1.160900,0
2025.12.02,06:52,1.160910,1.160970,1.160890,1.160910,0
2025.12.02,06:53,1.160910,1.161010,1.160870,1.161000,0
2025.12.02,06:54,1.160980,1.160990,1.160920,1.160970,0
2025.12.02,06:55,1.160970,1.161030,1.160970,1.160970,0
2025.12.02,06:56,1.160980,1.161060,1.160980,1.161040,0
2025.12.02,06:57,1.161030,1.161230,1.160960,1.161200,0
2025.12.02,06:58,1.161180,1.161280,1.161140,1.161200,0
2025.12.02,06:59,1.161210,1.161220,1.161090,1.161160,0
2025.12.02,07:00,1.161170,1.161180,1.161060,1.161160,0
2025.12.02,07:01,1.161170,1.161210,1.161050,1.161100,0
2025.12.02,07:02,1.161080,1.161230,1.161060,1.161160,0
2025.12.02,07:03,1.161150,1.161210,1.161110,1.161190,0
2025.12.02,07:04,1.161200,1.161200,1.161150,1.161170,0
2025.12.02,07:05,1.161170,1.161210,1.161120,1.161170,0
2025.12.02,07:06,1.161160,1.161170,1.161060,1.161150,0
2025.12.02,07:07,1.161140,1.161180,1.161100,1.161120,0
2025.12.02,07:08,1.161120,1.161230,1.161120,1.161210,0
2025.12.02,07:09,1.161240,1.161240,1.161200,1.161220,0
2025.12.02,07:10,1.161210,1.161220,1.161080,1.161110,0
2025.12.02,07:11,1.161110,1.161110,1.160970,1.161060,0
2025.12.02,07:12,1.161050,1.161060,1.161010,1.161050,0
2025.12.02,07:13,1.161050,1.161070,1.160930,1.160930,0
2025.12.02,07:14,1.160920,1.160920,1.160820,1.160840,0
2025.12.02,07:15,1.160830,1.160870,1.160780,1.160870,0
2025.12.02,07:16,1.160850,1.160870,1.160740,1.160780,0
2025.12.02,07:17,1.160780,1.160820,1.160720,1.160820,0
2025.12.02,07:18,1.160800,1.160840,1.160730,1.160830,0
2025.12.02,07:19,1.160830,1.160920,1.160790,1.160790,0
2025.12.02,07:20,1.160800,1.160830,1.160790,1.160810,0
2025.12.02,07:21,1.160790,1.160820,1.160790,1.160820,0
2025.12.02,07:22,1.160820,1.160960,1.160770,1.160920,0
2025.12.02,07:23,1.160910,1.161050,1.160900,1.161000,0
2025.12.02,07:24,1.161020,1.161180,1.161020,1.161180,0
2025.12.02,07:25,1.161190,1.161200,1.161130,1.161160,0
2025.12.02,07:26,1.161170,1.161350,1.161170,1.161310,0
2025.12.02,07:27,1.161330,1.161440,1.161310,1.161430,0
2025.12.02,07:28,1.161420,1.161420,1.161210,1.161210,0
2025.12.02,07:29,1.161230,1.161370,1.161230,1.161320,0
2025.12.02,07:30,1.161340,1.161440,1.161320,1.161410,0
2025.12.02,07:31,1.161420,1.161420,1.161360,1.161390,0
2025.12.02,07:32,1.161380,1.161380,1.161310,1.161370,0
2025.12.02,07:33,1.161370,1.161370,1.161270,1.161310,0
2025.12.02,07:34,1.161310,1.161310,1.161260,1.161270,0
2025.12.02,07:35,1.161270,1.161330,1.161270,1.161320,0
2025.12.02,07:36,1.161300,1.161410,1.161300,1.161370,0
2025.12.02,07:37,1.161380,1.161390,1.161370,1.161380,0
2025.12.02,07:38,1.161380,1.161380,1.161320,1.161340,0
2025.12.02,07:39,1.161340,1.161340,1.161290,1.161330,0
2025.12.02,07:40,1.161320,1.161320,1.161220,1.161250,0
2025.12.02,07:41,1.161260,1.161420,1.161250,1.161410,0
2025.12.02,07:42,1.161410,1.161600,1.161400,1.161550,0
2025.12.02,07:43,1.161540,1.161600,1.161500,1.161510,0
2025.12.02,07:44,1.161520,1.161650,1.161510,1.161630,0
2025.12.02,07:45,1.161640,1.161840,1.161640,1.161820,0
2025.12.02,07:46,1.161810,1.161870,1.161730,1.161850,0
2025.12.02,07:47,1.161850,1.161910,1.161760,1.161860,0
2025.12.02,07:48,1.161810,1.161820,1.161690,1.161760,0
2025.12.02,07:49,1.161750,1.161790,1.161720,1.161760,0
2025.12.02,07:50,1.161750,1.161780,1.161700,1.161750,0
2025.12.02,07:51,1.161740,1.161760,1.161620,1.161750,0
2025.12.02,07:52,1.161760,1.161850,1.161720,1.161830,0
2025.12.02,07:53,1.161840,1.161930,1.161730,1.161930,0
2025.12.02,07:54,1.161910,1.161910,1.161850,1.161900,0
2025.12.02,07:55,1.161890,1.161890,1.161690,1.161760,0
2025.12.02,07:56,1.161740,1.161770,1.161700,1.161700,0
2025.12.02,07:57,1.161700,1.161730,1.161650,1.161680,0
2025.12.02,07:58,1.161690,1.161780,1.161690,1.161760,0
2025.12.02,07:59,1.161770,1.161800,1.161740,1.161760,0
2025.12.02,08:00,1.161770,1.161800,1.161700,1.161790,0
2025.12.02,08:01,1.161780,1.161940,1.161750,1.161760,0
2025.12.02,08:02,1.161770,1.161840,1.161670,1.161670,0
2025.12.02,08:03,1.161640,1.161650,1.161600,1.161650,0
2025.12.02,08:04,1.161630,1.161690,1.161580,1.161620,0
2025.12.02,08:05,1.161650,1.161790,1.161650,1.161730,0
2025.12.02,08:06,1.161710,1.161710,1.161630,1.161670,0
2025.12.02,08:07,1.161660,1.161660,1.161510,1.161510,0
2025.12.02,08:08,1.161500,1.161510,1.161360,1.161360,0
2025.12.02,08:09,1.161350,1.161410,1.161260,1.161400,0
2025.12.02,08:10,1.161390,1.161500,1.161360,1.161480,0
2025.12.02,08:11,1.161490,1.161500,1.161440,1.161450,0
2025.12.02,08:12,1.161450,1.161610,1.161430,1.161610,0
2025.12.02,08:13,1.161600,1.161720,1.161570,1.161720,0
2025.12.02,08:14,1.161740,1.161770,1.161650,1.161700,0
2025.12.02,08:15,1.161730,1.161770,1.161660,1.161690,0
2025.12.02,08:16,1.161680,1.161680,1.161620,1.161660,0
2025.12.02,08:17,1.161680,1.161730,1.161680,1.161710,0
2025.12.02,08:18,1.161720,1.161720,1.161540,1.161600,0
2025.12.02,08:19,1.161620,1.161670,1.161540,1.161550,0
2025.12.02,08:20,1.161580,1.161650,1.161550,1.161570,0
2025.12.02,08:21,1.161590,1.161590,1.161500,1.161530,0
2025.12.02,08:22,1.161540,1.161540,1.161470,1.161520,0
2025.12.02,08:23,1.161550,1.161610,1.161520,1.161540,0
2025.12.02,08:24,1.161550,1.161700,1.161550,1.161630,0
2025.12.02,08:25,1.161630,1.161640,1.161580,1.161590,0
2025.12.02,08:26,1.161600,1.161670,1.161570,1.161670,0
2025.12.02,08:27,1.161660,1.161660,1.161490,1.161490,0
2025.12.02,08:28,1.161490,1.161500,1.161340,1.161340,0
2025.12.02,08:29,1.161350,1.161400,1.161310,1.161380,0
2025.12.02,08:30,1.161350,1.161420,1.161330,1.161370,0
2025.12.02,08:31,1.161390,1.161480,1.161380,1.161430,0
2025.12.02,08:32,1.161420,1.161430,1.161390,1.161400,0
2025.12.02,08:33,1.161420,1.161440,1.161330,1.161340,0
2025.12.02,08:34,1.161360,1.161370,1.161290,1.161290,0
2025.12.02,08:35,1.161300,1.161340,1.161240,1.161260,0
2025.12.02,08:36,1.161260,1.161390,1.161200,1.161390,0
2025.12.02,08:37,1.161380,1.161400,1.161300,1.161370,0
2025.12.02,08:38,1.161370,1.161440,1.161340,1.161380,0
2025.12.02,08:39,1.161380,1.161460,1.161370,1.161460,0
2025.12.02,08:40,1.161460,1.161460,1.161290,1.161290,0
2025.12.02,08:41,1.161340,1.161410,1.161340,1.161410,0
2025.12.02,08:42,1.161440,1.161530,1.161440,1.161530,0
2025.12.02,08:43,1.161550,1.161700,1.161540,1.161610,0
2025.12.02,08:44,1.161630,1.161660,1.161500,1.161510,0
2025.12.02,08:45,1.161510,1.161520,1.161380,1.161380,0
2025.12.02,08:46,1.161380,1.161380,1.161190,1.161220,0
2025.12.02,08:47,1.161210,1.161310,1.161170,1.161200,0
2025.12.02,08:48,1.161190,1.161190,1.161100,1.161150,0
2025.12.02,08:49,1.161130,1.161200,1.161120,1.161200,0
2025.12.02,08:50,1.161200,1.161310,1.161200,1.161260,0
2025.12.02,08:51,1.161250,1.161300,1.161170,1.161300,0
2025.12.02,08:52,1.161310,1.161400,1.161300,1.161390,0
2025.12.02,08:53,1.161410,1.161540,1.161400,1.161520,0
2025.12.02,08:54,1.161530,1.161590,1.161500,1.161590,0
2025.12.02,08:55,1.161570,1.161620,1.161450,1.161620,0
2025.12.02,08:56,1.161630,1.161740,1.161580,1.161680,0
2025.12.02,08:57,1.161690,1.161730,1.161590,1.161640,0
2025.12.02,08:58,1.161620,1.161660,1.161550,1.161650,0
2025.12.02,08:59,1.161640,1.161740,1.161630,1.161740,0
2025.12.02,09:00,1.161750,1.161870,1.161730,1.161830,0
2025.12.02,09:01,1.161820,1.161880,1.161790,1.161820,0
2025.12.02,09:02,1.161840,1.161870,1.161700,1.161820,0
2025.12.02,09:03,1.161810,1.161830,1.161710,1.161770,0
2025.12.02,09:04,1.161790,1.161800,1.161620,1.161770,0
2025.12.02,09:05,1.161760,1.161810,1.161670,1.161730,0
2025.12.02,09:06,1.161750,1.162080,1.161750,1.162030,0
2025.12.02,09:07,1.162030,1.162270,1.162010,1.162250,0
2025.12.02,09:08,1.162260,1.162300,1.162130,1.162130,0
2025.12.02,09:09,1.162130,1.162140,1.161950,1.161980,0
2025.12.02,09:10,1.161980,1.161990,1.161830,1.161870,0
2025.12.02,09:11,1.161890,1.161910,1.161770,1.161770,0
2025.12.02,09:12,1.161760,1.161840,1.161750,1.161760,0
2025.12.02,09:13,1.161760,1.161890,1.161720,1.161830,0
2025.12.02,09:14,1.161830,1.161910,1.161740,1.161850,0
2025.12.02,09:15,1.161860,1.161900,1.161730,1.161750,0
2025.12.02,09:16,1.161740,1.161750,1.161700,1.161740,0
2025.12.02,09:17,1.161740,1.161740,1.161550,1.161630,0
2025.12.02,09:18,1.161650,1.161680,1.161540,1.161600,0
2025.12.02,09:19,1.161590,1.161600,1.161460,1.161460,0
2025.12.02,09:20,1.161460,1.161510,1.161400,1.161480,0
2025.12.02,09:21,1.161470,1.161520,1.161390,1.161390,0
2025.12.02,09:22,1.161380,1.161520,1.161380,1.161510,0
2025.12.02,09:23,1.161500,1.161700,1.161490,1.161690,0
2025.12.02,09:24,1.161700,1.161850,1.161700,1.161830,0
2025.12.02,09:25,1.161820,1.161900,1.161750,1.161900,0
2025.12.02,09:26,1.161910,1.161940,1.161740,1.161750,0
2025.12.02,09:27,1.161750,1.161800,1.161650,1.161650,0
2025.12.02,09:28,1.161670,1.161750,1.161620,1.161680,0
2025.12.02,09:29,1.161670,1.161870,1.161670,1.161830,0
2025.12.02,09:30,1.161840,1.161840,1.161510,1.161700,0
2025.12.02,09:31,1.161720,1.161720,1.161580,1.161620,0
2025.12.02,09:32,1.161620,1.161670,1.161500,1.161500,0
2025.12.02,09:33,1.161510,1.161620,1.161430,1.161570,0
2025.12.02,09:34,1.161580,1.161610,1.161530,1.161590,0
2025.12.02,09:35,1.161570,1.161720,1.161560,1.161670,0
2025.12.02,09:36,1.161690,1.161750,1.161630,1.161660,0
2025.12.02,09:37,1.161670,1.161780,1.161640,1.161750,0
2025.12.02,09:38,1.161740,1.161820,1.161670,1.161820,0
2025.12.02,09:39,1.161800,1.161910,1.161660,1.161660,0
2025.12.02,09:40,1.161670,1.161740,1.161600,1.161700,0
2025.12.02,09:41,1.161690,1.161710,1.161460,1.161620,0
2025.12.02,09:42,1.161600,1.161710,1.161470,1.161690,0
2025.12.02,09:43,1.161690,1.161780,1.161650,1.161720,0
2025.12.02,09:44,1.161730,1.161770,1.161630,1.161640,0
2025.12.02,09:45,1.161640,1.161640,1.161460,1.161470,0
2025.12.02,09:46,1.161490,1.161610,1.161440,1.161510,0
2025.12.02,09:47,1.161520,1.161520,1.161310,1.161330,0
2025.12.02,09:48,1.161320,1.161480,1.161320,1.161450,0
2025.12.02,09:49,1.161450,1.161650,1.161450,1.161510,0
2025.12.02,09:50,1.161510,1.161630,1.161510,1.161590,0
2025.12.02,09:51,1.161590,1.161590,1.161500,1.161520,0
2025.12.02,09:52,1.161530,1.161640,1.161520,1.161560,0
2025.12.02,09:53,1.161570,1.161780,1.161500,1.161730,0
2025.12.02,09:54,1.161720,1.161770,1.161610,1.161720,0
2025.12.02,09:55,1.161720,1.161850,1.161650,1.161820,0
2025.12.02,09:56,1.161820,1.161820,1.161560,1.161570,0
2025.12.02,09:57,1.161570,1.161690,1.161500,1.161650,0
2025.12.02,09:58,1.161650,1.161700,1.161610,1.161660,0
2025.12.02,09:59,1.161680,1.161780,1.161660,1.161770,0
2025.12.02,10:00,1.161780,1.161850,1.161690,1.161700,0
2025.12.02,10:01,1.161700,1.161700,1.161370,1.161500,0
2025.12.02,10:02,1.161490,1.161500,1.161400,1.161480,0
2025.12.02,10:03,1.161490,1.161640,1.161460,1.161620,0
2025.12.02,10:04,1.161610,1.161670,1.161550,1.161550,0
2025.12.02,10:05,1.161550,1.161560,1.161410,1.161410,0
2025.12.02,10:06,1.161400,1.161500,1.161250,1.161250,0
2025.12.02,10:07,1.161250,1.161250,1.160810,1.160970,0
2025.12.02,10:08,1.160950,1.161120,1.160710,1.160740,0
2025.12.02,10:09,1.160730,1.160920,1.160730,1.160770,0
2025.12.02,10:10,1.160780,1.160780,1.160270,1.160590,0
2025.12.02,10:11,1.160580,1.160610,1.160330,1.160510,0
2025.12.02,10:12,1.160520,1.160720,1.160450,1.160690,0
2025.12.02,10:13,1.160720,1.160750,1.160460,1.160520,0
2025.12.02,10:14,1.160530,1.160570,1.160460,1.160490,0
2025.12.02,10:15,1.160510,1.160620,1.160470,1.160610,0
2025.12.02,10:16,1.160600,1.160640,1.160450,1.160520,0
2025.12.02,10:17,1.160530,1.160560,1.160240,1.160240,0
2025.12.02,10:18,1.160220,1.160320,1.160210,1.160240,0
2025.12.02,10:19,1.160240,1.160390,1.160240,1.160310,0
2025.12.02,10:20,1.160320,1.160320,1.160120,1.160150,0
2025.12.02,10:21,1.160160,1.160190,1.159900,1.159900,0
2025.12.02,10:22,1.159920,1.159950,1.159690,1.159720,0
2025.12.02,10:23,1.159700,1.159720,1.159600,1.159680,0
2025.12.02,10:24,1.159670,1.159670,1.159490,1.159590,0
2025.12.02,10:25,1.159580,1.159610,1.159320,1.159470,0
2025.12.02,10:26,1.159450,1.159680,1.159450,1.159680,0
2025.12.02,10:27,1.159670,1.159820,1.159620,1.159810,0
2025.12.02,10:28,1.159820,1.159920,1.159720,1.159860,0
2025.12.02,10:29,1.159860,1.159980,1.159860,1.159950,0
2025.12.02,10:30,1.159980,1.160450,1.159980,1.160430,0
2025.12.02,10:31,1.160420,1.160700,1.160410,1.160700,0
2025.12.02,10:32,1.160700,1.161010,1.160660,1.160990,0
2025.12.02,10:33,1.160990,1.161440,1.160970,1.161310,0
2025.12.02,10:34,1.161300,1.161390,1.161110,1.161270,0
2025.12.02,10:35,1.161280,1.161410,1.161150,1.161310,0
2025.12.02,10:36,1.161320,1.161400,1.161230,1.161390,0
2025.12.02,10:37,1.161390,1.161590,1.161340,1.161360,0
2025.12.02,10:38,1.161380,1.161380,1.161290,1.161350,0
2025.12.02,10:39,1.161350,1.161450,1.161210,1.161220,0
2025.12.02,10:40,1.161230,1.161260,1.160730,1.160730,0
2025.12.02,10:41,1.160740,1.160970,1.160730,1.160950,0
2025.12.02,10:42,1.160950,1.161140,1.160860,1.160990,0
2025.12.02,10:43,1.161010,1.161060,1.160950,1.160970,0
2025.12.02,10:44,1.160970,1.161050,1.160920,1.161040,0
2025.12.02,10:45,1.161030,1.161270,1.160900,1.160900,0
2025.12.02,10:46,1.160930,1.161100,1.160880,1.160960,0
2025.12.02,10:47,1.160950,1.160970,1.160770,1.160880,0
2025.12.02,10:48,1.160870,1.160870,1.160640,1.160640,0
2025.12.02,10:49,1.160650,1.160790,1.160510,1.160770,0
2025.12.02,10:50,1.160760,1.160880,1.160710,1.160860,0
2025.12.02,10:51,1.160860,1.160900,1.160660,1.160670,0
2025.12.02,10:52,1.160660,1.160670,1.160360,1.160420,0
2025.12.02,10:53,1.160410,1.160410,1.160190,1.160210,0
2025.12.02,10:54,1.160190,1.160270,1.160140,1.160160,0
2025.12.02,10:55,1.160180,1.160570,1.160170,1.160560,0
2025.12.02,10:56,1.160550,1.160550,1.160380,1.160440,0
2025.12.02,10:57,1.160430,1.160590,1.160360,1.160570,0
2025.12.02,10:58,1.160570,1.160620,1.160540,1.160580,0
2025.12.02,10:59,1.160560,1.160690,1.160560,1.160610,0
2025.12.02,11:00,1.160610,1.160750,1.160610,1.160750,0
2025.12.02,11:01,1.160720,1.160740,1.160560,1.160580,0
2025.12.02,11:02,1.160580,1.160700,1.160560,1.160650,0
2025.12.02,11:03,1.160660,1.160760,1.160530,1.160680,0
2025.12.02,11:04,1.160690,1.160700,1.160570,1.160650,0
2025.12.02,11:05,1.160670,1.160730,1.160540,1.160550,0
2025.12.02,11:06,1.160550,1.160600,1.160430,1.160490,0
2025.12.02,11:07,1.160480,1.160490,1.160350,1.160440,0
2025.12.02,11:08,1.160440,1.160450,1.160280,1.160410,0
2025.12.02,11:09,1.160430,1.160450,1.160330,1.160430,0
2025.12.02,11:10,1.160400,1.160530,1.160280,1.160490,0
2025.12.02,11:11,1.160500,1.160510,1.160420,1.160420,0
2025.12.02,11:12,1.160420,1.160620,1.160320,1.160600,0
2025.12.02,11:13,1.160580,1.160680,1.160550,1.160660,0
2025.12.02,11:14,1.160660,1.160690,1.160550,1.160570,0
2025.12.02,11:15,1.160560,1.160610,1.160460,1.160560,0
2025.12.02,11:16,1.160550,1.160600,1.160430,1.160470,0
2025.12.02,11:17,1.160480,1.160480,1.160290,1.160340,0
2025.12.02,11:18,1.160330,1.160360,1.160280,1.160300,0
2025.12.02,11:19,1.160310,1.160370,1.160280,1.160340,0
2025.12.02,11:20,1.160370,1.160420,1.160320,1.160420,0
2025.12.02,11:21,1.160400,1.160460,1.160350,1.160350,0
2025.12.02,11:22,1.160370,1.160370,1.160150,1.160150,0
2025.12.02,11:23,1.160140,1.160240,1.160100,1.160170,0
2025.12.02,11:24,1.160160,1.160260,1.160160,1.160220,0
2025.12.02,11:25,1.160230,1.160310,1.160220,1.160270,0
2025.12.02,11:26,1.160270,1.160400,1.160270,1.160380,0
2025.12.02,11:27,1.160400,1.160620,1.160400,1.160600,0
2025.12.02,11:28,1.160600,1.160700,1.160570,1.160700,0
2025.12.02,11:29,1.160700,1.160810,1.160680,1.160680,0
2025.12.02,11:30,1.160680,1.160720,1.160630,1.160660,0
2025.12.02,11:31,1.160670,1.160890,1.160670,1.160800,0
2025.12.02,11:32,1.160800,1.160810,1.160690,1.160730,0
2025.12.02,11:33,1.160730,1.160890,1.160720,1.160820,0
2025.12.02,11:34,1.160830,1.160960,1.160770,1.160790,0
2025.12.02,11:35,1.160800,1.160850,1.160630,1.160670,0
2025.12.02,11:36,1.160660,1.160720,1.160460,1.160460,0
2025.12.02,11:37,1.160460,1.160510,1.160410,1.160490,0
2025.12.02,11:38,1.160480,1.160500,1.160230,1.160230,0
2025.12.02,11:39,1.160250,1.160460,1.160250,1.160400,0
2025.12.02,11:40,1.160420,1.160470,1.160320,1.160460,0
2025.12.02,11:41,1.160450,1.160480,1.160430,1.160450,0
2025.12.02,11:42,1.160440,1.160460,1.160330,1.160360,0
2025.12.02,11:43,1.160360,1.160380,1.160290,1.160320,0
2025.12.02,11:44,1.160330,1.160350,1.160190,1.160190,0
2025.12.02,11:45,1.160190,1.160290,1.160120,1.160210,0
2025.12.02,11:46,1.160220,1.160260,1.160130,1.160130,0
2025.12.02,11:47,1.160150,1.160260,1.160120,1.160210,0
2025.12.02,11:48,1.160220,1.160230,1.160070,1.160070,0
2025.12.02,11:49,1.160080,1.160100,1.159880,1.159920,0
2025.12.02,11:50,1.159900,1.159950,1.159830,1.159920,0
2025.12.02,11:51,1.159920,1.159940,1.159870,1.159900,0
2025.12.02,11:52,1.159870,1.159970,1.159850,1.159950,0
2025.12.02,11:53,1.159940,1.160000,1.159870,1.159880,0
2025.12.02,11:54,1.159910,1.160060,1.159900,1.160050,0
2025.12.02,11:55,1.160080,1.160130,1.160020,1.160060,0
2025.12.02,11:56,1.160090,1.160140,1.159990,1.160140,0
2025.12.02,11:57,1.160130,1.160140,1.159290,1.159320,0
2025.12.02,11:58,1.159350,1.159420,1.159100,1.159270,0
2025.12.02,11:59,1.159280,1.159530,1.159210,1.159530,0
2025.12.02,12:00,1.159520,1.159710,1.159500,1.159560,0
2025.12.02,12:01,1.159580,1.159730,1.159510,1.159700,0
2025.12.02,12:02,1.159690,1.159690,1.159420,1.159490,0
2025.12.02,12:03,1.159500,1.159710,1.159490,1.159660,0
2025.12.02,12:04,1.159660,1.159710,1.159550,1.159710,0
2025.12.02,12:05,1.159720,1.159850,1.159700,1.159770,0
2025.12.02,12:06,1.159760,1.159850,1.159720,1.159840,0
2025.12.02,12:07,1.159870,1.159900,1.159710,1.159760,0
2025.12.02,12:08,1.159740,1.159760,1.159650,1.159760,0
2025.12.02,12:09,1.159750,1.159830,1.159610,1.159640,0
2025.12.02,12:10,1.159620,1.159630,1.159410,1.159410,0
2025.12.02,12:11,1.159440,1.159480,1.159280,1.159410,0
2025.12.02,12:12,1.159390,1.159420,1.159350,1.159400,0
2025.12.02,12:13,1.159410,1.159570,1.159400,1.159570,0
2025.12.02,12:14,1.159550,1.159610,1.159490,1.159600,0
2025.12.02,12:15,1.159590,1.159710,1.159550,1.159600,0
2025.12.02,12:16,1.159610,1.159680,1.159550,1.159560,0
2025.12.02,12:17,1.159570,1.159650,1.159570,1.159600,0
2025.12.02,12:18,1.159620,1.159640,1.159500,1.159520,0
2025.12.02,12:19,1.159510,1.159540,1.159450,1.159520,0
2025.12.02,12:20,1.159510,1.159700,1.159510,1.159650,0
2025.12.02,12:21,1.159660,1.159880,1.159660,1.159870,0
2025.12.02,12:22,1.159860,1.159970,1.159820,1.159970,0
2025.12.02,12:23,1.159960,1.160060,1.159930,1.160040,0
2025.12.02,12:24,1.160060,1.160160,1.160050,1.160150,0
2025.12.02,12:25,1.160150,1.160260,1.160110,1.160250,0
2025.12.02,12:26,1.160240,1.160330,1.160210,1.160300,0
2025.12.02,12:27,1.160310,1.160350,1.160250,1.160270,0
2025.12.02,12:28,1.160300,1.160310,1.160270,1.160270,0
2025.12.02,12:29,1.160250,1.160250,1.160140,1.160160,0
2025.12.02,12:30,1.160160,1.160580,1.160030,1.160540,0
2025.12.02,12:31,1.160540,1.160590,1.160310,1.160510,0
2025.12.02,12:32,1.160550,1.160600,1.160500,1.160540,0
2025.12.02,12:33,1.160540,1.160720,1.160540,1.160630,0
2025.12.02,12:34,1.160630,1.160650,1.160500,1.160620,0
2025.12.02,12:35,1.160620,1.160700,1.160610,1.160690,0
2025.12.02,12:36,1.160670,1.160740,1.160600,1.160600,0
2025.12.02,12:37,1.160610,1.160620,1.160530,1.160540,0
2025.12.02,12:38,1.160540,1.160590,1.160530,1.160560,0
2025.12.02,12:39,1.160550,1.160550,1.160500,1.160540,0
2025.12.02,12:40,1.160550,1.160570,1.160550,1.160570,0
2025.12.02,12:41,1.160560,1.160740,1.160560,1.160680,0
2025.12.02,12:42,1.160660,1.160680,1.160630,1.160680,0
2025.12.02,12:43,1.160670,1.160680,1.160590,1.160590,0
2025.12.02,12:44,1.160590,1.160710,1.160590,1.160660,0
2025.12.02,12:45,1.160680,1.160730,1.160660,1.160680,0
2025.12.02,12:46,1.160690,1.160720,1.160680,1.160690,0
2025.12.02,12:47,1.160680,1.160700,1.160660,1.160670,0
2025.12.02,12:48,1.160700,1.160780,1.160700,1.160730,0
2025.12.02,12:49,1.160740,1.160750,1.160570,1.160570,0
2025.12.02,12:50,1.160550,1.160640,1.160510,1.160540,0
2025.12.02,12:51,1.160540,1.160610,1.160490,1.160610,0
2025.12.02,12:52,1.160610,1.160750,1.160610,1.160720,0
2025.12.02,12:53,1.160730,1.160770,1.160730,1.160760,0
2025.12.02,12:54,1.160750,1.160760,1.160700,1.160710,0
2025.12.02,12:55,1.160720,1.160740,1.160700,1.160720,0
2025.12.02,12:56,1.160740,1.160780,1.160690,1.160690,0
2025.12.02,12:57,1.160680,1.160710,1.160630,1.160640,0
2025.12.02,12:58,1.160630,1.160720,1.160600,1.160700,0
2025.12.02,12:59,1.160710,1.160770,1.160700,1.160710,0
2025.12.02,13:00,1.160710,1.160820,1.160700,1.160720,0
2025.12.02,13:01,1.160710,1.160820,1.160700,1.160810,0
2025.12.02,13:02,1.160810,1.160810,1.160690,1.160710,0
2025.12.02,13:03,1.160720,1.160870,1.160710,1.160860,0
2025.12.02,13:04,1.160870,1.160970,1.160850,1.160910,0
2025.12.02,13:05,1.160910,1.161040,1.160910,1.161020,0
2025.12.02,13:06,1.161030,1.161130,1.161030,1.161120,0
2025.12.02,13:07,1.161100,1.161260,1.161070,1.161210,0
2025.12.02,13:08,1.161220,1.161300,1.161190,1.161200,0
2025.12.02,13:09,1.161190,1.161280,1.161150,1.161170,0
2025.12.02,13:10,1.161190,1.161200,1.161080,1.161080,0
2025.12.02,13:11,1.161070,1.161170,1.161070,1.161150,0
2025.12.02,13:12,1.161140,1.161140,1.161060,1.161110,0
2025.12.02,13:13,1.161110,1.161120,1.161070,1.161080,0
2025.12.02,13:14,1.161070,1.161080,1.161040,1.161070,0
2025.12.02,13:15,1.161080,1.161090,1.161000,1.161030,0
2025.12.02,13:16,1.161040,1.161130,1.161010,1.161130,0
2025.12.02,13:17,1.161140,1.161190,1.161130,1.161190,0
2025.12.02,13:18,1.161180,1.161220,1.161150,1.161210,0
2025.12.02,13:19,1.161230,1.161280,1.161230,1.161260,0
2025.12.02,13:20,1.161280,1.161310,1.161190,1.161220,0
2025.12.02,13:21,1.161200,1.161200,1.161100,1.161130,0
2025.12.02,13:22,1.161140,1.161140,1.161030,1.161070,0
2025.12.02,13:23,1.161070,1.161070,1.161050,1.161070,0
2025.12.02,13:24,1.161090,1.161150,1.161050,1.161150,0
2025.12.02,13:25,1.161140,1.161140,1.161010,1.161060,0
2025.12.02,13:26,1.161050,1.161050,1.160970,1.161020,0
2025.12.02,13:27,1.161020,1.161170,1.161000,1.161120,0
2025.12.02,13:28,1.161110,1.161110,1.161000,1.161000,0
2025.12.02,13:29,1.161010,1.161020,1.161010,1.161020,0
2025.12.02,13:30,1.161010,1.161030,1.160950,1.161000,0
2025.12.02,13:31,1.161020,1.161130,1.161020,1.161110,0
2025.12.02,13:32,1.161090,1.161110,1.161030,1.161090,0
2025.12.02,13:33,1.161110,1.161110,1.160930,1.160930,0
2025.12.02,13:34,1.160920,1.160920,1.160830,1.160850,0
2025.12.02,13:35,1.160820,1.160850,1.160700,1.160710,0
2025.12.02,13:36,1.160710,1.160710,1.160650,1.160660,0
2025.12.02,13:37,1.160670,1.160710,1.160670,1.160700,0
2025.12.02,13:38,1.160690,1.160700,1.160650,1.160650,0
2025.12.02,13:39,1.160660,1.160670,1.160620,1.160620,0
2025.12.02,13:40,1.160620,1.160670,1.160570,1.160660,0
2025.12.02,13:41,1.160640,1.160640,1.160560,1.160580,0
2025.12.02,13:42,1.160580,1.160610,1.160580,1.160610,0
2025.12.02,13:43,1.160590,1.160700,1.160590,1.160690,0
2025.12.02,13:44,1.160690,1.160710,1.160610,1.160610,0
2025.12.02,13:45,1.160600,1.160770,1.160570,1.160750,0
2025.12.02,13:46,1.160750,1.160790,1.160700,1.160740,0
2025.12.02,13:47,1.160760,1.160790,1.160730,1.160730,0
2025.12.02,13:48,1.160740,1.160820,1.160700,1.160750,0
2025.12.02,13:49,1.160770,1.160780,1.160710,1.160760,0
2025.12.02,13:50,1.160760,1.160770,1.160660,1.160690,0
2025.12.02,13:51,1.160710,1.160740,1.160630,1.160740,0
2025.12.02,13:52,1.160760,1.160790,1.160720,1.160760,0
2025.12.02,13:53,1.160790,1.160850,1.160780,1.160790,0
2025.12.02,13:54,1.160810,1.160830,1.160800,1.160800,0
2025.12.02,13:55,1.160820,1.160830,1.160760,1.160830,0
2025.12.02,13:56,1.160820,1.160900,1.160790,1.160820,0
2025.12.02,13:57,1.160810,1.160890,1.160810,1.160850,0
2025.12.02,13:58,1.160850,1.160910,1.160820,1.160860,0
2025.12.02,13:59,1.160850,1.160880,1.160840,1.160870,0
2025.12.02,14:00,1.160880,1.160950,1.160860,1.160900,0
2025.12.02,14:01,1.160910,1.161060,1.160910,1.161050,0
2025.12.02,14:02,1.161060,1.161080,1.160990,1.161040,0
2025.12.02,14:03,1.161050,1.161080,1.161040,1.161050,0
2025.12.02,14:04,1.161080,1.161080,1.161000,1.161050,0
2025.12.02,14:05,1.161060,1.161220,1.161060,1.161200,0
2025.12.02,14:06,1.161200,1.161230,1.161040,1.161050,0
2025.12.02,14:07,1.161060,1.161240,1.161060,1.161200,0
2025.12.02,14:08,1.161200,1.161260,1.161190,1.161260,0
2025.12.02,14:09,1.161250,1.161320,1.161240,1.161300,0
2025.12.02,14:10,1.161290,1.161330,1.161250,1.161300,0
2025.12.02,14:11,1.161290,1.161320,1.161210,1.161220,0
2025.12.02,14:12,1.161230,1.161330,1.161180,1.161310,0
2025.12.02,14:13,1.161340,1.161380,1.161330,1.161340,0
2025.12.02,14:14,1.161320,1.161360,1.161320,1.161360,0
2025.12.02,14:15,1.161350,1.161430,1.161330,1.161400,0
2025.12.02,14:16,1.161410,1.161420,1.161390,1.161390,0
2025.12.02,14:17,1.161400,1.161440,1.161390,1.161390,0
2025.12.02,14:18,1.161390,1.161470,1.161390,1.161460,0
2025.12.02,14:19,1.161460,1.161470,1.161450,1.161450,0
2025.12.02,14:20,1.161470,1.161580,1.161460,1.161560,0
2025.12.02,14:21,1.161580,1.161580,1.161510,1.161570,0
2025.12.02,14:22,1.161580,1.161650,1.161550,1.161620,0
2025.12.02,14:23,1.161620,1.161620,1.161570,1.161570,0
2025.12.02,14:24,1.161580,1.161580,1.161540,1.161560,0
2025.12.02,14:25,1.161570,1.161590,1.161470,1.161480,0
2025.12.02,14:26,1.161470,1.161580,1.161470,1.161570,0
2025.12.02,14:27,1.161570,1.161580,1.161540,1.161560,0
2025.12.02,14:28,1.161540,1.161560,1.161520,1.161520,0
2025.12.02,14:29,1.161500,1.161520,1.161480,1.161500,0
2025.12.02,14:30,1.161490,1.161520,1.161470,1.161520,0
2025.12.02,14:31,1.161540,1.161560,1.161500,1.161500,0
2025.12.02,14:32,1.161520,1.161520,1.161440,1.161470,0
2025.12.02,14:33,1.161480,1.161490,1.161450,1.161470,0
2025.12.02,14:34,1.161490,1.161530,1.161480,1.161500,0
2025.12.02,14:35,1.161520,1.161540,1.161440,1.161480,0
2025.12.02,14:36,1.161460,1.161470,1.161400,1.161400,0
2025.12.02,14:37,1.161420,1.161470,1.161410,1.161450,0
2025.12.02,14:38,1.161450,1.161470,1.161450,1.161470,0
2025.12.02,14:39,1.161470,1.161470,1.161410,1.161460,0
2025.12.02,14:40,1.161460,1.161500,1.161450,1.161490,0
2025.12.02,14:41,1.161490,1.161520,1.161490,1.161510,0
2025.12.02,14:42,1.161530,1.161620,1.161530,1.161580,0
2025.12.02,14:43,1.161570,1.161620,1.161560,1.161600,0
2025.12.02,14:44,1.161610,1.161670,1.161600,1.161640,0
2025.12.02,14:45,1.161650,1.161650,1.161520,1.161520,0
2025.12.02,14:46,1.161530,1.161640,1.161530,1.161620,0
2025.12.02,14:47,1.161610,1.161610,1.161520,1.161530,0
2025.12.02,14:48,1.161540,1.161630,1.161520,1.161630,0
2025.12.02,14:49,1.161650,1.161650,1.161560,1.161560,0
2025.12.02,14:50,1.161570,1.161570,1.161430,1.161450,0
2025.12.02,14:51,1.161450,1.161550,1.161450,1.161530,0
2025.12.02,14:52,1.161550,1.161620,1.161540,1.161550,0
2025.12.02,14:53,1.161560,1.161560,1.161520,1.161550,0
2025.12.02,14:54,1.161550,1.161550,1.161500,1.161520,0
2025.12.02,14:55,1.161510,1.161610,1.161510,1.161610,0
2025.12.02,14:56,1.161580,1.161680,1.161580,1.161620,0
2025.12.02,14:57,1.161630,1.162450,1.161630,1.162370,0
2025.12.02,14:58,1.162350,1.162480,1.162190,1.162290,0
2025.12.02,14:59,1.162280,1.162280,1.162040,1.162060,0
2025.12.02,15:00,1.162040,1.162270,1.162040,1.162270,0
2025.12.02,15:01,1.162260,1.162430,1.162160,1.162410,0
2025.12.02,15:02,1.162420,1.162540,1.162400,1.162540,0
2025.12.02,15:03,1.162530,1.162570,1.162350,1.162440,0
2025.12.02,15:04,1.162420,1.162420,1.162330,1.162340,0
2025.12.02,15:05,1.162320,1.162380,1.162240,1.162370,0
2025.12.02,15:06,1.162370,1.162520,1.162350,1.162520,0
2025.12.02,15:07,1.162520,1.162570,1.162430,1.162430,0
2025.12.02,15:08,1.162440,1.162440,1.162350,1.162350,0
2025.12.02,15:09,1.162340,1.162390,1.162300,1.162360,0
2025.12.02,15:10,1.162370,1.162420,1.162360,1.162390,0
2025.12.02,15:11,1.162410,1.162420,1.162330,1.162350,0
2025.12.02,15:12,1.162360,1.162360,1.162260,1.162310,0
2025.12.02,15:13,1.162270,1.162310,1.162170,1.162300,0
2025.12.02,15:14,1.162290,1.162340,1.162250,1.162330,0
2025.12.02,15:15,1.162330,1.162400,1.162310,1.162360,0
2025.12.02,15:16,1.162350,1.162370,1.162350,1.162350,0
2025.12.02,15:17,1.162340,1.162350,1.162250,1.162320,0
2025.12.02,15:18,1.162310,1.162310,1.162200,1.162210,0
2025.12.02,15:19,1.162220,1.162220,1.162190,1.162210,0
2025.12.02,15:20,1.162230,1.162250,1.162160,1.162250,0
2025.12.02,15:21,1.162250,1.162250,1.162140,1.162150,0
2025.12.02,15:22,1.162160,1.162160,1.162050,1.162080,0
2025.12.02,15:23,1.162060,1.162090,1.161990,1.162050,0
2025.12.02,15:24,1.162060,1.162080,1.162010,1.162080,0
2025.12.02,15:25,1.162070,1.162070,1.162050,1.162050,0
2025.12.02,15:26,1.162050,1.162110,1.162000,1.162090,0
2025.12.02,15:27,1.162090,1.162090,1.162020,1.162060,0
2025.12.02,15:28,1.162050,1.162070,1.162040,1.162040,0
2025.12.02,15:29,1.162030,1.162030,1.161980,1.161990,0
2025.12.02,15:30,1.161990,1.162030,1.161960,1.161990,0
2025.12.02,15:31,1.162000,1.162040,1.161980,1.162020,0
2025.12.02,15:32,1.162020,1.162080,1.162000,1.162050,0
2025.12.02,15:33,1.162050,1.162180,1.162050,1.162120,0
2025.12.02,15:34,1.162120,1.162140,1.162050,1.162130,0
2025.12.02,15:35,1.162120,1.162150,1.162110,1.162150,0
2025.12.02,15:36,1.162170,1.162180,1.162140,1.162160,0
2025.12.02,15:37,1.162160,1.162160,1.162090,1.162120,0
2025.12.02,15:38,1.162120,1.162160,1.162120,1.162150,0
2025.12.02,15:39,1.162160,1.162160,1.162140,1.162160,0
2025.12.02,15:40,1.162180,1.162250,1.162160,1.162250,0
2025.12.02,15:41,1.162240,1.162250,1.162240,1.162240,0
2025.12.02,15:42,1.162240,1.162260,1.162240,1.162250,0
2025.12.02,15:43,1.162240,1.162300,1.162240,1.162270,0
2025.12.02,15:44,1.162250,1.162260,1.162230,1.162260,0
2025.12.02,15:45,1.162270,1.162370,1.162260,1.162360,0
2025.12.02,15:46,1.162370,1.162420,1.162350,1.162420,0
2025.12.02,15:47,1.162430,1.162440,1.162380,1.162390,0
2025.12.02,15:48,1.162380,1.162400,1.162350,1.162350,0
2025.12.02,15:49,1.162330,1.162490,1.162330,1.162490,0
2025.12.02,15:50,1.162500,1.162540,1.162480,1.162530,0
2025.12.02,15:51,1.162520,1.162550,1.162480,1.162490,0
2025.12.02,15:52,1.162490,1.162550,1.162490,1.162540,0
2025.12.02,15:53,1.162550,1.162550,1.162490,1.162520,0
2025.12.02,15:54,1.162510,1.162520,1.162490,1.162500,0
2025.12.02,15:55,1.162480,1.162500,1.162390,1.162440,0
2025.12.02,15:56,1.162460,1.162580,1.162440,1.162470,0
2025.12.02,15:57,1.162470,1.162520,1.162430,1.162480,0
2025.12.02,15:58,1.162470,1.162470,1.162430,1.162450,0
2025.12.02,15:59,1.162470,1.162500,1.162420,1.162430,0
2025.12.02,16:00,1.162430,1.162430,1.162320,1.162320,0
2025.12.02,16:01,1.162320,1.162360,1.162310,1.162360,0
2025.12.02,16:02,1.162360,1.162360,1.162340,1.162350,0
2025.12.02,16:03,1.162360,1.162360,1.162330,1.162340,0
2025.12.02,16:04,1.162330,1.162390,1.162330,1.162390,0
2025.12.02,16:05,1.162380,1.162390,1.162310,1.162330,0
2025.12.02,16:06,1.162330,1.162380,1.162330,1.162380,0
2025.12.02,16:07,1.162360,1.162380,1.162340,1.162340,0
2025.12.02,16:08,1.162320,1.162320,1.162270,1.162300,0
2025.12.02,16:09,1.162300,1.162310,1.162220,1.162250,0
2025.12.02,16:10,1.162240,1.162240,1.162220,1.162240,0
2025.12.02,16:11,1.162240,1.162260,1.162190,1.162210,0
2025.12.02,16:12,1.162190,1.162190,1.162100,1.162160,0
2025.12.02,16:13,1.162190,1.162220,1.162180,1.162210,0
2025.12.02,16:14,1.162220,1.162240,1.162210,1.162240,0
2025.12.02,16:15,1.162240,1.162240,1.162210,1.162210,0
2025.12.02,16:17,1.162230,1.162230,1.162190,1.162230,0
2025.12.02,16:18,1.162220,1.162240,1.162190,1.162240,0
2025.12.02,16:19,1.162230,1.162240,1.162220,1.162220,0
2025.12.02,16:20,1.162220,1.162240,1.162210,1.162220,0
2025.12.02,16:21,1.162220,1.162220,1.162210,1.162210,0
2025.12.02,16:22,1.162220,1.162260,1.162200,1.162240,0
2025.12.02,16:23,1.162260,1.162260,1.162230,1.162230,0
2025.12.02,16:24,1.162230,1.162310,1.162230,1.162310,0
2025.12.02,16:25,1.162300,1.162350,1.162300,1.162320,0
2025.12.02,16:26,1.162340,1.162340,1.162320,1.162320,0
2025.12.02,16:27,1.162330,1.162330,1.162290,1.162310,0
2025.12.02,16:28,1.162290,1.162310,1.162290,1.162300,0
2025.12.02,16:29,1.162330,1.162440,1.162330,1.162370,0
2025.12.02,16:30,1.162360,1.162360,1.162260,1.162270,0
2025.12.02,16:31,1.162270,1.162300,1.162270,1.162270,0
2025.12.02,16:32,1.162260,1.162260,1.162250,1.162260,0
2025.12.02,16:33,1.162260,1.162300,1.162260,1.162260,0
2025.12.02,16:34,1.162250,1.162260,1.162210,1.162240,0
2025.12.02,16:35,1.162240,1.162240,1.162210,1.162210,0
2025.12.02,16:36,1.162200,1.162220,1.162190,1.162200,0
2025.12.02,16:37,1.162220,1.162250,1.162220,1.162250,0
2025.12.02,16:38,1.162270,1.162270,1.162210,1.162210,0
2025.12.02,16:39,1.162210,1.162250,1.162210,1.162250,0
2025.12.02,16:40,1.162250,1.162310,1.162250,1.162300,0
2025.12.02,16:41,1.162330,1.162330,1.162270,1.162270,0
2025.12.02,16:42,1.162310,1.162310,1.162230,1.162230,0
2025.12.02,16:43,1.162280,1.162310,1.162260,1.162260,0
2025.12.02,16:44,1.162270,1.162300,1.162240,1.162240,0
2025.12.02,16:45,1.162250,1.162250,1.162200,1.162210,0
2025.12.02,16:46,1.162230,1.162270,1.162230,1.162260,0
2025.12.02,16:47,1.162260,1.162300,1.162260,1.162290,0
2025.12.02,16:48,1.162280,1.162280,1.162210,1.162210,0
2025.12.02,16:49,1.162220,1.162260,1.162210,1.162260,0
2025.12.02,16:50,1.162280,1.162300,1.162270,1.162270,0
2025.12.02,16:51,1.162250,1.162250,1.162250,1.162250,0
2025.12.02,16:52,1.162270,1.162280,1.162270,1.162280,0
2025.12.02,16:53,1.162260,1.162280,1.162260,1.162280,0
2025.12.02,16:54,1.162270,1.162350,1.162270,1.162340,0
2025.12.02,16:55,1.162340,1.162460,1.162340,1.162430,0
2025.12.02,16:56,1.162420,1.162440,1.162340,1.162440,0
2025.12.02,16:57,1.162460,1.162560,1.162440,1.162510,0
2025.12.02,16:58,1.162540,1.162570,1.162450,1.162460,0
2025.12.02,16:59,1.162450,1.162550,1.162330,1.162330,0
2025.12.02,17:00,1.162330,1.162330,1.162140,1.162140,0
2025.12.02,17:01,1.162140,1.162160,1.162140,1.162160,0
2025.12.02,17:02,1.162160,1.162170,1.162160,1.162170,0
2025.12.02,17:03,1.162170,1.162180,1.162170,1.162170,0
2025.12.02,17:04,1.162170,1.162170,1.162170,1.162170,0
2025.12.02,17:05,1.162170,1.162280,1.162170,1.162250,0
2025.12.02,17:06,1.162240,1.162290,1.162170,1.162180,0
2025.12.02,17:07,1.162180,1.162180,1.162170,1.162170,0
2025.12.02,17:08,1.162170,1.162170,1.162170,1.162170,0
2025.12.02,17:09,1.162170,1.162170,1.162120,1.162120,0
2025.12.02,17:11,1.162120,1.162120,1.162110,1.162110,0
2025.12.02,17:12,1.162110,1.162110,1.162110,1.162110,0
2025.12.02,17:13,1.162110,1.162110,1.162110,1.162110,0
2025.12.02,17:14,1.162130,1.162130,1.162040,1.162050,0
2025.12.02,17:15,1.162090,1.162120,1.162050,1.162070,0
2025.12.02,17:16,1.162070,1.162070,1.162070,1.162070,0
2025.12.02,17:17,1.162070,1.162070,1.162070,1.162070,0
2025.12.02,17:19,1.162070,1.162080,1.162070,1.162080,0
2025.12.02,17:20,1.162080,1.162150,1.162080,1.162090,0
2025.12.02,17:21,1.162130,1.162140,1.162090,1.162130,0
2025.12.02,17:22,1.162090,1.162140,1.162090,1.162120,0
2025.12.02,17:23,1.162120,1.162130,1.162120,1.162120,0
2025.12.02,17:24,1.162100,1.162140,1.162100,1.162110,0
2025.12.02,17:25,1.162140,1.162180,1.162130,1.162150,0
2025.12.02,17:26,1.162200,1.162200,1.162160,1.162180,0
2025.12.02,17:27,1.162160,1.162170,1.162160,1.162160,0
2025.12.02,17:28,1.162160,1.162170,1.162130,1.162150,0
2025.12.02,17:29,1.162160,1.162160,1.162080,1.162120,0
2025.12.02,17:30,1.162140,1.162160,1.162080,1.162130,0
2025.12.02,17:31,1.162110,1.162130,1.162080,1.162110,0
2025.12.02,17:32,1.162110,1.162110,1.162110,1.162110,0
2025.12.02,17:33,1.162130,1.162270,1.162130,1.162270,0
2025.12.02,17:34,1.162270,1.162290,1.162240,1.162290,0
2025.12.02,17:35,1.162240,1.162330,1.162240,1.162320,0
2025.12.02,17:36,1.162320,1.162430,1.162320,1.162430,0
2025.12.02,17:37,1.162410,1.162470,1.162410,1.162450,0
2025.12.02,17:38,1.162450,1.162460,1.162420,1.162440,0
2025.12.02,17:39,1.162450,1.162450,1.162430,1.162440,0
2025.12.02,17:40,1.162410,1.162430,1.162380,1.162430,0
2025.12.02,17:41,1.162430,1.162440,1.162430,1.162430,0
2025.12.02,17:42,1.162430,1.162440,1.162330,1.162390,0
2025.12.02,17:43,1.162330,1.162440,1.162330,1.162350,0
2025.12.02,17:44,1.162350,1.162440,1.162330,1.162340,0
2025.12.02,17:45,1.162380,1.162380,1.162250,1.162350,0
2025.12.02,17:46,1.162350,1.162350,1.162290,1.162330,0
2025.12.02,17:47,1.162310,1.162350,1.162310,1.162350,0
2025.12.02,17:48,1.162340,1.162370,1.162340,1.162370,0
2025.12.02,17:49,1.162360,1.162370,1.162350,1.162370,0
2025.12.02,17:50,1.162350,1.162350,1.162350,1.162350,0
2025.12.02,17:51,1.162360,1.162380,1.162340,1.162340,0
2025.12.02,17:52,1.162330,1.162350,1.162330,1.162350,0
2025.12.02,17:53,1.162360,1.162380,1.162360,1.162370,0
2025.12.02,17:54,1.162350,1.162370,1.162340,1.162360,0
2025.12.02,17:55,1.162320,1.162370,1.162310,1.162370,0
2025.12.02,17:56,1.162370,1.162370,1.162340,1.162340,0
2025.12.02,17:57,1.162350,1.162380,1.162340,1.162380,0
2025.12.02,17:58,1.162350,1.162380,1.162330,1.162380,0
2025.12.02,17:59,1.162370,1.162370,1.162310,1.162340,0
2025.12.02,18:00,1.162370,1.162580,1.162340,1.162470,0
2025.12.02,18:01,1.162470,1.162650,1.162470,1.162610,0
2025.12.02,18:02,1.162590,1.162720,1.162590,1.162620,0
2025.12.02,18:03,1.162590,1.162600,1.162570,1.162600,0
2025.12.02,18:04,1.162580,1.162610,1.162570,1.162610,0
2025.12.02,18:05,1.162620,1.162620,1.162530,1.162580,0
2025.12.02,18:06,1.162590,1.162610,1.162590,1.162600,0
2025.12.02,18:07,1.162580,1.162610,1.162580,1.162610,0
2025.12.02,18:08,1.162610,1.162610,1.162530,1.162580,0
2025.12.02,18:09,1.162570,1.162600,1.162570,1.162570,0
2025.12.02,18:10,1.162570,1.162570,1.162530,1.162560,0
2025.12.02,18:11,1.162570,1.162590,1.162560,1.162580,0
2025.12.02,18:12,1.162540,1.162560,1.162540,1.162540,0
2025.12.02,18:13,1.162520,1.162540,1.162520,1.162520,0
2025.12.02,18:14,1.162540,1.162540,1.162520,1.162520,0
2025.12.02,18:15,1.162520,1.162530,1.162510,1.162530,0
2025.12.02,18:16,1.162540,1.162540,1.162540,1.162540,0
2025.12.02,18:17,1.162530,1.162530,1.162500,1.162500,0
2025.12.02,18:18,1.162490,1.162520,1.162490,1.162520,0
2025.12.02,18:19,1.162510,1.162510,1.162510,1.162510,0
2025.12.02,18:20,1.162520,1.162520,1.162500,1.162500,0
2025.12.02,18:21,1.162500,1.162510,1.162440,1.162450,0
2025.12.02,18:22,1.162490,1.162560,1.162490,1.162550,0
2025.12.02,18:23,1.162520,1.162600,1.162520,1.162600,0
2025.12.02,18:24,1.162600,1.162600,1.162560,1.162570,0
2025.12.02,18:25,1.162600,1.162600,1.162600,1.162600,0
2025.12.02,18:26,1.162600,1.162600,1.162560,1.162600,0
2025.12.02,18:27,1.162610,1.162610,1.162570,1.162570,0
2025.12.02,18:28,1.162550,1.162560,1.162550,1.162550,0
2025.12.02,18:29,1.162570,1.162570,1.162560,1.162560,0
2025.12.02,18:30,1.162600,1.162600,1.162600,1.162600,0
2025.12.02,18:32,1.162620,1.162650,1.162610,1.162610,0
2025.12.02,18:33,1.162640,1.162700,1.162640,1.162700,0
2025.12.02,18:34,1.162700,1.162750,1.162700,1.162710,0
2025.12.02,18:35,1.162720,1.162750,1.162720,1.162720,0
2025.12.02,18:36,1.162720,1.162740,1.162710,1.162710,0
2025.12.02,18:37,1.162740,1.162740,1.162720,1.162740,0
2025.12.02,18:39,1.162740,1.162780,1.162740,1.162780,0
2025.12.02,18:40,1.162790,1.162820,1.162790,1.162820,0
2025.12.02,18:41,1.162810,1.162810,1.162760,1.162760,0
2025.12.02,18:42,1.162770,1.162770,1.162750,1.162750,0
2025.12.02,18:43,1.162770,1.162770,1.162770,1.162770,0
2025.12.02,18:44,1.162780,1.162810,1.162780,1.162810,0
2025.12.02,18:45,1.162820,1.162830,1.162820,1.162820,0
2025.12.02,18:46,1.162840,1.162860,1.162820,1.162820,0
2025.12.02,18:47,1.162810,1.162810,1.162780,1.162780,0
2025.12.02,18:48,1.162790,1.162810,1.162790,1.162790,0
2025.12.02,18:49,1.162790,1.162800,1.162770,1.162800,0
2025.12.02,18:50,1.162780,1.162860,1.162780,1.162850,0
2025.12.02,18:51,1.162830,1.162850,1.162830,1.162840,0
2025.12.02,18:52,1.162850,1.162900,1.162850,1.162880,0
2025.12.02,18:53,1.162870,1.162890,1.162860,1.162870,0
2025.12.02,18:54,1.162850,1.162860,1.162840,1.162860,0
2025.12.02,18:55,1.162840,1.162840,1.162740,1.162740,0
2025.12.02,18:56,1.162750,1.162760,1.162740,1.162750,0
2025.12.02,18:57,1.162760,1.162760,1.162700,1.162720,0
2025.12.02,18:58,1.162710,1.162770,1.162710,1.162760,0
2025.12.02,18:59,1.162750,1.162820,1.162750,1.162800,0
2025.12.02,19:00,1.162800,1.162860,1.162770,1.162770,0
2025.12.02,19:01,1.162790,1.162860,1.162780,1.162840,0
2025.12.02,19:02,1.162850,1.162910,1.162830,1.162910,0
2025.12.02,19:03,1.162920,1.162980,1.162900,1.162950,0
2025.12.02,19:04,1.162940,1.162960,1.162900,1.162900,0
2025.12.02,19:05,1.162900,1.162980,1.162890,1.162910,0
2025.12.02,19:06,1.162920,1.162920,1.162840,1.162840,0
2025.12.02,19:07,1.162840,1.162860,1.162820,1.162850,0
2025.12.02,19:08,1.162850,1.162860,1.162840,1.162850,0
2025.12.02,19:09,1.162850,1.162870,1.162850,1.162850,0
2025.12.02,19:10,1.162850,1.162870,1.162790,1.162790,0
2025.12.02,19:11,1.162800,1.162890,1.162800,1.162880,0
2025.12.02,19:12,1.162890,1.162890,1.162870,1.162890,0
2025.12.02,19:13,1.162890,1.162910,1.162890,1.162900,0
2025.12.02,19:14,1.162920,1.162970,1.162900,1.162970,0
2025.12.02,19:15,1.162940,1.162960,1.162920,1.162960,0
2025.12.02,19:16,1.162970,1.163020,1.162940,1.163000,0
2025.12.02,19:17,1.162990,1.162990,1.162950,1.162950,0
2025.12.02,19:18,1.162960,1.163000,1.162960,1.162980,0
2025.12.02,19:19,1.162970,1.162970,1.162900,1.162920,0
2025.12.02,19:20,1.162950,1.163000,1.162940,1.162950,0
2025.12.02,19:21,1.162960,1.162970,1.162920,1.162930,0
2025.12.02,19:22,1.162930,1.162960,1.162920,1.162950,0
2025.12.02,19:23,1.162950,1.162990,1.162920,1.162990,0
2025.12.02,19:24,1.163000,1.163010,1.162980,1.163000,0
2025.12.02,19:25,1.163030,1.163050,1.163010,1.163030,0
2025.12.02,19:26,1.163000,1.163140,1.163000,1.163140,0
2025.12.02,19:27,1.163140,1.163140,1.163010,1.163040,0
2025.12.02,19:28,1.163040,1.163080,1.163020,1.163070,0
2025.12.02,19:29,1.163070,1.163070,1.163000,1.163000,0
2025.12.02,19:30,1.163010,1.163050,1.162900,1.163040,0
2025.12.02,19:31,1.163040,1.163140,1.163030,1.163120,0
2025.12.02,19:32,1.163110,1.163210,1.163080,1.163200,0
2025.12.02,19:33,1.163200,1.163290,1.163160,1.163170,0
2025.12.02,19:34,1.163180,1.163230,1.163100,1.163160,0
2025.12.02,19:35,1.163160,1.163210,1.163100,1.163210,0
2025.12.02,19:36,1.163210,1.163280,1.163130,1.163260,0
2025.12.02,19:37,1.163250,1.163250,1.163170,1.163200,0
2025.12.02,19:38,1.163190,1.163200,1.163060,1.163100,0
2025.12.02,19:39,1.163090,1.163140,1.163030,1.163040,0
2025.12.02,19:40,1.163040,1.163040,1.162990,1.163010,0
2025.12.02,19:41,1.162970,1.163080,1.162970,1.163050,0
2025.12.02,19:42,1.163050,1.163050,1.162980,1.163020,0
2025.12.02,19:43,1.163030,1.163050,1.162980,1.163000,0
2025.12.02,19:44,1.163010,1.163020,1.162980,1.163010,0
2025.12.02,19:45,1.163000,1.163070,1.163000,1.163060,0
2025.12.02,19:46,1.163060,1.163060,1.162970,1.163000,0
2025.12.02,19:47,1.163000,1.163060,1.162990,1.163050,0
2025.12.02,19:48,1.163050,1.163090,1.163030,1.163060,0
2025.12.02,19:49,1.163080,1.163080,1.163010,1.163050,0
2025.12.02,19:50,1.163070,1.163090,1.163000,1.163010,0
2025.12.02,19:51,1.163010,1.163030,1.162950,1.163010,0
2025.12.02,19:52,1.162990,1.163060,1.162990,1.163050,0
2025.12.02,19:53,1.163050,1.163050,1.162980,1.163020,0
2025.12.02,19:54,1.163000,1.163050,1.162940,1.163050,0
2025.12.02,19:55,1.163080,1.163150,1.163010,1.163100,0
2025.12.02,19:56,1.163080,1.163120,1.163050,1.163070,0
2025.12.02,19:57,1.163090,1.163170,1.163080,1.163130,0
2025.12.02,19:58,1.163130,1.163130,1.163090,1.163100,0
2025.12.02,19:59,1.163100,1.163140,1.163050,1.163060,0
2025.12.02,20:00,1.163060,1.163270,1.163040,1.163260,0
2025.12.02,20:01,1.163260,1.163270,1.163140,1.163270,0
2025.12.02,20:02,1.163290,1.163320,1.163250,1.163260,0
2025.12.02,20:03,1.163250,1.163280,1.163170,1.163210,0
2025.12.02,20:04,1.163220,1.163260,1.163190,1.163250,0
2025.12.02,20:05,1.163240,1.163250,1.163190,1.163190,0
2025.12.02,20:06,1.163180,1.163290,1.163180,1.163260,0
2025.12.02,20:07,1.163270,1.163340,1.163270,1.163310,0
2025.12.02,20:08,1.163330,1.163430,1.163330,1.163410,0
2025.12.02,20:09,1.163410,1.163420,1.163300,1.163370,0
2025.12.02,20:10,1.163350,1.163350,1.163300,1.163310,0
2025.12.02,20:11,1.163290,1.163360,1.163270,1.163350,0
2025.12.02,20:12,1.163360,1.163470,1.163360,1.163460,0
2025.12.02,20:13,1.163440,1.163460,1.163400,1.163430,0
2025.12.02,20:14,1.163410,1.163450,1.163390,1.163450,0
2025.12.02,20:15,1.163430,1.163450,1.163390,1.163410,0
2025.12.02,20:16,1.163410,1.163460,1.163380,1.163440,0
2025.12.02,20:17,1.163450,1.163470,1.163410,1.163450,0
2025.12.02,20:18,1.163450,1.163490,1.163430,1.163440,0
2025.12.02,20:19,1.163420,1.163420,1.163330,1.163350,0
2025.12.02,20:20,1.163370,1.163410,1.163360,1.163370,0
2025.12.02,20:21,1.163390,1.163420,1.163380,1.163410,0
2025.12.02,20:22,1.163390,1.163480,1.163370,1.163470,0
2025.12.02,20:23,1.163470,1.163490,1.163470,1.163480,0
2025.12.02,20:24,1.163460,1.163480,1.163460,1.163470,0
2025.12.02,20:25,1.163460,1.163580,1.163460,1.163570,0
2025.12.02,20:26,1.163580,1.163670,1.163570,1.163670,0
2025.12.02,20:27,1.163670,1.163720,1.163660,1.163690,0
2025.12.02,20:28,1.163690,1.163690,1.163600,1.163610,0
2025.12.02,20:29,1.163640,1.163650,1.163610,1.163620,0
2025.12.02,20:30,1.163620,1.163620,1.163480,1.163500,0
2025.12.02,20:31,1.163500,1.163530,1.163470,1.163510,0
2025.12.02,20:32,1.163490,1.163520,1.163460,1.163520,0
2025.12.02,20:33,1.163500,1.163550,1.163470,1.163550,0
2025.12.02,20:34,1.163550,1.163600,1.163520,1.163580,0
2025.12.02,20:35,1.163620,1.163620,1.163580,1.163580,0
2025.12.02,20:36,1.163560,1.163580,1.163500,1.163550,0
2025.12.02,20:37,1.163550,1.163670,1.163550,1.163650,0
2025.12.02,20:38,1.163660,1.163710,1.163620,1.163650,0
2025.12.02,20:39,1.163630,1.163680,1.163610,1.163620,0
2025.12.02,20:40,1.163570,1.163630,1.163550,1.163610,0
2025.12.02,20:41,1.163620,1.163620,1.163560,1.163570,0
2025.12.02,20:42,1.163570,1.163700,1.163570,1.163650,0
2025.12.02,20:43,1.163650,1.163670,1.163590,1.163590,0
2025.12.02,20:44,1.163570,1.163610,1.163570,1.163610,0
2025.12.02,20:45,1.163630,1.163670,1.163580,1.163580,0
2025.12.02,20:46,1.163600,1.163610,1.163570,1.163570,0
2025.12.02,20:47,1.163590,1.163690,1.163590,1.163690,0
2025.12.02,20:48,1.163670,1.163690,1.163660,1.163690,0
2025.12.02,20:49,1.163710,1.163740,1.163690,1.163730,0
2025.12.02,20:50,1.163730,1.163750,1.163710,1.163730,0
2025.12.02,20:51,1.163720,1.163750,1.163660,1.163750,0
2025.12.02,20:52,1.163740,1.163740,1.163670,1.163670,0
2025.12.02,20:53,1.163670,1.163730,1.163650,1.163700,0
2025.12.02,20:54,1.163700,1.163700,1.163590,1.163590,0
2025.12.02,20:55,1.163570,1.163690,1.163570,1.163660,0
2025.12.02,20:56,1.163640,1.163660,1.163580,1.163590,0
2025.12.02,20:57,1.163610,1.163630,1.163590,1.163620,0
2025.12.02,20:58,1.163620,1.163700,1.163610,1.163690,0
2025.12.02,20:59,1.163670,1.163700,1.163670,1.163680,0
2025.12.02,21:00,1.163690,1.163710,1.163680,1.163700,0
2025.12.02,21:01,1.163710,1.163710,1.163670,1.163700,0
2025.12.02,21:02,1.163690,1.163690,1.163590,1.163620,0
2025.12.02,21:03,1.163600,1.163660,1.163590,1.163640,0
2025.12.02,21:04,1.163630,1.163670,1.163630,1.163660,0
2025.12.02,21:05,1.163650,1.163660,1.163620,1.163620,0
2025.12.02,21:06,1.163640,1.163650,1.163600,1.163620,0
2025.12.02,21:07,1.163600,1.163630,1.163600,1.163610,0
2025.12.02,21:08,1.163630,1.163670,1.163610,1.163630,0
2025.12.02,21:09,1.163630,1.163630,1.163600,1.163600,0
2025.12.02,21:10,1.163600,1.163600,1.163550,1.163550,0
2025.12.02,21:11,1.163550,1.163580,1.163550,1.163570,0
2025.12.02,21:12,1.163550,1.163610,1.163530,1.163590,0
2025.12.02,21:13,1.163610,1.163730,1.163610,1.163730,0
2025.12.02,21:14,1.163740,1.163740,1.163720,1.163730,0
2025.12.02,21:15,1.163750,1.163760,1.163730,1.163750,0
2025.12.02,21:16,1.163730,1.163730,1.163640,1.163680,0
2025.12.02,21:17,1.163670,1.163700,1.163650,1.163660,0
2025.12.02,21:18,1.163690,1.163710,1.163640,1.163650,0
2025.12.02,21:19,1.163650,1.163650,1.163550,1.163610,0
2025.12.02,21:20,1.163590,1.163610,1.163570,1.163590,0
2025.12.02,21:21,1.163580,1.163610,1.163550,1.163550,0
2025.12.02,21:22,1.163540,1.163590,1.163540,1.163550,0
2025.12.02,21:23,1.163560,1.163660,1.163560,1.163640,0
2025.12.02,21:24,1.163640,1.163660,1.163630,1.163630,0
2025.12.02,21:25,1.163620,1.163680,1.163620,1.163670,0
2025.12.02,21:26,1.163670,1.163710,1.163670,1.163690,0
2025.12.02,21:27,1.163690,1.163730,1.163690,1.163720,0
2025.12.02,21:28,1.163730,1.163750,1.163710,1.163740,0
2025.12.02,21:29,1.163730,1.163760,1.163690,1.163700,0
2025.12.02,21:30,1.163680,1.163730,1.163650,1.163730,0
2025.12.02,21:31,1.163730,1.163730,1.163700,1.163700,0
2025.12.02,21:32,1.163700,1.163720,1.163680,1.163710,0
2025.12.02,21:33,1.163680,1.163710,1.163670,1.163690,0
2025.12.02,21:34,1.163690,1.163710,1.163690,1.163710,0
2025.12.02,21:35,1.163710,1.163760,1.163710,1.163720,0
2025.12.02,21:36,1.163720,1.163760,1.163710,1.163760,0
2025.12.02,21:37,1.163740,1.163740,1.163710,1.163730,0
2025.12.02,21:38,1.163730,1.163740,1.163640,1.163670,0
2025.12.02,21:39,1.163690,1.163730,1.163670,1.163730,0
2025.12.02,21:40,1.163710,1.163740,1.163700,1.163710,0
2025.12.02,21:41,1.163700,1.163720,1.163690,1.163720,0
2025.12.02,21:42,1.163710,1.163760,1.163710,1.163750,0
2025.12.02,21:43,1.163740,1.163740,1.163730,1.163730,0
2025.12.02,21:44,1.163720,1.163720,1.163690,1.163720,0
2025.12.02,21:45,1.163700,1.163740,1.163700,1.163730,0
2025.12.02,21:46,1.163740,1.163770,1.163740,1.163750,0
2025.12.02,21:47,1.163770,1.163810,1.163750,1.163770,0
2025.12.02,21:48,1.163790,1.163800,1.163760,1.163760,0
2025.12.02,21:49,1.163760,1.163790,1.163750,1.163790,0
2025.12.02,21:50,1.163800,1.163810,1.163800,1.163810,0
2025.12.02,21:51,1.163820,1.163830,1.163790,1.163800,0
2025.12.02,21:52,1.163790,1.163790,1.163770,1.163790,0
2025.12.02,21:53,1.163760,1.163790,1.163760,1.163780,0
2025.12.02,21:54,1.163760,1.163790,1.163760,1.163780,0
2025.12.02,21:55,1.163780,1.163820,1.163780,1.163810,0
2025.12.02,21:56,1.163820,1.163850,1.163820,1.163840,0
2025.12.02,21:57,1.163840,1.163840,1.163800,1.163800,0
2025.12.02,21:58,1.163820,1.163820,1.163760,1.163780,0
2025.12.02,21:59,1.163800,1.163810,1.163750,1.163800,0
2025.12.02,22:00,1.163780,1.163840,1.163780,1.163800,0
2025.12.02,22:01,1.163800,1.163810,1.163780,1.163810,0
2025.12.02,22:02,1.163820,1.163850,1.163810,1.163850,0
2025.12.02,22:03,1.163840,1.163840,1.163840,1.163840,0
2025.12.02,22:04,1.163860,1.163870,1.163830,1.163850,0
2025.12.02,22:05,1.163850,1.163870,1.163830,1.163870,0
2025.12.02,22:06,1.163860,1.163880,1.163840,1.163860,0
2025.12.02,22:07,1.163860,1.163870,1.163850,1.163850,0
2025.12.02,22:08,1.163850,1.163870,1.163840,1.163860,0
2025.12.02,22:09,1.163880,1.163880,1.163850,1.163870,0
2025.12.02,22:10,1.163870,1.163870,1.163850,1.163850,0
2025.12.02,22:11,1.163860,1.163860,1.163850,1.163850,0
2025.12.02,22:12,1.163840,1.163840,1.163790,1.163810,0
2025.12.02,22:13,1.163800,1.163820,1.163750,1.163750,0
2025.12.02,22:14,1.163760,1.163760,1.163700,1.163720,0
2025.12.02,22:15,1.163720,1.163720,1.163700,1.163710,0
2025.12.02,22:16,1.163730,1.163780,1.163710,1.163730,0
2025.12.02,22:17,1.163740,1.163770,1.163740,1.163750,0
2025.12.02,22:18,1.163750,1.163770,1.163750,1.163770,0
2025.12.02,22:19,1.163750,1.163810,1.163750,1.163810,0
2025.12.02,22:20,1.163810,1.163850,1.163810,1.163830,0
2025.12.02,22:21,1.163820,1.163820,1.163780,1.163790,0
2025.12.02,22:22,1.163800,1.163820,1.163800,1.163800,0
2025.12.02,22:23,1.163810,1.163840,1.163810,1.163820,0
2025.12.02,22:24,1.163810,1.163820,1.163800,1.163820,0
2025.12.02,22:25,1.163820,1.163840,1.163800,1.163800,0
2025.12.02,22:26,1.163800,1.163850,1.163780,1.163780,0
2025.12.02,22:27,1.163790,1.163820,1.163790,1.163810,0
2025.12.02,22:28,1.163830,1.163860,1.163830,1.163860,0
2025.12.02,22:29,1.163850,1.163870,1.163830,1.163840,0
2025.12.02,22:30,1.163840,1.163840,1.163800,1.163800,0
2025.12.02,22:32,1.163820,1.163820,1.163710,1.163710,0
2025.12.02,22:33,1.163740,1.163740,1.163710,1.163720,0
2025.12.02,22:34,1.163730,1.163790,1.163720,1.163760,0
2025.12.02,22:35,1.163780,1.163780,1.163740,1.163760,0
2025.12.02,22:36,1.163750,1.163770,1.163750,1.163750,0
2025.12.02,22:37,1.163790,1.163830,1.163770,1.163830,0
2025.12.02,22:38,1.163820,1.163860,1.163820,1.163860,0
2025.12.02,22:39,1.163870,1.163890,1.163830,1.163870,0
2025.12.02,22:40,1.163850,1.163850,1.163800,1.163800,0
2025.12.02,22:41,1.163800,1.163820,1.163800,1.163820,0
2025.12.02,22:42,1.163810,1.163840,1.163790,1.163810,0
2025.12.02,22:43,1.163840,1.163880,1.163820,1.163880,0
2025.12.02,22:44,1.163880,1.163890,1.163820,1.163820,0
2025.12.02,22:45,1.163820,1.163830,1.163790,1.163790,0
2025.12.02,22:46,1.163780,1.163790,1.163780,1.163790,0
2025.12.02,22:47,1.163790,1.163800,1.163790,1.163800,0
2025.12.02,22:48,1.163800,1.163810,1.163770,1.163810,0
2025.12.02,22:49,1.163820,1.163830,1.163760,1.163770,0
2025.12.02,22:50,1.163770,1.163770,1.163730,1.163750,0
2025.12.02,22:51,1.163750,1.163780,1.163750,1.163780,0
2025.12.02,22:52,1.163770,1.163770,1.163760,1.163770,0
2025.12.02,22:53,1.163750,1.163750,1.163700,1.163700,0
2025.12.02,22:54,1.163700,1.163710,1.163700,1.163710,0
2025.12.02,22:55,1.163700,1.163800,1.163690,1.163780,0
2025.12.02,22:56,1.163780,1.163780,1.163690,1.163690,0
2025.12.02,22:57,1.163700,1.163770,1.163680,1.163750,0
2025.12.02,22:58,1.163740,1.163770,1.163740,1.163760,0
2025.12.02,22:59,1.163740,1.163770,1.163740,1.163760,0
2025.12.02,23:00,1.163780,1.163810,1.163750,1.163810,0
2025.12.02,23:01,1.163790,1.163800,1.163770,1.163790,0
2025.12.02,23:02,1.163770,1.163790,1.163750,1.163790,0
2025.12.02,23:03,1.163810,1.163820,1.163720,1.163740,0
2025.12.02,23:04,1.163720,1.163730,1.163720,1.163730,0
2025.12.02,23:05,1.163730,1.163730,1.163670,1.163690,0
2025.12.02,23:06,1.163680,1.163700,1.163650,1.163700,0
2025.12.02,23:07,1.163700,1.163710,1.163680,1.163680,0
2025.12.02,23:08,1.163680,1.163700,1.163640,1.163640,0
2025.12.02,23:09,1.163640,1.163660,1.163610,1.163630,0
2025.12.02,23:10,1.163640,1.163660,1.163640,1.163660,0
2025.12.02,23:11,1.163660,1.163680,1.163630,1.163660,0
2025.12.02,23:12,1.163670,1.163670,1.163640,1.163650,0
2025.12.02,23:13,1.163670,1.163670,1.163660,1.163660,0
2025.12.02,23:14,1.163640,1.163680,1.163620,1.163670,0
2025.12.02,23:15,1.163660,1.163700,1.163660,1.163700,0
2025.12.02,23:16,1.163700,1.163720,1.163700,1.163710,0
2025.12.02,23:17,1.163720,1.163720,1.163700,1.163700,0
2025.12.02,23:18,1.163700,1.163710,1.163670,1.163700,0
2025.12.02,23:19,1.163700,1.163700,1.163670,1.163680,0
2025.12.02,23:20,1.163680,1.163690,1.163670,1.163680,0
2025.12.02,23:21,1.163690,1.163740,1.163690,1.163740,0
2025.12.02,23:22,1.163730,1.163770,1.163730,1.163770,0
2025.12.02,23:23,1.163760,1.163780,1.163750,1.163770,0
2025.12.02,23:24,1.163780,1.163810,1.163760,1.163780,0
2025.12.02,23:25,1.163780,1.163780,1.163740,1.163740,0
2025.12.02,23:26,1.163730,1.163780,1.163730,1.163780,0
2025.12.02,23:27,1.163780,1.163780,1.163750,1.163750,0
2025.12.02,23:28,1.163770,1.163770,1.163730,1.163760,0
2025.12.02,23:29,1.163760,1.163780,1.163750,1.163780,0
2025.12.02,23:30,1.163760,1.163780,1.163760,1.163760,0
2025.12.02,23:31,1.163770,1.163780,1.163770,1.163780,0
2025.12.02,23:32,1.163770,1.163800,1.163770,1.163800,0
2025.12.02,23:33,1.163800,1.163820,1.163790,1.163790,0
2025.12.02,23:34,1.163800,1.163840,1.163800,1.163840,0
2025.12.02,23:35,1.163860,1.163880,1.163860,1.163870,0
2025.12.02,23:36,1.163880,1.163880,1.163880,1.163880,0
2025.12.02,23:37,1.163900,1.163990,1.163900,1.163990,0
2025.12.02,23:38,1.164000,1.164030,1.163950,1.164000,0
2025.12.02,23:39,1.164000,1.164010,1.163900,1.163920,0
2025.12.02,23:40,1.163910,1.163990,1.163910,1.163960,0
2025.12.02,23:41,1.163970,1.163970,1.163940,1.163960,0
2025.12.02,23:42,1.163980,1.163980,1.163980,1.163980,0
2025.12.02,23:43,1.163990,1.164020,1.163990,1.164010,0
2025.12.02,23:44,1.164020,1.164020,1.163960,1.164000,0
2025.12.02,23:45,1.164000,1.164030,1.163990,1.163990,0
2025.12.02,23:46,1.163980,1.163980,1.163950,1.163960,0
2025.12.02,23:47,1.163960,1.163980,1.163940,1.163960,0
2025.12.02,23:48,1.163970,1.163970,1.163880,1.163920,0
2025.12.02,23:49,1.163950,1.164040,1.163950,1.164030,0
2025.12.02,23:50,1.164050,1.164080,1.164050,1.164050,0
2025.12.02,23:51,1.164070,1.164100,1.164070,1.164090,0
2025.12.02,23:52,1.164100,1.164110,1.164080,1.164100,0
2025.12.02,23:53,1.164070,1.164090,1.164070,1.164090,0
2025.12.02,23:54,1.164100,1.164150,1.164100,1.164150,0
2025.12.02,23:55,1.164140,1.164150,1.164110,1.164150,0
2025.12.02,23:56,1.164160,1.164190,1.164120,1.164120,0
2025.12.02,23:57,1.164110,1.164110,1.164100,1.164100,0
2025.12.02,23:58,1.164110,1.164120,1.164050,1.164080,0
2025.12.02,23:59,1.164060,1.164120,1.164060,1.164100,0
2025.12.03,00:00,1.164110,1.164180,1.164090,1.164160,0
2025.12.03,00:01,1.164140,1.164200,1.164130,1.164180,0
2025.12.03,00:02,1.164180,1.164180,1.164140,1.164170,0
2025.12.03,00:03,1.164170,1.164200,1.164160,1.164200,0
2025.12.03,00:04,1.164210,1.164230,1.164200,1.164220,0
2025.12.03,00:05,1.164230,1.164230,1.164190,1.164200,0
2025.12.03,00:06,1.164220,1.164270,1.164200,1.164260,0
2025.12.03,00:07,1.164270,1.164280,1.164260,1.164280,0
2025.12.03,00:08,1.164270,1.164310,1.164250,1.164310,0
2025.12.03,00:09,1.164280,1.164300,1.164240,1.164300,0
2025.12.03,00:10,1.164310,1.164310,1.164270,1.164280,0
2025.12.03,00:11,1.164300,1.164360,1.164240,1.164240,0
2025.12.03,00:12,1.164250,1.164280,1.164190,1.164280,0
2025.12.03,00:13,1.164290,1.164320,1.164270,1.164310,0
2025.12.03,00:14,1.164310,1.164350,1.164310,1.164320,0
2025.12.03,00:15,1.164330,1.164350,1.164300,1.164300,0
2025.12.03,00:16,1.164280,1.164300,1.164250,1.164290,0
2025.12.03,00:17,1.164320,1.164320,1.164290,1.164300,0
2025.12.03,00:18,1.164330,1.164330,1.164300,1.164300,0
2025.12.03,00:19,1.164320,1.164320,1.164300,1.164320,0
2025.12.03,00:20,1.164310,1.164330,1.164310,1.164320,0
2025.12.03,00:21,1.164290,1.164290,1.164230,1.164270,0
2025.12.03,00:22,1.164280,1.164280,1.164260,1.164260,0
2025.12.03,00:23,1.164270,1.164270,1.164160,1.164160,0
2025.12.03,00:24,1.164170,1.164210,1.164150,1.164210,0
2025.12.03,00:25,1.164210,1.164290,1.164210,1.164270,0
2025.12.03,00:26,1.164260,1.164280,1.164250,1.164270,0
2025.12.03,00:27,1.164270,1.164280,1.164250,1.164280,0
2025.12.03,00:28,1.164270,1.164300,1.164260,1.164280,0
2025.12.03,00:29,1.164250,1.164250,1.164250,1.164250,0
2025.12.03,00:30,1.164220,1.164220,1.164150,1.164160,0
2025.12.03,00:31,1.164190,1.164200,1.164170,1.164170,0
2025.12.03,00:32,1.164180,1.164240,1.164180,1.164240,0
2025.12.03,00:33,1.164250,1.164250,1.164180,1.164240,0
2025.12.03,00:34,1.164240,1.164250,1.164230,1.164230,0
2025.12.03,00:35,1.164220,1.164260,1.164190,1.164210,0
2025.12.03,00:36,1.164230,1.164230,1.164140,1.164140,0
2025.12.03,00:37,1.164140,1.164150,1.164120,1.164130,0
2025.12.03,00:38,1.164130,1.164140,1.164080,1.164110,0
2025.12.03,00:39,1.164110,1.164170,1.164070,1.164140,0
2025.12.03,00:40,1.164170,1.164200,1.164140,1.164150,0
2025.12.03,00:41,1.164160,1.164170,1.164150,1.164160,0
2025.12.03,00:42,1.164140,1.164150,1.164110,1.164120,0
2025.12.03,00:43,1.164130,1.164150,1.164130,1.164150,0
2025.12.03,00:44,1.164140,1.164170,1.164140,1.164150,0
2025.12.03,00:45,1.164170,1.164240,1.164170,1.164220,0
2025.12.03,00:46,1.164210,1.164230,1.164170,1.164170,0
2025.12.03,00:47,1.164190,1.164190,1.164160,1.164170,0
2025.12.03,00:48,1.164140,1.164190,1.164140,1.164160,0
2025.12.03,00:49,1.164170,1.164190,1.164150,1.164180,0
2025.12.03,00:50,1.164170,1.164230,1.164170,1.164230,0
2025.12.03,00:51,1.164250,1.164250,1.164200,1.164210,0
2025.12.03,00:52,1.164200,1.164200,1.164140,1.164140,0
2025.12.03,00:53,1.164130,1.164150,1.164110,1.164110,0
2025.12.03,00:54,1.164100,1.164220,1.164080,1.164210,0
2025.12.03,00:55,1.164210,1.164210,1.164120,1.164120,0
2025.12.03,00:56,1.164130,1.164240,1.164130,1.164220,0
2025.12.03,00:57,1.164220,1.164220,1.164200,1.164220,0
2025.12.03,00:58,1.164230,1.164270,1.164230,1.164250,0
2025.12.03,00:59,1.164240,1.164260,1.164210,1.164260,0
2025.12.03,01:00,1.164260,1.164340,1.164240,1.164330,0
2025.12.03,01:01,1.164340,1.164340,1.164270,1.164320,0
2025.12.03,01:02,1.164300,1.164320,1.164300,1.164310,0
2025.12.03,01:03,1.164310,1.164330,1.164310,1.164330,0
2025.12.03,01:04,1.164340,1.164350,1.164280,1.164280,0
2025.12.03,01:05,1.164290,1.164430,1.164290,1.164420,0
2025.12.03,01:06,1.164420,1.164490,1.164410,1.164480,0
2025.12.03,01:07,1.164500,1.164520,1.164420,1.164420,0
2025.12.03,01:08,1.164430,1.164460,1.164410,1.164420,0
2025.12.03,01:09,1.164420,1.164420,1.164410,1.164420,0
2025.12.03,01:10,1.164420,1.164470,1.164420,1.164430,0
2025.12.03,01:11,1.164420,1.164460,1.164420,1.164460,0
2025.12.03,01:12,1.164460,1.164470,1.164410,1.164410,0
2025.12.03,01:13,1.164410,1.164480,1.164410,1.164470,0
2025.12.03,01:14,1.164500,1.164570,1.164500,1.164530,0
2025.12.03,01:15,1.164530,1.164590,1.164510,1.164530,0
2025.12.03,01:16,1.164530,1.164530,1.164400,1.164420,0
2025.12.03,01:17,1.164420,1.164440,1.164390,1.164440,0
2025.12.03,01:18,1.164430,1.164470,1.164420,1.164460,0
2025.12.03,01:19,1.164460,1.164540,1.164460,1.164510,0
2025.12.03,01:20,1.164510,1.164570,1.164510,1.164540,0
2025.12.03,01:21,1.164550,1.164580,1.164540,1.164560,0
2025.12.03,01:22,1.164570,1.164590,1.164480,1.164550,0
2025.12.03,01:23,1.164540,1.164620,1.164530,1.164610,0
2025.12.03,01:24,1.164580,1.164680,1.164580,1.164660,0
2025.12.03,01:25,1.164660,1.164740,1.164620,1.164740,0
2025.12.03,01:26,1.164740,1.164770,1.164710,1.164720,0
2025.12.03,01:27,1.164710,1.164720,1.164600,1.164620,0
2025.12.03,01:28,1.164600,1.164640,1.164590,1.164630,0
2025.12.03,01:29,1.164630,1.164640,1.164600,1.164610,0
2025.12.03,01:30,1.164610,1.164700,1.164610,1.164660,0
2025.12.03,01:31,1.164670,1.164690,1.164590,1.164610,0
2025.12.03,01:32,1.164630,1.164630,1.164530,1.164530,0
2025.12.03,01:33,1.164530,1.164620,1.164510,1.164620,0
2025.12.03,01:34,1.164620,1.164640,1.164570,1.164610,0
2025.12.03,01:35,1.164580,1.164580,1.164450,1.164530,0
2025.12.03,01:36,1.164520,1.164530,1.164460,1.164490,0
2025.12.03,01:37,1.164460,1.164490,1.164370,1.164440,0
2025.12.03,01:38,1.164430,1.164450,1.164390,1.164390,0
2025.12.03,01:39,1.164380,1.164400,1.164370,1.164380,0
2025.12.03,01:40,1.164400,1.164430,1.164320,1.164340,0
2025.12.03,01:41,1.164330,1.164350,1.164290,1.164320,0
2025.12.03,01:42,1.164320,1.164340,1.164290,1.164330,0
2025.12.03,01:43,1.164350,1.164350,1.164270,1.164270,0
2025.12.03,01:44,1.164260,1.164330,1.164260,1.164290,0
2025.12.03,01:45,1.164290,1.164300,1.164240,1.164240,0
2025.12.03,01:46,1.164260,1.164270,1.164190,1.164210,0
2025.12.03,01:47,1.164190,1.164240,1.164150,1.164240,0
2025.12.03,01:48,1.164230,1.164310,1.164220,1.164300,0
2025.12.03,01:49,1.164310,1.164360,1.164300,1.164300,0
2025.12.03,01:50,1.164310,1.164400,1.164310,1.164320,0
2025.12.03,01:51,1.164320,1.164360,1.164250,1.164360,0
2025.12.03,01:52,1.164350,1.164360,1.164330,1.164340,0
2025.12.03,01:53,1.164340,1.164390,1.164340,1.164360,0
2025.12.03,01:54,1.164380,1.164550,1.164380,1.164500,0
2025.12.03,01:55,1.164510,1.164540,1.164360,1.164380,0
2025.12.03,01:56,1.164390,1.164390,1.164290,1.164290,0
2025.12.03,01:57,1.164270,1.164290,1.164190,1.164240,0
2025.12.03,01:58,1.164240,1.164270,1.164220,1.164240,0
2025.12.03,01:59,1.164250,1.164300,1.164250,1.164290,0
2025.12.03,02:00,1.164290,1.164580,1.164290,1.164550,0
2025.12.03,02:01,1.164580,1.164830,1.164580,1.164780,0
2025.12.03,02:02,1.164780,1.164840,1.164720,1.164810,0
2025.12.03,02:03,1.164810,1.164830,1.164580,1.164580,0
2025.12.03,02:04,1.164570,1.164660,1.164570,1.164640,0
2025.12.03,02:05,1.164610,1.164750,1.164580,1.164750,0
2025.12.03,02:06,1.164730,1.164810,1.164730,1.164800,0
2025.12.03,02:07,1.164780,1.164880,1.164760,1.164850,0
2025.12.03,02:08,1.164860,1.164900,1.164820,1.164880,0
2025.12.03,02:09,1.164900,1.164910,1.164790,1.164880,0
2025.12.03,02:10,1.164880,1.165010,1.164870,1.164960,0
2025.12.03,02:11,1.164970,1.164970,1.164900,1.164930,0
2025.12.03,02:12,1.164930,1.165100,1.164920,1.165070,0
2025.12.03,02:13,1.165070,1.165140,1.165020,1.165130,0
2025.12.03,02:14,1.165130,1.165150,1.165050,1.165050,0
2025.12.03,02:15,1.165040,1.165160,1.164990,1.165140,0
2025.12.03,02:16,1.165120,1.165210,1.165120,1.165210,0
2025.12.03,02:17,1.165200,1.165260,1.165160,1.165160,0
2025.12.03,02:18,1.165150,1.165170,1.165100,1.165150,0
2025.12.03,02:19,1.165160,1.165230,1.165160,1.165190,0
2025.12.03,02:20,1.165190,1.165230,1.165190,1.165210,0
2025.12.03,02:21,1.165210,1.165220,1.165140,1.165180,0
2025.12.03,02:22,1.165180,1.165230,1.165130,1.165160,0
2025.12.03,02:23,1.165140,1.165180,1.165010,1.165010,0
2025.12.03,02:24,1.165020,1.165020,1.164770,1.164810,0
2025.12.03,02:25,1.164840,1.164860,1.164720,1.164770,0
2025.12.03,02:26,1.164800,1.164840,1.164760,1.164780,0
2025.12.03,02:27,1.164810,1.164870,1.164810,1.164860,0
2025.12.03,02:28,1.164830,1.164870,1.164750,1.164760,0
2025.12.03,02:29,1.164750,1.164770,1.164630,1.164660,0
2025.12.03,02:30,1.164630,1.164700,1.164520,1.164610,0
2025.12.03,02:31,1.164600,1.164660,1.164520,1.164520,0
2025.12.03,02:32,1.164500,1.164510,1.164410,1.164480,0
2025.12.03,02:33,1.164450,1.164550,1.164380,1.164540,0
2025.12.03,02:34,1.164530,1.164550,1.164420,1.164430,0
2025.12.03,02:35,1.164440,1.164480,1.164320,1.164320,0
2025.12.03,02:36,1.164340,1.164390,1.164280,1.164350,0
2025.12.03,02:37,1.164360,1.164360,1.164110,1.164120,0
2025.12.03,02:38,1.164140,1.164330,1.164140,1.164310,0
2025.12.03,02:39,1.164310,1.164330,1.164220,1.164250,0
2025.12.03,02:40,1.164260,1.164310,1.164230,1.164230,0
2025.12.03,02:41,1.164240,1.164240,1.164090,1.164130,0
2025.12.03,02:42,1.164130,1.164330,1.164110,1.164210,0
2025.12.03,02:43,1.164220,1.164290,1.164080,1.164140,0
2025.12.03,02:44,1.164140,1.164240,1.164130,1.164150,0
2025.12.03,02:45,1.164130,1.164170,1.164040,1.164160,0
2025.12.03,02:46,1.164160,1.164160,1.164020,1.164040,0
2025.12.03,02:47,1.164040,1.164080,1.164010,1.164040,0
2025.12.03,02:48,1.164040,1.164070,1.163960,1.164020,0
2025.12.03,02:49,1.164030,1.164050,1.164020,1.164040,0
2025.12.03,02:50,1.164030,1.164250,1.164030,1.164240,0
2025.12.03,02:51,1.164240,1.164260,1.164190,1.164260,0
2025.12.03,02:52,1.164240,1.164240,1.164160,1.164200,0
2025.12.03,02:53,1.164180,1.164200,1.164040,1.164040,0
2025.12.03,02:54,1.164040,1.164060,1.163960,1.164010,0
2025.12.03,02:55,1.164010,1.164050,1.163970,1.164040,0
2025.12.03,02:56,1.164040,1.164080,1.163960,1.164040,0
2025.12.03,02:57,1.164060,1.164110,1.163910,1.164060,0
2025.12.03,02:58,1.164070,1.164100,1.163990,1.164030,0
2025.12.03,02:59,1.164040,1.164140,1.164010,1.164120,0
2025.12.03,03:00,1.164120,1.164280,1.164050,1.164240,0
2025.12.03,03:01,1.164240,1.164300,1.164140,1.164250,0
2025.12.03,03:02,1.164230,1.164260,1.164130,1.164180,0
2025.12.03,03:03,1.164180,1.164380,1.164160,1.164290,0
2025.12.03,03:04,1.164300,1.164330,1.164230,1.164330,0
2025.12.03,03:05,1.164340,1.164360,1.164290,1.164290,0
2025.12.03,03:06,1.164280,1.164320,1.164220,1.164260,0
2025.12.03,03:07,1.164260,1.164320,1.164060,1.164090,0
2025.12.03,03:08,1.164090,1.164130,1.163990,1.163990,0
2025.12.03,03:09,1.164000,1.164060,1.163900,1.163960,0
2025.12.03,03:10,1.163960,1.163960,1.163820,1.163870,0
2025.12.03,03:11,1.163890,1.164050,1.163850,1.163990,0
2025.12.03,03:12,1.164010,1.164030,1.163990,1.164020,0
2025.12.03,03:13,1.164000,1.164150,1.164000,1.164140,0
2025.12.03,03:14,1.164120,1.164300,1.164120,1.164290,0
2025.12.03,03:15,1.164280,1.164330,1.164260,1.164280,0
2025.12.03,03:16,1.164300,1.164320,1.164230,1.164280,0
2025.12.03,03:17,1.164280,1.164330,1.164240,1.164250,0
2025.12.03,03:18,1.164230,1.164270,1.164130,1.164260,0
2025.12.03,03:19,1.164270,1.164270,1.164090,1.164170,0
2025.12.03,03:20,1.164170,1.164190,1.164120,1.164150,0
2025.12.03,03:21,1.164140,1.164200,1.164050,1.164050,0
2025.12.03,03:22,1.164060,1.164110,1.164030,1.164030,0
2025.12.03,03:23,1.164020,1.164030,1.163920,1.163940,0
2025.12.03,03:24,1.163960,1.163980,1.163900,1.163920,0
2025.12.03,03:25,1.163930,1.163940,1.163740,1.163840,0
2025.12.03,03:26,1.163860,1.164010,1.163860,1.164010,0
2025.12.03,03:27,1.164030,1.164030,1.163880,1.163910,0
2025.12.03,03:28,1.163920,1.163920,1.163810,1.163830,0
2025.12.03,03:29,1.163840,1.163850,1.163730,1.163830,0
2025.12.03,03:30,1.163810,1.163940,1.163790,1.163940,0
2025.12.03,03:31,1.163940,1.164080,1.163940,1.163950,0
2025.12.03,03:32,1.163930,1.163990,1.163870,1.163980,0
2025.12.03,03:33,1.164000,1.164000,1.163900,1.163960,0
2025.12.03,03:34,1.163950,1.163950,1.163750,1.163760,0
2025.12.03,03:35,1.163770,1.163870,1.163750,1.163860,0
2025.12.03,03:36,1.163880,1.163880,1.163780,1.163800,0
2025.12.03,03:37,1.163800,1.163820,1.163730,1.163820,0
2025.12.03,03:38,1.163820,1.163860,1.163680,1.163700,0
2025.12.03,03:39,1.163700,1.163840,1.163640,1.163810,0
2025.12.03,03:40,1.163770,1.163790,1.163730,1.163750,0
2025.12.03,03:41,1.163760,1.163860,1.163760,1.163810,0
2025.12.03,03:42,1.163810,1.164010,1.163800,1.163970,0
2025.12.03,03:43,1.163970,1.164040,1.163960,1.164010,0
2025.12.03,03:44,1.164010,1.164120,1.163980,1.164020,0
2025.12.03,03:45,1.164050,1.164150,1.163910,1.163940,0
2025.12.03,03:46,1.163960,1.163990,1.163850,1.163850,0
2025.12.03,03:47,1.163870,1.163870,1.163680,1.163690,0
2025.12.03,03:48,1.163670,1.163730,1.163560,1.163690,0
2025.12.03,03:49,1.163710,1.163920,1.163690,1.163860,0
2025.12.03,03:50,1.163860,1.164090,1.163810,1.164070,0
2025.12.03,03:51,1.164070,1.164170,1.164050,1.164160,0
2025.12.03,03:52,1.164170,1.164210,1.164110,1.164190,0
2025.12.03,03:53,1.164190,1.164320,1.164160,1.164190,0
2025.12.03,03:54,1.164190,1.164300,1.164170,1.164240,0
2025.12.03,03:55,1.164230,1.164490,1.164230,1.164480,0
2025.12.03,03:56,1.164460,1.164520,1.164390,1.164460,0
2025.12.03,03:57,1.164470,1.164550,1.164410,1.164480,0
2025.12.03,03:58,1.164480,1.164520,1.164470,1.164480,0
2025.12.03,03:59,1.164470,1.164470,1.164330,1.164380,0
2025.12.03,04:00,1.164390,1.164570,1.164390,1.164530,0
2025.12.03,04:01,1.164530,1.164540,1.164290,1.164290,0
2025.12.03,04:02,1.164290,1.164330,1.164210,1.164260,0
2025.12.03,04:03,1.164260,1.164330,1.164240,1.164310,0
2025.12.03,04:04,1.164290,1.164290,1.164160,1.164250,0
2025.12.03,04:05,1.164240,1.164240,1.164000,1.164020,0
2025.12.03,04:06,1.164000,1.164230,1.164000,1.164220,0
2025.12.03,04:07,1.164220,1.164240,1.164130,1.164170,0
2025.12.03,04:08,1.164170,1.164380,1.164090,1.164330,0
2025.12.03,04:09,1.164330,1.164470,1.164320,1.164430,0
2025.12.03,04:10,1.164420,1.164510,1.164300,1.164430,0
2025.12.03,04:11,1.164430,1.164450,1.164370,1.164380,0
2025.12.03,04:12,1.164370,1.164380,1.164220,1.164240,0
2025.12.03,04:13,1.164230,1.164260,1.164170,1.164210,0
2025.12.03,04:14,1.164220,1.164280,1.164170,1.164270,0
2025.12.03,04:15,1.164260,1.164350,1.164260,1.164350,0
2025.12.03,04:16,1.164360,1.164440,1.164340,1.164400,0
2025.12.03,04:17,1.164390,1.164390,1.164160,1.164210,0
2025.12.03,04:18,1.164220,1.164270,1.164150,1.164240,0
2025.12.03,04:19,1.164230,1.164260,1.164160,1.164260,0
2025.12.03,04:20,1.164260,1.164340,1.164260,1.164320,0
2025.12.03,04:21,1.164330,1.164330,1.164140,1.164140,0
2025.12.03,04:22,1.164160,1.164160,1.164090,1.164100,0
2025.12.03,04:23,1.164080,1.164220,1.164050,1.164190,0
2025.12.03,04:24,1.164190,1.164240,1.164090,1.164110,0
2025.12.03,04:25,1.164100,1.164140,1.163980,1.164040,0
2025.12.03,04:26,1.164050,1.164190,1.164020,1.164190,0
2025.12.03,04:27,1.164210,1.164320,1.164180,1.164310,0
2025.12.03,04:28,1.164310,1.164310,1.164180,1.164180,0
2025.12.03,04:29,1.164190,1.164230,1.164150,1.164200,0
2025.12.03,04:30,1.164210,1.164420,1.164210,1.164270,0
2025.12.03,04:31,1.164270,1.164310,1.164240,1.164260,0
2025.12.03,04:32,1.164270,1.164340,1.164220,1.164330,0
2025.12.03,04:33,1.164340,1.164470,1.164330,1.164380,0
2025.12.03,04:34,1.164370,1.164460,1.164370,1.164390,0
2025.12.03,04:35,1.164400,1.164660,1.164380,1.164580,0
2025.12.03,04:36,1.164600,1.164710,1.164580,1.164620,0
2025.12.03,04:37,1.164610,1.164740,1.164410,1.164460,0
2025.12.03,04:38,1.164480,1.164520,1.164380,1.164440,0
2025.12.03,04:39,1.164450,1.164520,1.164390,1.164500,0
2025.12.03,04:40,1.164510,1.164590,1.164460,1.164500,0
2025.12.03,04:41,1.164480,1.164770,1.164480,1.164720,0
2025.12.03,04:42,1.164720,1.164750,1.164550,1.164620,0
2025.12.03,04:43,1.164650,1.164680,1.164530,1.164580,0
2025.12.03,04:44,1.164560,1.164640,1.164480,1.164580,0
2025.12.03,04:45,1.164600,1.164660,1.164510,1.164630,0
2025.12.03,04:46,1.164640,1.164780,1.164640,1.164710,0
2025.12.03,04:47,1.164730,1.164740,1.164660,1.164720,0
2025.12.03,04:48,1.164720,1.164780,1.164660,1.164730,0
2025.12.03,04:49,1.164710,1.164710,1.164570,1.164630,0
2025.12.03,04:50,1.164640,1.164650,1.164570,1.164580,0
2025.12.03,04:51,1.164590,1.164670,1.164560,1.164590,0
2025.12.03,04:52,1.164600,1.164610,1.164490,1.164530,0
2025.12.03,04:53,1.164540,1.164570,1.164490,1.164560,0
2025.12.03,04:54,1.164560,1.164640,1.164510,1.164620,0
2025.12.03,04:55,1.164630,1.164670,1.164570,1.164610,0
2025.12.03,04:56,1.164610,1.164660,1.164560,1.164660,0
2025.12.03,04:57,1.164650,1.164660,1.164570,1.164620,0
2025.12.03,04:58,1.164620,1.164680,1.164610,1.164650,0
2025.12.03,04:59,1.164680,1.164720,1.164540,1.164550,0
2025.12.03,05:00,1.164560,1.164620,1.164540,1.164560,0
2025.12.03,05:01,1.164570,1.164620,1.164470,1.164510,0
2025.12.03,05:02,1.164520,1.164740,1.164520,1.164720,0
2025.12.03,05:03,1.164710,1.164710,1.164630,1.164670,0
2025.12.03,05:04,1.164670,1.164810,1.164660,1.164810,0
2025.12.03,05:05,1.164830,1.164870,1.164800,1.164810,0
2025.12.03,05:06,1.164820,1.164950,1.164790,1.164940,0
2025.12.03,05:07,1.164960,1.165100,1.164930,1.165100,0
2025.12.03,05:08,1.165100,1.165200,1.165090,1.165110,0
2025.12.03,05:09,1.165110,1.165240,1.165100,1.165230,0
2025.12.03,05:10,1.165240,1.165280,1.165170,1.165170,0
2025.12.03,05:11,1.165170,1.165190,1.165110,1.165110,0
2025.12.03,05:12,1.165130,1.165330,1.165110,1.165310,0
2025.12.03,05:13,1.165320,1.165420,1.165310,1.165390,0
2025.12.03,05:14,1.165410,1.165500,1.165320,1.165480,0
2025.12.03,05:15,1.165470,1.165680,1.165470,1.165590,0
2025.12.03,05:16,1.165580,1.165680,1.165580,1.165670,0
2025.12.03,05:17,1.165710,1.165770,1.165670,1.165750,0
2025.12.03,05:18,1.165760,1.165810,1.165720,1.165800,0
2025.12.03,05:19,1.165790,1.165860,1.165730,1.165840,0
2025.12.03,05:20,1.165830,1.165960,1.165820,1.165950,0
2025.12.03,05:21,1.165950,1.165980,1.165900,1.165950,0
2025.12.03,05:22,1.165950,1.166160,1.165940,1.166130,0
2025.12.03,05:23,1.166150,1.166150,1.165790,1.165790,0
2025.12.03,05:24,1.165780,1.165780,1.165700,1.165700,0
2025.12.03,05:25,1.165710,1.165940,1.165710,1.165930,0
2025.12.03,05:26,1.165950,1.166070,1.165930,1.165970,0
2025.12.03,05:27,1.165960,1.165960,1.165810,1.165870,0
2025.12.03,05:28,1.165870,1.165980,1.165820,1.165950,0
2025.12.03,05:29,1.165940,1.165940,1.165690,1.165700,0
2025.12.03,05:30,1.165690,1.165730,1.165660,1.165690,0
2025.12.03,05:31,1.165660,1.165890,1.165640,1.165870,0
2025.12.03,05:32,1.165890,1.165940,1.165840,1.165900,0
2025.12.03,05:33,1.165910,1.165930,1.165850,1.165920,0
2025.12.03,05:34,1.165940,1.166040,1.165870,1.166030,0
2025.12.03,05:35,1.166040,1.166080,1.166020,1.166060,0
2025.12.03,05:36,1.166070,1.166220,1.166070,1.166140,0
2025.12.03,05:37,1.166130,1.166140,1.166050,1.166080,0
2025.12.03,05:38,1.166070,1.166080,1.165960,1.166020,0
2025.12.03,05:39,1.166030,1.166050,1.165940,1.166030,0
2025.12.03,05:40,1.166020,1.166160,1.166020,1.166120,0
2025.12.03,05:41,1.166120,1.166140,1.166090,1.166140,0
2025.12.03,05:42,1.166100,1.166260,1.166070,1.166260,0
2025.12.03,05:43,1.166270,1.166270,1.166140,1.166260,0
2025.12.03,05:44,1.166260,1.166260,1.166190,1.166210,0
2025.12.03,05:45,1.166210,1.166210,1.166060,1.166070,0
2025.12.03,05:46,1.166080,1.166200,1.166060,1.166190,0
2025.12.03,05:47,1.166210,1.166210,1.166160,1.166180,0
2025.12.03,05:48,1.166160,1.166210,1.166100,1.166210,0
2025.12.03,05:49,1.166200,1.166270,1.166170,1.166270,0
2025.12.03,05:50,1.166240,1.166270,1.166130,1.166140,0
2025.12.03,05:51,1.166130,1.166330,1.166120,1.166290,0
2025.12.03,05:52,1.166300,1.166300,1.166090,1.166110,0
2025.12.03,05:53,1.166140,1.166320,1.166090,1.166310,0
2025.12.03,05:54,1.166300,1.166360,1.166120,1.166120,0
2025.12.03,05:55,1.166110,1.166140,1.165930,1.166140,0
2025.12.03,05:56,1.166130,1.166160,1.166070,1.166070,0
2025.12.03,05:57,1.166060,1.166170,1.166000,1.166150,0
2025.12.03,05:58,1.166120,1.166160,1.165950,1.166040,0
2025.12.03,05:59,1.166040,1.166190,1.166040,1.166050,0
2025.12.03,06:00,1.166060,1.166070,1.165880,1.165940,0
2025.12.03,06:01,1.165960,1.166030,1.165860,1.165890,0
2025.12.03,06:02,1.165890,1.165990,1.165780,1.165830,0
2025.12.03,06:03,1.165840,1.165840,1.165700,1.165700,0
2025.12.03,06:04,1.165710,1.165740,1.165700,1.165700,0
2025.12.03,06:05,1.165700,1.165770,1.165660,1.165690,0
2025.12.03,06:06,1.165680,1.165720,1.165620,1.165650,0
2025.12.03,06:07,1.165670,1.165680,1.165500,1.165500,0
2025.12.03,06:08,1.165500,1.165610,1.165490,1.165600,0
2025.12.03,06:09,1.165610,1.165690,1.165600,1.165640,0
2025.12.03,06:10,1.165620,1.165630,1.165510,1.165610,0
2025.12.03,06:11,1.165600,1.165630,1.165590,1.165610,0
2025.12.03,06:12,1.165640,1.165690,1.165640,1.165690,0
2025.12.03,06:13,1.165710,1.165760,1.165710,1.165750,0
2025.12.03,06:14,1.165780,1.165840,1.165760,1.165800,0
2025.12.03,06:15,1.165790,1.165860,1.165780,1.165820,0
2025.12.03,06:16,1.165850,1.165900,1.165840,1.165870,0
2025.12.03,06:17,1.165880,1.165980,1.165880,1.165970,0
2025.12.03,06:18,1.165980,1.166110,1.165980,1.166090,0
2025.12.03,06:19,1.166080,1.166110,1.166060,1.166060,0
2025.12.03,06:20,1.166050,1.166110,1.166030,1.166080,0
2025.12.03,06:21,1.166090,1.166090,1.165910,1.165910,0
2025.12.03,06:22,1.165920,1.165950,1.165870,1.165870,0
2025.12.03,06:23,1.165890,1.165950,1.165880,1.165930,0
2025.12.03,06:24,1.165960,1.166080,1.165960,1.166050,0
2025.12.03,06:25,1.166040,1.166060,1.165980,1.166050,0
2025.12.03,06:26,1.166060,1.166150,1.166060,1.166140,0
2025.12.03,06:27,1.166140,1.166160,1.166110,1.166160,0
2025.12.03,06:28,1.166140,1.166180,1.166120,1.166160,0
2025.12.03,06:29,1.166180,1.166210,1.166160,1.166210,0
2025.12.03,06:30,1.166220,1.166230,1.166150,1.166220,0
2025.12.03,06:31,1.166210,1.166290,1.166210,1.166220,0
2025.12.03,06:32,1.166220,1.166220,1.166180,1.166190,0
2025.12.03,06:33,1.166180,1.166320,1.166180,1.166280,0
2025.12.03,06:34,1.166290,1.166330,1.166260,1.166290,0
2025.12.03,06:35,1.166280,1.166290,1.166150,1.166170,0
2025.12.03,06:36,1.166180,1.166230,1.166150,1.166210,0
2025.12.03,06:37,1.166220,1.166260,1.166180,1.166260,0
2025.12.03,06:38,1.166260,1.166320,1.166240,1.166280,0
2025.12.03,06:39,1.166260,1.166290,1.166260,1.166280,0
2025.12.03,06:40,1.166270,1.166370,1.166270,1.166310,0
2025.12.03,06:41,1.166310,1.166380,1.166300,1.166370,0
2025.12.03,06:42,1.166370,1.166370,1.166200,1.166240,0
2025.12.03,06:43,1.166240,1.166320,1.166200,1.166310,0
2025.12.03,06:44,1.166310,1.166330,1.166220,1.166220,0
2025.12.03,06:45,1.166200,1.166220,1.166170,1.166180,0
2025.12.03,06:46,1.166160,1.166160,1.166090,1.166130,0
2025.12.03,06:47,1.166120,1.166120,1.166030,1.166120,0
2025.12.03,06:48,1.166130,1.166140,1.166100,1.166130,0
2025.12.03,06:49,1.166130,1.166240,1.166130,1.166240,0
2025.12.03,06:50,1.166240,1.166450,1.166190,1.166420,0
2025.12.03,06:51,1.166420,1.166460,1.166400,1.166460,0
2025.12.03,06:52,1.166440,1.166440,1.166380,1.166390,0
2025.12.03,06:53,1.166390,1.166550,1.166380,1.166470,0
2025.12.03,06:54,1.166500,1.166500,1.166350,1.166370,0
2025.12.03,06:55,1.166380,1.166400,1.166260,1.166370,0
2025.12.03,06:56,1.166340,1.166400,1.166240,1.166400,0
2025.12.03,06:57,1.166400,1.166560,1.166400,1.166560,0
2025.12.03,06:58,1.166540,1.166570,1.166520,1.166530,0
2025.12.03,06:59,1.166530,1.166550,1.166520,1.166550,0
2025.12.03,07:00,1.166540,1.166720,1.166500,1.166680,0
2025.12.03,07:01,1.166670,1.166720,1.166610,1.166620,0
2025.12.03,07:02,1.166610,1.166650,1.166530,1.166630,0
2025.12.03,07:03,1.166630,1.166710,1.166630,1.166700,0
2025.12.03,07:04,1.166700,1.166700,1.166540,1.166670,0
2025.12.03,07:05,1.166700,1.166750,1.166680,1.166690,0
2025.12.03,07:06,1.166710,1.166780,1.166710,1.166730,0
2025.12.03,07:07,1.166740,1.166800,1.166730,1.166770,0
2025.12.03,07:08,1.166770,1.166800,1.166690,1.166710,0
2025.12.03,07:09,1.166720,1.166720,1.166510,1.166560,0
2025.12.03,07:10,1.166580,1.166730,1.166570,1.166720,0
2025.12.03,07:11,1.166740,1.166780,1.166660,1.166660,0
2025.12.03,07:12,1.166680,1.166680,1.166610,1.166640,0
2025.12.03,07:13,1.166630,1.166750,1.166630,1.166730,0
2025.12.03,07:14,1.166720,1.166720,1.166480,1.166480,0
2025.12.03,07:15,1.166480,1.166480,1.166290,1.166400,0
2025.12.03,07:16,1.166400,1.166430,1.166330,1.166330,0
2025.12.03,07:17,1.166340,1.166510,1.166300,1.166490,0
2025.12.03,07:18,1.166480,1.166550,1.166450,1.166520,0
2025.12.03,07:19,1.166520,1.166520,1.166440,1.166470,0
2025.12.03,07:20,1.166470,1.166550,1.166450,1.166480,0
2025.12.03,07:21,1.166500,1.166600,1.166480,1.166570,0
2025.12.03,07:22,1.166600,1.166610,1.166560,1.166580,0
2025.12.03,07:23,1.166590,1.166690,1.166590,1.166680,0
2025.12.03,07:24,1.166680,1.166740,1.166670,1.166680,0
2025.12.03,07:25,1.166650,1.166660,1.166570,1.166620,0
2025.12.03,07:26,1.166650,1.166760,1.166650,1.166760,0
2025.12.03,07:27,1.166760,1.166880,1.166750,1.166830,0
2025.12.03,07:28,1.166820,1.166830,1.166740,1.166760,0
2025.12.03,07:29,1.166740,1.166800,1.166730,1.166790,0
2025.12.03,07:30,1.166790,1.166800,1.166750,1.166750,0
2025.12.03,07:31,1.166730,1.166780,1.166730,1.166780,0
2025.12.03,07:32,1.166810,1.166830,1.166660,1.166720,0
2025.12.03,07:33,1.166720,1.166760,1.166700,1.166760,0
2025.12.03,07:34,1.166780,1.166850,1.166750,1.166820,0
2025.12.03,07:35,1.166840,1.166900,1.166800,1.166860,0
2025.12.03,07:36,1.166870,1.166940,1.166740,1.166740,0
2025.12.03,07:37,1.166740,1.166760,1.166690,1.166710,0
2025.12.03,07:38,1.166720,1.166820,1.166700,1.166800,0
2025.12.03,07:39,1.166820,1.166820,1.166700,1.166740,0
2025.12.03,07:40,1.166730,1.166740,1.166670,1.166670,0
2025.12.03,07:41,1.166690,1.166830,1.166670,1.166830,0
2025.12.03,07:42,1.166800,1.166800,1.166740,1.166750,0
2025.12.03,07:43,1.166760,1.166790,1.166660,1.166660,0
2025.12.03,07:44,1.166680,1.166680,1.166620,1.166650,0
2025.12.03,07:45,1.166660,1.166690,1.166640,1.166650,0
2025.12.03,07:46,1.166660,1.166700,1.166620,1.166620,0
2025.12.03,07:47,1.166620,1.166680,1.166610,1.166680,0
2025.12.03,07:48,1.166680,1.166680,1.166610,1.166660,0
2025.12.03,07:49,1.166690,1.166700,1.166610,1.166660,0
2025.12.03,07:50,1.166650,1.166780,1.166640,1.166740,0
2025.12.03,07:51,1.166750,1.166750,1.166660,1.166670,0
2025.12.03,07:52,1.166670,1.166820,1.166670,1.166800,0
2025.12.03,07:53,1.166790,1.166800,1.166720,1.166770,0
2025.12.03,07:54,1.166790,1.166790,1.166610,1.166630,0
2025.12.03,07:55,1.166650,1.166650,1.166520,1.166520,0
2025.12.03,07:56,1.166520,1.166520,1.166390,1.166390,0
2025.12.03,07:57,1.166380,1.166460,1.166240,1.166240,0
2025.12.03,07:58,1.166230,1.166360,1.166220,1.166280,0
2025.12.03,07:59,1.166290,1.166320,1.166270,1.166280,0
2025.12.03,08:00,1.166280,1.166300,1.166170,1.166280,0
2025.12.03,08:01,1.166300,1.166420,1.166250,1.166360,0
2025.12.03,08:02,1.166360,1.166490,1.166360,1.166430,0
2025.12.03,08:03,1.166450,1.166480,1.166410,1.166410,0
2025.12.03,08:04,1.166420,1.166510,1.166390,1.166490,0
2025.12.03,08:05,1.166480,1.166690,1.166480,1.166610,0
2025.12.03,08:06,1.166610,1.166610,1.166470,1.166560,0
2025.12.03,08:07,1.166550,1.166670,1.166550,1.166570,0
2025.12.03,08:08,1.166590,1.166760,1.166590,1.166730,0
2025.12.03,08:09,1.166740,1.166880,1.166740,1.166820,0
2025.12.03,08:10,1.166800,1.167030,1.166770,1.166900,0
2025.12.03,08:11,1.166910,1.167150,1.166890,1.167110,0
2025.12.03,08:12,1.167130,1.167130,1.166950,1.166960,0
2025.12.03,08:13,1.166960,1.166990,1.166880,1.166890,0
2025.12.03,08:14,1.166840,1.166870,1.166730,1.166780,0
2025.12.03,08:15,1.166780,1.167520,1.166780,1.167340,0
2025.12.03,08:16,1.167350,1.167370,1.167190,1.167200,0
2025.12.03,08:17,1.167190,1.167280,1.167130,1.167210,0
2025.12.03,08:18,1.167230,1.167340,1.167160,1.167330,0
2025.12.03,08:19,1.167320,1.167500,1.167300,1.167420,0
2025.12.03,08:20,1.167410,1.167440,1.167140,1.167140,0
2025.12.03,08:21,1.167130,1.167400,1.167120,1.167370,0
2025.12.03,08:22,1.167370,1.167470,1.167340,1.167420,0
2025.12.03,08:23,1.167410,1.167490,1.167410,1.167480,0
2025.12.03,08:24,1.167480,1.167500,1.167390,1.167450,0
2025.12.03,08:25,1.167440,1.167500,1.167410,1.167470,0
2025.12.03,08:26,1.167480,1.167480,1.167280,1.167440,0
2025.12.03,08:27,1.167440,1.167440,1.167110,1.167120,0
2025.12.03,08:28,1.167130,1.167270,1.167070,1.167270,0
2025.12.03,08:29,1.167270,1.167270,1.166970,1.166990,0
2025.12.03,08:30,1.166990,1.167040,1.166840,1.166960,0
2025.12.03,08:31,1.166980,1.167090,1.166950,1.166980,0
2025.12.03,08:32,1.166980,1.167080,1.166680,1.166740,0
2025.12.03,08:33,1.166750,1.166880,1.166730,1.166770,0
2025.12.03,08:34,1.166770,1.166910,1.166720,1.166780,0
2025.12.03,08:35,1.166750,1.166930,1.166690,1.166860,0
2025.12.03,08:36,1.166850,1.166850,1.166540,1.166810,0
2025.12.03,08:37,1.166830,1.167010,1.166790,1.166980,0
2025.12.03,08:38,1.166970,1.167170,1.166880,1.167150,0
2025.12.03,08:39,1.167170,1.167190,1.166880,1.166980,0
2025.12.03,08:40,1.166970,1.167020,1.166790,1.166820,0
2025.12.03,08:41,1.166840,1.167000,1.166830,1.166930,0
2025.12.03,08:42,1.166930,1.167030,1.166770,1.167020,0
2025.12.03,08:43,1.167020,1.167190,1.167000,1.167130,0
2025.12.03,08:44,1.167140,1.167200,1.167120,1.167170,0
2025.12.03,08:45,1.167170,1.167190,1.166910,1.166920,0
2025.12.03,08:46,1.166930,1.166990,1.166840,1.166840,0
2025.12.03,08:47,1.166850,1.166960,1.166840,1.166850,0
2025.12.03,08:48,1.166860,1.166920,1.166760,1.166910,0
2025.12.03,08:49,1.166920,1.167010,1.166850,1.166970,0
2025.12.03,08:50,1.166990,1.167020,1.166890,1.166930,0
2025.12.03,08:51,1.166920,1.166940,1.166750,1.166780,0
2025.12.03,08:52,1.166780,1.166880,1.166700,1.166880,0
2025.12.03,08:53,1.166880,1.166880,1.166790,1.166850,0
2025.12.03,08:54,1.166870,1.166870,1.166710,1.166810,0
2025.12.03,08:55,1.166830,1.166870,1.166520,1.166540,0
2025.12.03,08:56,1.166540,1.166650,1.166450,1.166520,0
2025.12.03,08:57,1.166520,1.166600,1.166440,1.166590,0
2025.12.03,08:58,1.166590,1.166650,1.166550,1.166630,0
2025.12.03,08:59,1.166610,1.166660,1.166580,1.166620,0
2025.12.03,09:00,1.166640,1.166690,1.166590,1.166650,0
2025.12.03,09:01,1.166640,1.166640,1.166430,1.166460,0
2025.12.03,09:02,1.166460,1.166570,1.166390,1.166440,0
2025.12.03,09:03,1.166450,1.166450,1.166200,1.166280,0
2025.12.03,09:04,1.166290,1.166390,1.166260,1.166380,0
2025.12.03,09:05,1.166390,1.166480,1.166260,1.166360,0
2025.12.03,09:06,1.166400,1.166480,1.166220,1.166270,0
2025.12.03,09:07,1.166260,1.166400,1.166250,1.166330,0
2025.12.03,09:08,1.166350,1.166450,1.166340,1.166410,0
2025.12.03,09:09,1.166420,1.166490,1.166360,1.166410,0
2025.12.03,09:10,1.166420,1.166500,1.166410,1.166470,0
2025.12.03,09:11,1.166470,1.166620,1.166410,1.166410,0
2025.12.03,09:12,1.166430,1.166500,1.166390,1.166450,0
2025.12.03,09:13,1.166460,1.166480,1.166410,1.166480,0
2025.12.03,09:14,1.166480,1.166500,1.166380,1.166420,0
2025.12.03,09:15,1.166420,1.166480,1.166390,1.166410,0
2025.12.03,09:16,1.166400,1.166400,1.166100,1.166120,0
2025.12.03,09:17,1.166110,1.166270,1.166070,1.166250,0
2025.12.03,09:18,1.166270,1.166280,1.166060,1.166100,0
2025.12.03,09:19,1.166120,1.166120,1.165940,1.165950,0
2025.12.03,09:20,1.165940,1.166160,1.165940,1.166060,0
2025.12.03,09:21,1.166060,1.166160,1.166010,1.166150,0
2025.12.03,09:22,1.166140,1.166200,1.165950,1.165990,0
2025.12.03,09:23,1.166000,1.166070,1.165950,1.166000,0
2025.12.03,09:24,1.166000,1.166000,1.165810,1.165860,0
2025.12.03,09:25,1.165870,1.165910,1.165780,1.165860,0
2025.12.03,09:26,1.165860,1.165900,1.165680,1.165690,0
2025.12.03,09:27,1.165680,1.165720,1.165600,1.165690,0
2025.12.03,09:28,1.165690,1.165750,1.165550,1.165630,0
2025.12.03,09:29,1.165640,1.165650,1.165550,1.165550,0
2025.12.03,09:30,1.165550,1.165740,1.165550,1.165690,0
2025.12.03,09:31,1.165690,1.165980,1.165680,1.165870,0
2025.12.03,09:32,1.165900,1.166180,1.165880,1.166160,0
2025.12.03,09:33,1.166180,1.166380,1.166170,1.166350,0
2025.12.03,09:34,1.166350,1.166370,1.166110,1.166260,0
2025.12.03,09:35,1.166250,1.166400,1.166200,1.166360,0
2025.12.03,09:36,1.166370,1.166420,1.166180,1.166200,0
2025.12.03,09:37,1.166210,1.166460,1.166210,1.166350,0
2025.12.03,09:38,1.166360,1.166480,1.166340,1.166370,0
2025.12.03,09:39,1.166350,1.166450,1.166280,1.166280,0
2025.12.03,09:40,1.166290,1.166340,1.166230,1.166280,0
2025.12.03,09:41,1.166260,1.166360,1.166190,1.166360,0
2025.12.03,09:42,1.166360,1.166370,1.166250,1.166260,0
2025.12.03,09:43,1.166270,1.166280,1.166070,1.166130,0
2025.12.03,09:44,1.166110,1.166280,1.166060,1.166070,0
2025.12.03,09:45,1.166070,1.166270,1.165860,1.166260,0
2025.12.03,09:46,1.166270,1.166290,1.165950,1.166050,0
2025.12.03,09:47,1.166060,1.166250,1.166040,1.166200,0
2025.12.03,09:48,1.166220,1.166330,1.166180,1.166310,0
2025.12.03,09:49,1.166320,1.166470,1.166240,1.166240,0
2025.12.03,09:50,1.166240,1.166320,1.166210,1.166220,0
2025.12.03,09:51,1.166210,1.166220,1.166090,1.166090,0
2025.12.03,09:52,1.166100,1.166220,1.165980,1.166000,0
2025.12.03,09:53,1.165990,1.166040,1.165650,1.165680,0
2025.12.03,09:54,1.165670,1.165800,1.165660,1.165740,0
2025.12.03,09:55,1.165740,1.165830,1.165570,1.165740,0
2025.12.03,09:56,1.165730,1.165970,1.165730,1.165960,0
2025.12.03,09:57,1.165950,1.166280,1.165940,1.166260,0
2025.12.03,09:58,1.166240,1.166290,1.166160,1.166250,0
2025.12.03,09:59,1.166260,1.166320,1.166190,1.166230,0
2025.12.03,10:00,1.166210,1.166210,1.165570,1.165570,0
2025.12.03,10:01,1.165580,1.165920,1.165580,1.165860,0
2025.12.03,10:02,1.165860,1.165970,1.165630,1.165800,0
2025.12.03,10:03,1.165780,1.166000,1.165670,1.165840,0
2025.12.03,10:04,1.165820,1.165960,1.165750,1.165820,0
2025.12.03,10:05,1.165840,1.165840,1.165590,1.165610,0
2025.12.03,10:06,1.165570,1.165680,1.165480,1.165670,0
2025.12.03,10:07,1.165670,1.165830,1.165660,1.165830,0
2025.12.03,10:08,1.165810,1.166040,1.165700,1.165960,0
2025.12.03,10:09,1.166010,1.166460,1.166010,1.166370,0
2025.12.03,10:10,1.166380,1.166670,1.166370,1.166580,0
2025.12.03,10:11,1.166580,1.166580,1.165560,1.166120,0
2025.12.03,10:12,1.166150,1.166320,1.165940,1.166010,0
2025.12.03,10:13,1.166000,1.166220,1.165790,1.165880,0
2025.12.03,10:14,1.165890,1.166100,1.165880,1.165910,0
2025.12.03,10:15,1.165920,1.165940,1.165720,1.165730,0
2025.12.03,10:16,1.165730,1.165840,1.165550,1.165630,0
2025.12.03,10:17,1.165640,1.165750,1.165630,1.165710,0
2025.12.03,10:18,1.165710,1.165720,1.165600,1.165650,0
2025.12.03,10:19,1.165640,1.166120,1.165640,1.166090,0
2025.12.03,10:20,1.166090,1.166270,1.166020,1.166270,0
2025.12.03,10:21,1.166270,1.166370,1.166250,1.166290,0
2025.12.03,10:22,1.166300,1.166520,1.166300,1.166350,0
2025.12.03,10:23,1.166370,1.166510,1.166220,1.166490,0
2025.12.03,10:24,1.166490,1.166620,1.166470,1.166520,0
2025.12.03,10:25,1.166530,1.166760,1.166500,1.166680,0
2025.12.03,10:26,1.166640,1.166720,1.166610,1.166700,0
2025.12.03,10:27,1.166710,1.166800,1.166680,1.166710,0
2025.12.03,10:28,1.166720,1.166720,1.166540,1.166610,0
2025.12.03,10:29,1.166620,1.166660,1.166390,1.166460,0
2025.12.03,10:30,1.166480,1.166570,1.166430,1.166520,0
2025.12.03,10:31,1.166520,1.166670,1.166460,1.166670,0
2025.12.03,10:32,1.166680,1.166690,1.166560,1.166610,0
2025.12.03,10:33,1.166620,1.166790,1.166560,1.166630,0
2025.12.03,10:34,1.166620,1.166620,1.166470,1.166470,0
2025.12.03,10:35,1.166470,1.166540,1.166050,1.166220,0
2025.12.03,10:36,1.166220,1.166360,1.166220,1.166300,0
2025.12.03,10:37,1.166280,1.166280,1.165980,1.165980,0
2025.12.03,10:38,1.166000,1.166040,1.165880,1.165890,0
2025.12.03,10:39,1.165890,1.165980,1.165830,1.165870,0
2025.12.03,10:40,1.165880,1.165880,1.165670,1.165790,0
2025.12.03,10:41,1.165770,1.165980,1.165700,1.165970,0
2025.12.03,10:42,1.165970,1.166010,1.165840,1.165910,0
2025.12.03,10:43,1.165890,1.165890,1.165770,1.165790,0
2025.12.03,10:44,1.165800,1.165820,1.165640,1.165640,0
2025.12.03,10:45,1.165640,1.165640,1.165430,1.165540,0
2025.12.03,10:46,1.165570,1.165810,1.165470,1.165810,0
2025.12.03,10:47,1.165800,1.165970,1.165740,1.165910,0
2025.12.03,10:48,1.165930,1.166030,1.165770,1.165790,0
2025.12.03,10:49,1.165800,1.165820,1.165680,1.165780,0
2025.12.03,10:50,1.165740,1.165800,1.165570,1.165730,0
2025.12.03,10:51,1.165720,1.165830,1.165680,1.165710,0
2025.12.03,10:52,1.165720,1.165780,1.165660,1.165780,0
2025.12.03,10:53,1.165790,1.165800,1.165610,1.165770,0
2025.12.03,10:54,1.165780,1.166070,1.165780,1.166060,0
2025.12.03,10:55,1.166050,1.166090,1.165790,1.166060,0
2025.12.03,10:56,1.166090,1.166110,1.165920,1.166070,0
2025.12.03,10:57,1.166030,1.166260,1.165870,1.166240,0
2025.12.03,10:58,1.166260,1.166260,1.166050,1.166170,0
2025.12.03,10:59,1.166160,1.166160,1.165950,1.165950,0
2025.12.03,11:00,1.165950,1.166060,1.165910,1.166060,0
2025.12.03,11:01,1.166070,1.166230,1.166050,1.166230,0
2025.12.03,11:02,1.166230,1.166290,1.166180,1.166190,0
2025.12.03,11:03,1.166190,1.166370,1.166140,1.166170,0
2025.12.03,11:04,1.166210,1.166260,1.166060,1.166080,0
2025.12.03,11:05,1.166040,1.166090,1.165970,1.165970,0
2025.12.03,11:06,1.165950,1.166030,1.165860,1.166030,0
2025.12.03,11:07,1.166030,1.166140,1.165960,1.166110,0
2025.12.03,11:08,1.166120,1.166230,1.166060,1.166090,0
2025.12.03,11:09,1.166090,1.166160,1.166020,1.166110,0
2025.12.03,11:10,1.166090,1.166310,1.166080,1.166190,0
2025.12.03,11:11,1.166170,1.166330,1.166130,1.166330,0
2025.12.03,11:12,1.166330,1.166450,1.166310,1.166390,0
2025.12.03,11:13,1.166410,1.166420,1.166270,1.166280,0
2025.12.03,11:14,1.166250,1.166300,1.166180,1.166280,0
2025.12.03,11:15,1.166260,1.166330,1.166230,1.166270,0
2025.12.03,11:16,1.166280,1.166430,1.166090,1.166090,0
2025.12.03,11:17,1.166080,1.166230,1.166060,1.166190,0
2025.12.03,11:18,1.166190,1.166270,1.166160,1.166180,0
2025.12.03,11:19,1.166200,1.166290,1.166100,1.166120,0
2025.12.03,11:20,1.166140,1.166270,1.166130,1.166170,0
2025.12.03,11:21,1.166160,1.166250,1.166160,1.166220,0
2025.12.03,11:22,1.166210,1.166420,1.166190,1.166400,0
2025.12.03,11:23,1.166390,1.166520,1.166360,1.166430,0
2025.12.03,11:24,1.166430,1.166620,1.166430,1.166480,0
2025.12.03,11:25,1.166480,1.166610,1.166460,1.166580,0
2025.12.03,11:26,1.166570,1.166570,1.166400,1.166480,0
2025.12.03,11:27,1.166470,1.166540,1.166320,1.166320,0
2025.12.03,11:28,1.166330,1.166420,1.166250,1.166380,0
2025.12.03,11:29,1.166390,1.166400,1.166280,1.166280,0
2025.12.03,11:30,1.166300,1.166400,1.166090,1.166210,0
2025.12.03,11:31,1.166200,1.166200,1.165950,1.166090,0
2025.12.03,11:32,1.166080,1.166170,1.165980,1.166150,0
2025.12.03,11:33,1.166170,1.166340,1.166170,1.166330,0
2025.12.03,11:34,1.166320,1.166340,1.166120,1.166180,0
2025.12.03,11:35,1.166190,1.166360,1.166180,1.166320,0
2025.12.03,11:36,1.166320,1.166500,1.166320,1.166470,0
2025.12.03,11:37,1.166490,1.166540,1.166320,1.166390,0
2025.12.03,11:38,1.166400,1.166420,1.166320,1.166360,0
2025.12.03,11:39,1.166380,1.166410,1.166240,1.166240,0
2025.12.03,11:40,1.166240,1.166270,1.166140,1.166160,0
2025.12.03,11:41,1.166170,1.166210,1.166140,1.166170,0
2025.12.03,11:42,1.166150,1.166190,1.166070,1.166070,0
2025.12.03,11:43,1.166050,1.166250,1.166030,1.166250,0
2025.12.03,11:44,1.166250,1.166290,1.166190,1.166240,0
2025.12.03,11:45,1.166230,1.166280,1.166210,1.166210,0
2025.12.03,11:46,1.166220,1.166290,1.166150,1.166230,0
2025.12.03,11:47,1.166250,1.166300,1.166230,1.166290,0
2025.12.03,11:48,1.166300,1.166310,1.166140,1.166170,0
2025.12.03,11:49,1.166150,1.166180,1.166070,1.166130,0
2025.12.03,11:50,1.166130,1.166140,1.166050,1.166110,0
2025.12.03,11:51,1.166100,1.166130,1.166010,1.166030,0
2025.12.03,11:52,1.166030,1.166080,1.165990,1.166030,0
2025.12.03,11:53,1.166040,1.166130,1.166010,1.166100,0
2025.12.03,11:54,1.166090,1.166110,1.166000,1.166000,0
2025.12.03,11:55,1.166020,1.166130,1.165960,1.166120,0
2025.12.03,11:56,1.166100,1.166100,1.165940,1.165980,0
2025.12.03,11:57,1.165980,1.166010,1.165890,1.165960,0
2025.12.03,11:58,1.165940,1.165980,1.165890,1.165920,0
2025.12.03,11:59,1.165910,1.166060,1.165840,1.165940,0
2025.12.03,12:00,1.165950,1.166050,1.165930,1.165970,0
2025.12.03,12:01,1.165970,1.166130,1.165960,1.166010,0
2025.12.03,12:02,1.166010,1.166080,1.165960,1.166030,0
2025.12.03,12:03,1.166020,1.166110,1.165910,1.166040,0
2025.12.03,12:04,1.166040,1.166080,1.165910,1.165910,0
2025.12.03,12:05,1.165920,1.165980,1.165880,1.165880,0
2025.12.03,12:06,1.165890,1.165910,1.165830,1.165840,0
2025.12.03,12:07,1.165830,1.165860,1.165760,1.165840,0
2025.12.03,12:08,1.165820,1.165840,1.165760,1.165810,0
2025.12.03,12:09,1.165820,1.165910,1.165740,1.165910,0
2025.12.03,12:10,1.165920,1.165950,1.165830,1.165870,0
2025.12.03,12:11,1.165870,1.166060,1.165860,1.166010,0
2025.12.03,12:12,1.166010,1.166030,1.165930,1.165930,0
2025.12.03,12:13,1.165940,1.166010,1.165920,1.166010,0
2025.12.03,12:14,1.166010,1.166160,1.166010,1.166150,0
2025.12.03,12:15,1.166130,1.166190,1.166090,1.166150,0
2025.12.03,12:16,1.166160,1.166170,1.166080,1.166110,0
2025.12.03,12:17,1.166100,1.166210,1.166050,1.166210,0
2025.12.03,12:18,1.166190,1.166260,1.166170,1.166220,0
2025.12.03,12:19,1.166240,1.166290,1.166180,1.166280,0
2025.12.03,12:20,1.166290,1.166300,1.166150,1.166210,0
2025.12.03,12:21,1.166230,1.166320,1.166210,1.166280,0
2025.12.03,12:22,1.166290,1.166310,1.166200,1.166220,0
2025.12.03,12:23,1.166240,1.166240,1.166130,1.166130,0
2025.12.03,12:24,1.166140,1.166270,1.166130,1.166270,0
2025.12.03,12:25,1.166260,1.166330,1.166250,1.166290,0
2025.12.03,12:26,1.166300,1.166320,1.166250,1.166320,0
2025.12.03,12:27,1.166320,1.166340,1.166270,1.166310,0
2025.12.03,12:28,1.166330,1.166410,1.166320,1.166360,0
2025.12.03,12:29,1.166360,1.166360,1.166250,1.166310,0
2025.12.03,12:30,1.166290,1.166390,1.166280,1.166330,0
2025.12.03,12:31,1.166330,1.166360,1.166260,1.166270,0
2025.12.03,12:32,1.166250,1.166300,1.166170,1.166300,0
2025.12.03,12:33,1.166310,1.166430,1.166310,1.166430,0
2025.12.03,12:34,1.166450,1.166510,1.166410,1.166510,0
2025.12.03,12:35,1.166500,1.166580,1.166470,1.166470,0
2025.12.03,12:36,1.166470,1.166540,1.166460,1.166520,0
2025.12.03,12:37,1.166510,1.166510,1.166380,1.166450,0
2025.12.03,12:38,1.166450,1.166590,1.166450,1.166580,0
2025.12.03,12:39,1.166570,1.166610,1.166560,1.166590,0
2025.12.03,12:40,1.166590,1.166600,1.166530,1.166590,0
2025.12.03,12:41,1.166570,1.166630,1.166560,1.166610,0
2025.12.03,12:42,1.166620,1.166620,1.166580,1.166620,0
2025.12.03,12:43,1.166620,1.166650,1.166600,1.166640,0
2025.12.03,12:44,1.166630,1.166750,1.166560,1.166670,0
2025.12.03,12:45,1.166670,1.166780,1.166660,1.166780,0
2025.12.03,12:46,1.166780,1.166910,1.166770,1.166820,0
2025.12.03,12:47,1.166800,1.166830,1.166780,1.166790,0
2025.12.03,12:48,1.166790,1.166920,1.166780,1.166900,0
2025.12.03,12:49,1.166900,1.166990,1.166900,1.166920,0
2025.12.03,12:50,1.166920,1.166940,1.166870,1.166920,0
2025.12.03,12:51,1.166910,1.166970,1.166880,1.166910,0
2025.12.03,12:52,1.166940,1.167010,1.166920,1.166970,0
2025.12.03,12:53,1.166970,1.167020,1.166870,1.166870,0
2025.12.03,12:54,1.166880,1.166880,1.166810,1.166830,0
2025.12.03,12:55,1.166820,1.166860,1.166770,1.166860,0
2025.12.03,12:56,1.166860,1.167000,1.166860,1.166980,0
2025.12.03,12:57,1.167010,1.167030,1.166950,1.167030,0
2025.12.03,12:58,1.167010,1.167070,1.166800,1.166800,0
2025.12.03,12:59,1.166830,1.166930,1.166810,1.166840,0
2025.12.03,13:00,1.166860,1.166910,1.166840,1.166910,0
2025.12.03,13:01,1.166980,1.167100,1.166980,1.167050,0
2025.12.03,13:02,1.167040,1.167220,1.167040,1.167140,0
2025.12.03,13:03,1.167120,1.167220,1.167120,1.167190,0
2025.12.03,13:04,1.167180,1.167260,1.167150,1.167240,0
2025.12.03,13:05,1.167270,1.167320,1.167240,1.167320,0
2025.12.03,13:06,1.167320,1.167320,1.167260,1.167260,0
2025.12.03,13:07,1.167270,1.167270,1.167150,1.167160,0
2025.12.03,13:08,1.167150,1.167210,1.167130,1.167170,0
2025.12.03,13:09,1.167180,1.167220,1.167170,1.167190,0
2025.12.03,13:10,1.167190,1.167190,1.167090,1.167150,0
2025.12.03,13:11,1.167140,1.167140,1.167080,1.167110,0
2025.12.03,13:12,1.167120,1.167120,1.167080,1.167110,0
2025.12.03,13:13,1.167120,1.167120,1.167000,1.167070,0
2025.12.03,13:14,1.167090,1.167300,1.167060,1.167300,0
2025.12.03,13:15,1.167310,1.167310,1.167230,1.167230,0
2025.12.03,13:16,1.167220,1.167220,1.167120,1.167130,0
2025.12.03,13:17,1.167130,1.167170,1.167110,1.167150,0
2025.12.03,13:18,1.167130,1.167190,1.167110,1.167130,0
2025.12.03,13:19,1.167120,1.167120,1.166820,1.166820,0
2025.12.03,13:20,1.166850,1.167030,1.166820,1.166980,0
2025.12.03,13:21,1.166990,1.167140,1.166990,1.167100,0
2025.12.03,13:22,1.167110,1.167120,1.167030,1.167050,0
2025.12.03,13:23,1.167050,1.167060,1.167010,1.167010,0
2025.12.03,13:24,1.167010,1.167110,1.166990,1.167100,0
2025.12.03,13:25,1.167100,1.167170,1.167080,1.167110,0
2025.12.03,13:26,1.167120,1.167160,1.167070,1.167130,0
2025.12.03,13:27,1.167130,1.167150,1.167060,1.167060,0
2025.12.03,13:28,1.167060,1.167080,1.167010,1.167020,0
2025.12.03,13:29,1.167020,1.167060,1.167000,1.167020,0
2025.12.03,13:30,1.167030,1.167170,1.167020,1.167150,0
2025.12.03,13:31,1.167160,1.167190,1.167060,1.167110,0
2025.12.03,13:32,1.167100,1.167180,1.167080,1.167180,0
2025.12.03,13:33,1.167200,1.167310,1.167190,1.167190,0
2025.12.03,13:34,1.167180,1.167310,1.167180,1.167310,0
2025.12.03,13:35,1.167320,1.167320,1.167230,1.167250,0
2025.12.03,13:36,1.167260,1.167270,1.167090,1.167090,0
2025.12.03,13:37,1.167090,1.167140,1.167080,1.167100,0
2025.12.03,13:38,1.167100,1.167150,1.167080,1.167140,0
2025.12.03,13:39,1.167150,1.167200,1.167150,1.167180,0
2025.12.03,13:40,1.167200,1.167240,1.167110,1.167170,0
2025.12.03,13:41,1.167180,1.167180,1.167120,1.167120,0
2025.12.03,13:42,1.167130,1.167200,1.167050,1.167200,0
2025.12.03,13:43,1.167200,1.167430,1.167200,1.167420,0
2025.12.03,13:44,1.167440,1.167440,1.167330,1.167380,0
2025.12.03,13:45,1.167380,1.167380,1.167330,1.167360,0
2025.12.03,13:46,1.167380,1.167490,1.167380,1.167490,0
2025.12.03,13:47,1.167470,1.167550,1.167470,1.167510,0
2025.12.03,13:48,1.167500,1.167500,1.167390,1.167470,0
2025.12.03,13:49,1.167480,1.167480,1.167350,1.167370,0
2025.12.03,13:50,1.167380,1.167430,1.167370,1.167400,0
2025.12.03,13:51,1.167400,1.167400,1.167330,1.167360,0
2025.12.03,13:52,1.167350,1.167390,1.167280,1.167290,0
2025.12.03,13:53,1.167310,1.167330,1.167270,1.167270,0
2025.12.03,13:54,1.167260,1.167300,1.167210,1.167240,0
2025.12.03,13:55,1.167260,1.167310,1.167170,1.167220,0
2025.12.03,13:56,1.167210,1.167210,1.167110,1.167110,0
2025.12.03,13:57,1.167140,1.167230,1.167090,1.167160,0
2025.12.03,13:58,1.167190,1.167200,1.167130,1.167140,0
2025.12.03,13:59,1.167160,1.167190,1.167150,1.167170,0
2025.12.03,14:00,1.167180,1.167210,1.167100,1.167130,0
2025.12.03,14:01,1.167140,1.167270,1.167110,1.167270,0
2025.12.03,14:02,1.167260,1.167330,1.167260,1.167300,0
2025.12.03,14:03,1.167320,1.167340,1.167280,1.167300,0
2025.12.03,14:04,1.167330,1.167380,1.167330,1.167360,0
2025.12.03,14:05,1.167390,1.167400,1.167300,1.167310,0
2025.12.03,14:06,1.167320,1.167330,1.167260,1.167330,0
2025.12.03,14:07,1.167340,1.167370,1.167250,1.167250,0
2025.12.03,14:08,1.167280,1.167370,1.167280,1.167370,0
2025.12.03,14:09,1.167360,1.167390,1.167340,1.167370,0
2025.12.03,14:10,1.167360,1.167400,1.167350,1.167380,0
2025.12.03,14:11,1.167370,1.167380,1.167320,1.167320,0
2025.12.03,14:12,1.167330,1.167470,1.167310,1.167450,0
2025.12.03,14:13,1.167450,1.167550,1.167440,1.167510,0
2025.12.03,14:14,1.167520,1.167570,1.167480,1.167530,0
2025.12.03,14:15,1.167530,1.167590,1.167510,1.167590,0
2025.12.03,14:16,1.167600,1.167670,1.167600,1.167650,0
2025.12.03,14:17,1.167670,1.167690,1.167580,1.167580,0
2025.12.03,14:18,1.167570,1.167670,1.167570,1.167670,0
2025.12.03,14:19,1.167670,1.167720,1.167670,1.167690,0
2025.12.03,14:20,1.167680,1.167710,1.167670,1.167700,0
2025.12.03,14:21,1.167690,1.167750,1.167670,1.167750,0
2025.12.03,14:22,1.167740,1.167750,1.167650,1.167650,0
2025.12.03,14:23,1.167670,1.167670,1.167650,1.167660,0
2025.12.03,14:24,1.167660,1.167660,1.167540,1.167540,0
2025.12.03,14:25,1.167540,1.167540,1.167410,1.167410,0
2025.12.03,14:26,1.167420,1.167500,1.167410,1.167460,0
2025.12.03,14:27,1.167470,1.167480,1.167420,1.167460,0
2025.12.03,14:28,1.167470,1.167510,1.167460,1.167510,0
2025.12.03,14:29,1.167520,1.167520,1.167480,1.167480,0
2025.12.03,14:30,1.167460,1.167470,1.167370,1.167370,0
2025.12.03,14:31,1.167350,1.167410,1.167350,1.167380,0
2025.12.03,14:32,1.167370,1.167370,1.167320,1.167350,0
2025.12.03,14:33,1.167360,1.167370,1.167310,1.167340,0
2025.12.03,14:34,1.167360,1.167370,1.167300,1.167300,0
2025.12.03,14:35,1.167300,1.167360,1.167270,1.167360,0
2025.12.03,14:36,1.167360,1.167380,1.167340,1.167370,0
2025.12.03,14:37,1.167350,1.167470,1.167350,1.167430,0
2025.12.03,14:38,1.167450,1.167450,1.167380,1.167420,0
2025.12.03,14:39,1.167400,1.167450,1.167360,1.167440,0
2025.12.03,14:40,1.167450,1.167500,1.167420,1.167480,0
2025.12.03,14:41,1.167480,1.167480,1.167420,1.167430,0
2025.12.03,14:42,1.167430,1.167470,1.167390,1.167390,0
2025.12.03,14:43,1.167380,1.167380,1.167350,1.167370,0
2025.12.03,14:44,1.167360,1.167360,1.167340,1.167350,0
2025.12.03,14:45,1.167340,1.167400,1.167320,1.167390,0
2025.12.03,14:46,1.167390,1.167400,1.167360,1.167370,0
2025.12.03,14:47,1.167380,1.167380,1.167290,1.167290,0
2025.12.03,14:48,1.167310,1.167370,1.167310,1.167340,0
2025.12.03,14:49,1.167340,1.167360,1.167330,1.167340,0
2025.12.03,14:50,1.167330,1.167340,1.167280,1.167330,0
2025.12.03,14:51,1.167330,1.167380,1.167330,1.167380,0
2025.12.03,14:52,1.167370,1.167380,1.167360,1.167380,0
2025.12.03,14:53,1.167370,1.167410,1.167370,1.167370,0
2025.12.03,14:54,1.167360,1.167360,1.167300,1.167320,0
2025.12.03,14:55,1.167320,1.167390,1.167310,1.167320,0
2025.12.03,14:56,1.167330,1.167330,1.167310,1.167330,0
2025.12.03,14:57,1.167350,1.167380,1.167290,1.167330,0
2025.12.03,14:58,1.167330,1.167350,1.167310,1.167330,0
2025.12.03,14:59,1.167320,1.167340,1.167270,1.167270,0
2025.12.03,15:00,1.167250,1.167260,1.167160,1.167180,0
2025.12.03,15:01,1.167180,1.167240,1.167170,1.167230,0
2025.12.03,15:02,1.167230,1.167260,1.167210,1.167220,0
2025.12.03,15:03,1.167230,1.167270,1.167130,1.167130,0
2025.12.03,15:04,1.167140,1.167140,1.167110,1.167130,0
2025.12.03,15:05,1.167130,1.167130,1.167090,1.167090,0
2025.12.03,15:06,1.167080,1.167090,1.167020,1.167090,0
2025.12.03,15:07,1.167080,1.167130,1.167070,1.167130,0
2025.12.03,15:08,1.167130,1.167140,1.167090,1.167090,0
2025.12.03,15:09,1.167090,1.167140,1.167060,1.167110,0
2025.12.03,15:10,1.167120,1.167150,1.167120,1.167140,0
2025.12.03,15:11,1.167120,1.167240,1.167120,1.167240,0
2025.12.03,15:12,1.167250,1.167260,1.167160,1.167170,0
2025.12.03,15:13,1.167150,1.167210,1.167140,1.167200,0
2025.12.03,15:14,1.167210,1.167280,1.167200,1.167280,0
2025.12.03,15:15,1.167260,1.167260,1.167230,1.167240,0
2025.12.03,15:16,1.167230,1.167230,1.167130,1.167140,0
2025.12.03,15:17,1.167130,1.167190,1.167130,1.167190,0
2025.12.03,15:18,1.167170,1.167170,1.167140,1.167140,0
2025.12.03,15:19,1.167110,1.167110,1.167080,1.167090,0
2025.12.03,15:20,1.167070,1.167110,1.167050,1.167090,0
2025.12.03,15:21,1.167060,1.167120,1.167060,1.167090,0
2025.12.03,15:22,1.167090,1.167090,1.167030,1.167080,0
2025.12.03,15:23,1.167070,1.167110,1.167070,1.167100,0
2025.12.03,15:24,1.167090,1.167090,1.167010,1.167050,0
2025.12.03,15:25,1.167020,1.167070,1.167020,1.167050,0
2025.12.03,15:26,1.167030,1.167050,1.167030,1.167050,0
2025.12.03,15:27,1.167030,1.167030,1.166940,1.166970,0
2025.12.03,15:28,1.166900,1.166980,1.166870,1.166960,0
2025.12.03,15:29,1.166980,1.166980,1.166940,1.166940,0
2025.12.03,15:30,1.166950,1.166970,1.166920,1.166930,0
2025.12.03,15:31,1.166970,1.166970,1.166940,1.166950,0
2025.12.03,15:32,1.166960,1.166990,1.166880,1.166900,0
2025.12.03,15:33,1.166910,1.166920,1.166780,1.166810,0
2025.12.03,15:34,1.166830,1.166890,1.166780,1.166890,0
2025.12.03,15:35,1.166870,1.166880,1.166860,1.166880,0
2025.12.03,15:36,1.166870,1.166880,1.166770,1.166790,0
2025.12.03,15:37,1.166780,1.166790,1.166760,1.166770,0
2025.12.03,15:38,1.166750,1.166800,1.166750,1.166780,0
2025.12.03,15:39,1.166780,1.166870,1.166770,1.166820,0
2025.12.03,15:40,1.166840,1.166860,1.166820,1.166860,0
2025.12.03,15:41,1.166850,1.166850,1.166830,1.166830,0
2025.12.03,15:42,1.166830,1.166830,1.166770,1.166780,0
2025.12.03,15:43,1.166760,1.166790,1.166760,1.166770,0
2025.12.03,15:44,1.166800,1.166800,1.166770,1.166780,0
2025.12.03,15:45,1.166790,1.166850,1.166790,1.166830,0
2025.12.03,15:46,1.166820,1.166840,1.166800,1.166820,0
2025.12.03,15:48,1.166810,1.166810,1.166810,1.166810,0
2025.12.03,15:49,1.166820,1.166850,1.166760,1.166760,0
2025.12.03,15:50,1.166770,1.166780,1.166580,1.166660,0
2025.12.03,15:51,1.166670,1.166780,1.166640,1.166740,0
2025.12.03,15:52,1.166740,1.166780,1.166740,1.166780,0
2025.12.03,15:53,1.166790,1.166810,1.166780,1.166780,0
2025.12.03,15:54,1.166790,1.166810,1.166780,1.166790,0
2025.12.03,15:55,1.166750,1.166780,1.166700,1.166710,0
2025.12.03,15:56,1.166730,1.166750,1.166690,1.166690,0
2025.12.03,15:57,1.166700,1.166700,1.166610,1.166620,0
2025.12.03,15:58,1.166620,1.166620,1.166520,1.166520,0
2025.12.03,15:59,1.166540,1.166560,1.166520,1.166540,0
2025.12.03,16:00,1.166540,1.166580,1.166520,1.166570,0
2025.12.03,16:01,1.166560,1.166630,1.166520,1.166610,0
2025.12.03,16:02,1.166620,1.166650,1.166620,1.166640,0
2025.12.03,16:03,1.166660,1.166660,1.166620,1.166620,0
2025.12.03,16:04,1.166630,1.166660,1.166620,1.166650,0
2025.12.03,16:05,1.166650,1.166650,1.166620,1.166620,0
2025.12.03,16:06,1.166620,1.166650,1.166570,1.166570,0
2025.12.03,16:07,1.166570,1.166630,1.166570,1.166580,0
2025.12.03,16:08,1.166580,1.166600,1.166540,1.166540,0
2025.12.03,16:09,1.166580,1.166580,1.166520,1.166530,0
2025.12.03,16:10,1.166530,1.166530,1.166460,1.166470,0
2025.12.03,16:11,1.166460,1.166460,1.166420,1.166430,0
2025.12.03,16:12,1.166430,1.166470,1.166430,1.166460,0
2025.12.03,16:13,1.166460,1.166480,1.166450,1.166470,0
2025.12.03,16:14,1.166460,1.166480,1.166450,1.166470,0
2025.12.03,16:15,1.166470,1.166470,1.166470,1.166470,0
2025.12.03,16:16,1.166460,1.166460,1.166460,1.166460,0
2025.12.03,16:17,1.166460,1.166460,1.166460,1.166460,0
2025.12.03,16:18,1.166470,1.166470,1.166450,1.166470,0
2025.12.03,16:19,1.166470,1.166470,1.166440,1.166460,0
2025.12.03,16:20,1.166450,1.166470,1.166450,1.166460,0
2025.12.03,16:21,1.166460,1.166470,1.166430,1.166470,0
2025.12.03,16:22,1.166480,1.166480,1.166470,1.166470,0
2025.12.03,16:23,1.166470,1.166630,1.166470,1.166620,0
2025.12.03,16:24,1.166620,1.166620,1.166550,1.166550,0
2025.12.03,16:25,1.166560,1.166560,1.166560,1.166560,0
2025.12.03,16:26,1.166560,1.166620,1.166550,1.166620,0
2025.12.03,16:27,1.166620,1.166620,1.166580,1.166620,0
2025.12.03,16:28,1.166640,1.166650,1.166630,1.166640,0
2025.12.03,16:29,1.166640,1.166670,1.166600,1.166610,0
2025.12.03,16:30,1.166620,1.166660,1.166620,1.166660,0
2025.12.03,16:31,1.166670,1.166710,1.166650,1.166710,0
2025.12.03,16:32,1.166720,1.166740,1.166720,1.166740,0
2025.12.03,16:33,1.166760,1.166780,1.166760,1.166780,0
2025.12.03,16:34,1.166800,1.166820,1.166800,1.166820,0
2025.12.03,16:35,1.166820,1.166910,1.166820,1.166900,0
2025.12.03,16:36,1.166890,1.166890,1.166810,1.166810,0
2025.12.03,16:37,1.166800,1.166810,1.166800,1.166810,0
2025.12.03,16:38,1.166810,1.166820,1.166770,1.166770,0
2025.12.03,16:39,1.166780,1.166780,1.166760,1.166760,0
2025.12.03,16:40,1.166800,1.166800,1.166790,1.166800,0
2025.12.03,16:41,1.166780,1.166920,1.166770,1.166910,0
2025.12.03,16:42,1.166900,1.166900,1.166860,1.166870,0
2025.12.03,16:43,1.166880,1.166880,1.166880,1.166880,0
2025.12.03,16:45,1.166880,1.166880,1.166740,1.166780,0
2025.12.03,16:46,1.166780,1.166830,1.166780,1.166810,0
2025.12.03,16:47,1.166820,1.166860,1.166790,1.166830,0
2025.12.03,16:48,1.166830,1.166890,1.166810,1.166870,0
2025.12.03,16:49,1.166880,1.166910,1.166850,1.166860,0
2025.12.03,16:50,1.166900,1.167130,1.166900,1.167130,0
2025.12.03,16:51,1.167130,1.167130,1.167090,1.167130,0
2025.12.03,16:52,1.167130,1.167130,1.167060,1.167070,0
2025.12.03,16:53,1.167080,1.167080,1.167070,1.167070,0
2025.12.03,16:54,1.167080,1.167080,1.167050,1.167080,0
2025.12.03,16:55,1.167070,1.167120,1.167070,1.167110,0
2025.12.03,16:56,1.167120,1.167120,1.167050,1.167070,0
2025.12.03,16:57,1.167130,1.167170,1.167120,1.167170,0
2025.12.03,16:58,1.167130,1.167170,1.167020,1.167070,0
2025.12.03,16:59,1.167070,1.167130,1.167030,1.167060,0
2025.12.03,17:00,1.167050,1.167050,1.166740,1.166980,0
2025.12.03,17:01,1.166990,1.166990,1.166380,1.166380,0
2025.12.03,17:02,1.166420,1.166840,1.166420,1.166830,0
2025.12.03,17:03,1.166830,1.166830,1.166810,1.166830,0
2025.12.03,17:04,1.166820,1.167030,1.166760,1.167030,0
2025.12.03,17:05,1.167040,1.167120,1.167040,1.167120,0
2025.12.03,17:06,1.167090,1.167120,1.167090,1.167090,0
2025.12.03,17:07,1.167090,1.167090,1.167090,1.167090,0
2025.12.03,17:08,1.167090,1.167090,1.167090,1.167090,0
2025.12.03,17:09,1.167070,1.167070,1.167070,1.167070,0
2025.12.03,17:10,1.167090,1.167180,1.167090,1.167120,0
2025.12.03,17:11,1.167100,1.167170,1.167090,1.167090,0
2025.12.03,17:12,1.167150,1.167160,1.167090,1.167160,0
2025.12.03,17:13,1.167170,1.167170,1.167110,1.167110,0
2025.12.03,17:14,1.167110,1.167110,1.167110,1.167110,0
2025.12.03,17:15,1.167110,1.167110,1.167110,1.167110,0
2025.12.03,17:16,1.167100,1.167100,1.167100,1.167100,0
2025.12.03,17:17,1.167110,1.167110,1.167110,1.167110,0
2025.12.03,17:18,1.167120,1.167180,1.167110,1.167180,0
2025.12.03,17:19,1.167240,1.167240,1.167150,1.167150,0
2025.12.03,17:20,1.167200,1.167240,1.167200,1.167200,0
2025.12.03,17:21,1.167200,1.167260,1.167190,1.167260,0
2025.12.03,17:22,1.167260,1.167310,1.167260,1.167280,0
2025.12.03,17:23,1.167280,1.167340,1.167280,1.167310,0
2025.12.03,17:24,1.167330,1.167430,1.167320,1.167400,0
2025.12.03,17:25,1.167370,1.167390,1.167180,1.167240,0
2025.12.03,17:26,1.167200,1.167200,1.167150,1.167180,0
2025.12.03,17:27,1.167180,1.167190,1.167180,1.167190,0
2025.12.03,17:28,1.167200,1.167200,1.167190,1.167200,0
2025.12.03,17:29,1.167190,1.167220,1.167190,1.167210,0
2025.12.03,17:30,1.167210,1.167240,1.167210,1.167230,0
2025.12.03,17:31,1.167230,1.167230,1.167190,1.167200,0
2025.12.03,17:32,1.167200,1.167230,1.167200,1.167220,0
2025.12.03,17:33,1.167200,1.167230,1.167200,1.167230,0
2025.12.03,17:34,1.167220,1.167230,1.167030,1.167030,0
2025.12.03,17:35,1.167040,1.167050,1.167030,1.167030,0
2025.12.03,17:36,1.167040,1.167110,1.167030,1.167030,0
2025.12.03,17:37,1.167040,1.167100,1.167040,1.167040,0
2025.12.03,17:38,1.167100,1.167110,1.167030,1.167070,0
2025.12.03,17:39,1.167050,1.167050,1.167030,1.167030,0
2025.12.03,17:40,1.167020,1.167050,1.167020,1.167040,0
2025.12.03,17:41,1.167040,1.167050,1.167040,1.167040,0
2025.12.03,17:42,1.167040,1.167050,1.167030,1.167040,0
2025.12.03,17:43,1.167040,1.167090,1.167030,1.167050,0
2025.12.03,17:44,1.167040,1.167060,1.167040,1.167060,0
2025.12.03,17:45,1.167060,1.167100,1.167040,1.167040,0
2025.12.03,17:46,1.167070,1.167070,1.167050,1.167050,0
2025.12.03,17:47,1.167050,1.167060,1.167040,1.167060,0
2025.12.03,17:48,1.167070,1.167070,1.167040,1.167050,0
2025.12.03,17:49,1.167060,1.167080,1.167050,1.167050,0
2025.12.03,17:50,1.167080,1.167080,1.167050,1.167070,0
2025.12.03,17:51,1.167070,1.167110,1.167040,1.167080,0
2025.12.03,17:52,1.167050,1.167060,1.167040,1.167040,0
2025.12.03,17:53,1.167040,1.167040,1.167030,1.167030,0
2025.12.03,17:54,1.167030,1.167050,1.167010,1.167050,0
2025.12.03,17:55,1.167060,1.167060,1.167050,1.167050,0
2025.12.03,17:56,1.167040,1.167120,1.167040,1.167080,0
2025.12.03,17:57,1.167080,1.167150,1.167080,1.167080,0
2025.12.03,17:58,1.167100,1.167120,1.167070,1.167100,0
2025.12.03,17:59,1.167090,1.167100,1.167020,1.167020,0
2025.12.03,18:00,1.167020,1.167140,1.167010,1.167070,0
2025.12.03,18:01,1.167080,1.167190,1.167080,1.167160,0
2025.12.03,18:02,1.167120,1.167160,1.167120,1.167150,0
2025.12.03,18:03,1.167120,1.167120,1.167110,1.167110,0
2025.12.03,18:04,1.167110,1.167110,1.167110,1.167110,0
2025.12.03,18:05,1.167070,1.167070,1.167040,1.167040,0
2025.12.03,18:06,1.167050,1.167050,1.167000,1.167020,0
2025.12.03,18:07,1.167010,1.167010,1.166990,1.166990,0
2025.12.03,18:08,1.166980,1.166980,1.166980,1.166980,0
2025.12.03,18:09,1.167000,1.167000,1.166970,1.166970,0
2025.12.03,18:10,1.166990,1.167010,1.166960,1.167010,0
2025.12.03,18:11,1.167000,1.167020,1.166990,1.167010,0
2025.12.03,18:12,1.167010,1.167020,1.167010,1.167020,0
2025.12.03,18:13,1.167020,1.167030,1.167020,1.167020,0
2025.12.03,18:14,1.166970,1.166970,1.166950,1.166960,0
2025.12.03,18:15,1.166960,1.166960,1.166940,1.166940,0
2025.12.03,18:16,1.166960,1.167010,1.166950,1.167000,0
2025.12.03,18:17,1.167010,1.167010,1.166960,1.166970,0
2025.12.03,18:18,1.166980,1.166980,1.166950,1.166950,0
2025.12.03,18:19,1.166960,1.166960,1.166950,1.166960,0
2025.12.03,18:20,1.166950,1.166950,1.166950,1.166950,0
2025.12.03,18:22,1.166950,1.166960,1.166950,1.166960,0
2025.12.03,18:23,1.167010,1.167010,1.166980,1.166990,0
2025.12.03,18:24,1.167010,1.167010,1.166990,1.167000,0
2025.12.03,18:25,1.167010,1.167010,1.166960,1.166990,0
2025.12.03,18:26,1.166970,1.166980,1.166900,1.166940,0
2025.12.03,18:27,1.166940,1.166970,1.166940,1.166940,0
2025.12.03,18:28,1.166950,1.166970,1.166930,1.166960,0
2025.12.03,18:29,1.166950,1.166970,1.166880,1.166890,0
2025.12.03,18:30,1.166900,1.166960,1.166880,1.166950,0
2025.12.03,18:31,1.166940,1.166940,1.166900,1.166910,0
2025.12.03,18:32,1.166910,1.166930,1.166850,1.166860,0
2025.12.03,18:33,1.166850,1.166900,1.166850,1.166900,0
2025.12.03,18:34,1.166910,1.166960,1.166890,1.166930,0
2025.12.03,18:35,1.166900,1.166960,1.166900,1.166940,0
2025.12.03,18:36,1.166950,1.166950,1.166890,1.166910,0
2025.12.03,18:37,1.166910,1.166950,1.166900,1.166950,0
2025.12.03,18:38,1.166980,1.167000,1.166970,1.167000,0
2025.12.03,18:39,1.166980,1.166990,1.166960,1.166990,0
2025.12.03,18:40,1.166980,1.167010,1.166980,1.167010,0
2025.12.03,18:41,1.166980,1.167000,1.166980,1.166980,0
2025.12.03,18:42,1.167000,1.167010,1.166990,1.166990,0
2025.12.03,18:43,1.166990,1.166990,1.166970,1.166970,0
2025.12.03,18:44,1.166980,1.167000,1.166970,1.166990,0
2025.12.03,18:45,1.167010,1.167010,1.166970,1.166970,0
2025.12.03,18:46,1.166960,1.166980,1.166950,1.166960,0
2025.12.03,18:47,1.166940,1.166940,1.166860,1.166880,0
2025.12.03,18:48,1.166860,1.166860,1.166720,1.166720,0
2025.12.03,18:49,1.166730,1.166740,1.166670,1.166690,0
2025.12.03,18:50,1.166690,1.166710,1.166690,1.166710,0
2025.12.03,18:51,1.166740,1.166740,1.166350,1.166380,0
2025.12.03,18:52,1.166410,1.166420,1.166360,1.166370,0
2025.12.03,18:53,1.166370,1.166440,1.166330,1.166410,0
2025.12.03,18:54,1.166410,1.166600,1.166410,1.166580,0
2025.12.03,18:55,1.166590,1.166600,1.166560,1.166570,0
2025.12.03,18:56,1.166600,1.166600,1.166600,1.166600,0
2025.12.03,18:57,1.166620,1.166670,1.166590,1.166670,0
2025.12.03,18:58,1.166660,1.166660,1.166610,1.166610,0
2025.12.03,19:00,1.166620,1.166730,1.166490,1.166490,0
2025.12.03,19:01,1.166520,1.166540,1.166380,1.166410,0
2025.12.03,19:02,1.166420,1.166470,1.166400,1.166460,0
2025.12.03,19:03,1.166450,1.166450,1.166340,1.166420,0
2025.12.03,19:04,1.166410,1.166430,1.166350,1.166390,0
2025.12.03,19:05,1.166380,1.166400,1.166260,1.166320,0
2025.12.03,19:06,1.166310,1.166350,1.166260,1.166280,0
2025.12.03,19:07,1.166280,1.166330,1.166260,1.166300,0
2025.12.03,19:08,1.166280,1.166330,1.166260,1.166270,0
2025.12.03,19:09,1.166290,1.166290,1.166250,1.166250,0
2025.12.03,19:10,1.166280,1.166290,1.166250,1.166290,0
2025.12.03,19:11,1.166270,1.166300,1.166240,1.166260,0
2025.12.03,19:12,1.166270,1.166340,1.166260,1.166320,0
2025.12.03,19:13,1.166310,1.166350,1.166240,1.166240,0
2025.12.03,19:14,1.166260,1.166260,1.166190,1.166190,0
2025.12.03,19:15,1.166210,1.166210,1.166190,1.166190,0
2025.12.03,19:16,1.166180,1.166180,1.166130,1.166140,0
2025.12.03,19:17,1.166130,1.166150,1.166130,1.166140,0
2025.12.03,19:18,1.166140,1.166250,1.166130,1.166240,0
2025.12.03,19:19,1.166230,1.166250,1.166160,1.166180,0
2025.12.03,19:20,1.166170,1.166170,1.166110,1.166130,0
2025.12.03,19:21,1.166160,1.166170,1.166080,1.166100,0
2025.12.03,19:22,1.166130,1.166180,1.166130,1.166180,0
2025.12.03,19:23,1.166190,1.166230,1.166170,1.166200,0
2025.12.03,19:24,1.166220,1.166230,1.166170,1.166180,0
2025.12.03,19:25,1.166180,1.166180,1.165940,1.166000,0
2025.12.03,19:26,1.166010,1.166080,1.166010,1.166050,0
2025.12.03,19:27,1.166070,1.166130,1.166070,1.166110,0
2025.12.03,19:28,1.166100,1.166100,1.166050,1.166090,0
2025.12.03,19:29,1.166090,1.166090,1.166040,1.166060,0
2025.12.03,19:30,1.166000,1.166160,1.165940,1.166140,0
2025.12.03,19:31,1.166120,1.166160,1.166120,1.166130,0
2025.12.03,19:32,1.166140,1.166150,1.166130,1.166130,0
2025.12.03,19:33,1.166110,1.166220,1.166090,1.166220,0
2025.12.03,19:34,1.166240,1.166280,1.166210,1.166280,0
2025.12.03,19:35,1.166270,1.166270,1.166230,1.166250,0
2025.12.03,19:36,1.166260,1.166340,1.166220,1.166320,0
2025.12.03,19:37,1.166300,1.166330,1.166260,1.166330,0
2025.12.03,19:38,1.166320,1.166320,1.166280,1.166310,0
2025.12.03,19:39,1.166320,1.166350,1.166320,1.166350,0
2025.12.03,19:40,1.166340,1.166360,1.166320,1.166340,0
2025.12.03,19:41,1.166360,1.166380,1.166340,1.166360,0
2025.12.03,19:42,1.166370,1.166380,1.166300,1.166300,0
2025.12.03,19:43,1.166320,1.166370,1.166310,1.166350,0
2025.12.03,19:44,1.166370,1.166370,1.166340,1.166360,0
2025.12.03,19:45,1.166330,1.166360,1.166320,1.166360,0
2025.12.03,19:46,1.166370,1.166440,1.166340,1.166430,0
2025.12.03,19:47,1.166440,1.166440,1.166360,1.166370,0
2025.12.03,19:48,1.166360,1.166390,1.166360,1.166360,0
2025.12.03,19:49,1.166350,1.166370,1.166350,1.166370,0
2025.12.03,19:50,1.166390,1.166390,1.166300,1.166300,0
2025.12.03,19:51,1.166300,1.166320,1.166160,1.166320,0
2025.12.03,19:52,1.166330,1.166360,1.166270,1.166270,0
2025.12.03,19:53,1.166280,1.166330,1.166280,1.166320,0
2025.12.03,19:54,1.166320,1.166360,1.166260,1.166310,0
2025.12.03,19:55,1.166330,1.166330,1.166200,1.166210,0
2025.12.03,19:56,1.166190,1.166190,1.166110,1.166160,0
2025.12.03,19:57,1.166170,1.166210,1.166120,1.166180,0
2025.12.03,19:58,1.166190,1.166200,1.166150,1.166150,0
2025.12.03,19:59,1.166160,1.166270,1.166130,1.166270,0
2025.12.03,20:00,1.166260,1.166400,1.166160,1.166360,0
2025.12.03,20:01,1.166370,1.166370,1.166180,1.166190,0
2025.12.03,20:02,1.166210,1.166240,1.166180,1.166230,0
2025.12.03,20:03,1.166230,1.166260,1.166190,1.166190,0
2025.12.03,20:04,1.166200,1.166200,1.166080,1.166190,0
2025.12.03,20:05,1.166180,1.166260,1.166160,1.166250,0
2025.12.03,20:06,1.166240,1.166380,1.166240,1.166380,0
2025.12.03,20:07,1.166390,1.166410,1.166320,1.166350,0
2025.12.03,20:08,1.166350,1.166350,1.166280,1.166290,0
2025.12.03,20:09,1.166300,1.166330,1.166280,1.166280,0
2025.12.03,20:10,1.166270,1.166290,1.166230,1.166270,0
2025.12.03,20:11,1.166240,1.166420,1.166240,1.166420,0
2025.12.03,20:12,1.166430,1.166450,1.166380,1.166440,0
2025.12.03,20:13,1.166450,1.166450,1.166410,1.166410,0
2025.12.03,20:14,1.166430,1.166470,1.166420,1.166470,0
2025.12.03,20:15,1.166460,1.166460,1.166340,1.166440,0
2025.12.03,20:16,1.166430,1.166440,1.166250,1.166270,0
2025.12.03,20:17,1.166270,1.166330,1.166260,1.166270,0
2025.12.03,20:18,1.166280,1.166360,1.166260,1.166260,0
2025.12.03,20:19,1.166240,1.166290,1.166230,1.166250,0
2025.12.03,20:20,1.166230,1.166250,1.166130,1.166170,0
2025.12.03,20:21,1.166160,1.166210,1.166150,1.166160,0
2025.12.03,20:22,1.166130,1.166190,1.166060,1.166060,0
2025.12.03,20:23,1.166070,1.166070,1.165960,1.165960,0
2025.12.03,20:24,1.165970,1.166010,1.165880,1.166000,0
2025.12.03,20:25,1.166010,1.166110,1.166010,1.166110,0
2025.12.03,20:26,1.166110,1.166130,1.166080,1.166120,0
2025.12.03,20:27,1.166110,1.166110,1.166030,1.166050,0
2025.12.03,20:28,1.166040,1.166060,1.166030,1.166060,0
2025.12.03,20:29,1.166070,1.166080,1.166040,1.166050,0
2025.12.03,20:30,1.166050,1.166070,1.165950,1.165990,0
2025.12.03,20:31,1.165960,1.166070,1.165930,1.166050,0
2025.12.03,20:32,1.166060,1.166070,1.166040,1.166050,0
2025.12.03,20:33,1.166050,1.166110,1.166020,1.166110,0
2025.12.03,20:34,1.166110,1.166110,1.165990,1.165990,0
2025.12.03,20:35,1.165980,1.166000,1.165890,1.165920,0
2025.12.03,20:36,1.165940,1.165980,1.165870,1.165970,0
2025.12.03,20:37,1.165980,1.166060,1.165930,1.166060,0
2025.12.03,20:38,1.166070,1.166100,1.166050,1.166060,0
2025.12.03,20:39,1.166060,1.166100,1.166060,1.166100,0
2025.12.03,20:40,1.166100,1.166110,1.166040,1.166080,0
2025.12.03,20:41,1.166080,1.166100,1.166060,1.166090,0
2025.12.03,20:42,1.166080,1.166120,1.166080,1.166110,0
2025.12.03,20:43,1.166090,1.166220,1.166080,1.166200,0
2025.12.03,20:44,1.166190,1.166250,1.166190,1.166210,0
2025.12.03,20:45,1.166220,1.166260,1.166210,1.166250,0
2025.12.03,20:46,1.166250,1.166270,1.166220,1.166220,0
2025.12.03,20:47,1.166220,1.166400,1.166190,1.166360,0
2025.12.03,20:48,1.166360,1.166370,1.166310,1.166360,0
2025.12.03,20:49,1.166360,1.166400,1.166340,1.166350,0
2025.12.03,20:50,1.166340,1.166410,1.166330,1.166410,0
2025.12.03,20:51,1.166400,1.166410,1.166340,1.166340,0
2025.12.03,20:52,1.166330,1.166360,1.166310,1.166320,0
2025.12.03,20:53,1.166330,1.166330,1.166230,1.166240,0
2025.12.03,20:54,1.166240,1.166310,1.166240,1.166300,0
2025.12.03,20:55,1.166320,1.166390,1.166320,1.166380,0
2025.12.03,20:56,1.166380,1.166440,1.166370,1.166370,0
2025.12.03,20:57,1.166360,1.166440,1.166360,1.166410,0
2025.12.03,20:58,1.166410,1.166430,1.166320,1.166330,0
2025.12.03,20:59,1.166330,1.166340,1.166260,1.166300,0
2025.12.03,21:00,1.166300,1.166310,1.166220,1.166280,0
2025.12.03,21:01,1.166280,1.166280,1.166230,1.166230,0
2025.12.03,21:02,1.166230,1.166340,1.166190,1.166340,0
2025.12.03,21:03,1.166320,1.166350,1.166310,1.166330,0
2025.12.03,21:04,1.166320,1.166330,1.166290,1.166310,0
2025.12.03,21:05,1.166290,1.166390,1.166280,1.166320,0
2025.12.03,21:06,1.166320,1.166320,1.166200,1.166230,0
2025.12.03,21:07,1.166220,1.166240,1.166180,1.166240,0
2025.12.03,21:08,1.166240,1.166240,1.166150,1.166180,0
2025.12.03,21:09,1.166170,1.166210,1.166160,1.166200,0
2025.12.03,21:10,1.166180,1.166180,1.166130,1.166180,0
2025.12.03,21:11,1.166150,1.166200,1.166130,1.166170,0
2025.12.03,21:12,1.166190,1.166200,1.166140,1.166150,0
2025.12.03,21:13,1.166150,1.166240,1.166140,1.166240,0
2025.12.03,21:14,1.166240,1.166240,1.166090,1.166100,0
2025.12.03,21:15,1.166100,1.166110,1.166030,1.166070,0
2025.12.03,21:16,1.166050,1.166060,1.165990,1.166010,0
2025.12.03,21:17,1.166010,1.166050,1.165990,1.165990,0
2025.12.03,21:18,1.165980,1.166000,1.165980,1.165980,0
2025.12.03,21:19,1.166000,1.166000,1.165930,1.165930,0
2025.12.03,21:20,1.165940,1.166010,1.165940,1.165970,0
2025.12.03,21:21,1.165960,1.165980,1.165940,1.165970,0
2025.12.03,21:22,1.165950,1.166010,1.165950,1.165990,0
2025.12.03,21:23,1.165990,1.166030,1.165980,1.166010,0
2025.12.03,21:24,1.166010,1.166030,1.165970,1.166010,0
2025.12.03,21:25,1.166000,1.166040,1.165980,1.165990,0
2025.12.03,21:26,1.165950,1.165990,1.165900,1.165930,0
2025.12.03,21:27,1.165940,1.165990,1.165910,1.165970,0
2025.12.03,21:28,1.165960,1.165990,1.165960,1.165970,0
2025.12.03,21:29,1.165960,1.165970,1.165960,1.165970,0
2025.12.03,21:30,1.165960,1.166030,1.165960,1.166020,0
2025.12.03,21:31,1.166020,1.166120,1.165990,1.166100,0
2025.12.03,21:32,1.166110,1.166120,1.166090,1.166110,0
2025.12.03,21:33,1.166080,1.166080,1.166050,1.166070,0
2025.12.03,21:34,1.166070,1.166070,1.166030,1.166030,0
2025.12.03,21:35,1.166050,1.166050,1.165980,1.166010,0
2025.12.03,21:36,1.166010,1.166030,1.165970,1.165970,0
2025.12.03,21:37,1.165990,1.166000,1.165960,1.165990,0
2025.12.03,21:38,1.165980,1.165990,1.165940,1.165990,0
2025.12.03,21:39,1.165970,1.165970,1.165920,1.165960,0
2025.12.03,21:40,1.165990,1.166020,1.165990,1.166020,0
2025.12.03,21:41,1.166040,1.166050,1.166000,1.166000,0
2025.12.03,21:42,1.165990,1.166040,1.165990,1.166020,0
2025.12.03,21:43,1.166030,1.166040,1.166000,1.166010,0
2025.12.03,21:44,1.166030,1.166040,1.165970,1.165970,0
2025.12.03,21:45,1.165950,1.165950,1.165920,1.165920,0
2025.12.03,21:46,1.165930,1.165980,1.165930,1.165960,0
2025.12.03,21:47,1.165980,1.165980,1.165930,1.165950,0
2025.12.03,21:48,1.165930,1.166020,1.165930,1.165950,0
2025.12.03,21:49,1.165980,1.165980,1.165960,1.165970,0
2025.12.03,21:50,1.165970,1.165970,1.165920,1.165930,0
2025.12.03,21:51,1.165920,1.165970,1.165920,1.165970,0
2025.12.03,21:52,1.165980,1.166030,1.165980,1.166030,0
2025.12.03,21:53,1.166040,1.166060,1.165970,1.166050,0
2025.12.03,21:54,1.166070,1.166090,1.166050,1.166060,0
2025.12.03,21:55,1.166060,1.166070,1.166010,1.166040,0
2025.12.03,21:56,1.166070,1.166100,1.166050,1.166050,0
2025.12.03,21:57,1.166050,1.166060,1.166000,1.166000,0
2025.12.03,21:58,1.166000,1.166040,1.165970,1.166030,0
2025.12.03,21:59,1.166030,1.166050,1.165980,1.166020,0
2025.12.03,22:00,1.166010,1.166010,1.165890,1.165890,0
2025.12.03,22:01,1.165880,1.165880,1.165800,1.165830,0
2025.12.03,22:02,1.165810,1.165810,1.165670,1.165690,0
2025.12.03,22:03,1.165690,1.165770,1.165680,1.165770,0
2025.12.03,22:04,1.165810,1.165840,1.165790,1.165840,0
2025.12.03,22:05,1.165820,1.165820,1.165770,1.165780,0
2025.12.03,22:06,1.165790,1.165800,1.165770,1.165770,0
2025.12.03,22:07,1.165770,1.165780,1.165750,1.165750,0
2025.12.03,22:08,1.165770,1.165790,1.165750,1.165790,0
2025.12.03,22:09,1.165800,1.165800,1.165700,1.165740,0
2025.12.03,22:10,1.165750,1.165770,1.165690,1.165690,0
2025.12.03,22:11,1.165710,1.165710,1.165670,1.165670,0
2025.12.03,22:12,1.165660,1.165720,1.165650,1.165700,0
2025.12.03,22:13,1.165700,1.165730,1.165670,1.165700,0
2025.12.03,22:14,1.165680,1.165680,1.165610,1.165640,0
2025.12.03,22:15,1.165630,1.165650,1.165620,1.165630,0
2025.12.03,22:16,1.165620,1.165620,1.165570,1.165590,0
2025.12.03,22:17,1.165590,1.165660,1.165590,1.165640,0
2025.12.03,22:18,1.165620,1.165730,1.165620,1.165730,0
2025.12.03,22:19,1.165730,1.165730,1.165680,1.165680,0
2025.12.03,22:20,1.165690,1.165690,1.165660,1.165660,0
2025.12.03,22:21,1.165650,1.165670,1.165630,1.165670,0
2025.12.03,22:22,1.165630,1.165630,1.165540,1.165550,0
2025.12.03,22:23,1.165520,1.165550,1.165490,1.165520,0
2025.12.03,22:24,1.165520,1.165570,1.165490,1.165570,0
2025.12.03,22:25,1.165570,1.165590,1.165560,1.165580,0
2025.12.03,22:26,1.165570,1.165580,1.165520,1.165550,0
2025.12.03,22:27,1.165550,1.165670,1.165530,1.165650,0
2025.12.03,22:28,1.165650,1.165670,1.165640,1.165650,0
2025.12.03,22:29,1.165650,1.165650,1.165610,1.165610,0
2025.12.03,22:30,1.165630,1.165630,1.165590,1.165590,0
2025.12.03,22:31,1.165570,1.165590,1.165510,1.165510,0
2025.12.03,22:32,1.165510,1.165530,1.165500,1.165510,0
2025.12.03,22:33,1.165520,1.165550,1.165520,1.165550,0
2025.12.03,22:34,1.165560,1.165560,1.165520,1.165530,0
2025.12.03,22:35,1.165550,1.165580,1.165550,1.165560,0
2025.12.03,22:36,1.165550,1.165570,1.165520,1.165570,0
2025.12.03,22:37,1.165570,1.165570,1.165330,1.165370,0
2025.12.03,22:38,1.165360,1.165400,1.165350,1.165370,0
2025.12.03,22:39,1.165360,1.165370,1.165340,1.165350,0
2025.12.03,22:40,1.165360,1.165410,1.165350,1.165410,0
2025.12.03,22:41,1.165420,1.165460,1.165410,1.165430,0
2025.12.03,22:42,1.165410,1.165510,1.165410,1.165490,0
2025.12.03,22:43,1.165500,1.165500,1.165450,1.165460,0
2025.12.03,22:44,1.165480,1.165520,1.165460,1.165510,0
2025.12.03,22:45,1.165500,1.165520,1.165490,1.165490,0
2025.12.03,22:46,1.165500,1.165630,1.165500,1.165560,0
2025.12.03,22:47,1.165560,1.165560,1.165540,1.165540,0
2025.12.03,22:48,1.165560,1.165560,1.165490,1.165510,0
2025.12.03,22:49,1.165510,1.165560,1.165480,1.165500,0
2025.12.03,22:50,1.165510,1.165570,1.165490,1.165570,0
2025.12.03,22:51,1.165560,1.165580,1.165500,1.165510,0
2025.12.03,22:52,1.165510,1.165520,1.165490,1.165510,0
2025.12.03,22:53,1.165520,1.165650,1.165520,1.165630,0
2025.12.03,22:54,1.165620,1.165620,1.165550,1.165580,0
2025.12.03,22:55,1.165570,1.165620,1.165570,1.165610,0
2025.12.03,22:56,1.165610,1.165620,1.165580,1.165590,0
2025.12.03,22:57,1.165590,1.165620,1.165580,1.165600,0
2025.12.03,22:58,1.165600,1.165610,1.165580,1.165600,0
2025.12.03,22:59,1.165600,1.165600,1.165570,1.165580,0
2025.12.03,23:00,1.165560,1.165560,1.165530,1.165560,0
2025.12.03,23:01,1.165560,1.165690,1.165550,1.165650,0
2025.12.03,23:02,1.165650,1.165680,1.165650,1.165660,0
2025.12.03,23:03,1.165660,1.165700,1.165660,1.165670,0
2025.12.03,23:04,1.165670,1.165710,1.165640,1.165660,0
2025.12.03,23:05,1.165650,1.165660,1.165590,1.165610,0
2025.12.03,23:06,1.165590,1.165600,1.165560,1.165570,0
2025.12.03,23:07,1.165570,1.165670,1.165560,1.165590,0
2025.12.03,23:08,1.165600,1.165620,1.165590,1.165600,0
2025.12.03,23:09,1.165600,1.165620,1.165510,1.165520,0
2025.12.03,23:10,1.165560,1.165610,1.165550,1.165610,0
2025.12.03,23:11,1.165640,1.165670,1.165620,1.165650,0
2025.12.03,23:12,1.165640,1.165680,1.165610,1.165650,0
2025.12.03,23:13,1.165660,1.165700,1.165650,1.165700,0
2025.12.03,23:14,1.165690,1.165720,1.165670,1.165690,0
2025.12.03,23:15,1.165690,1.165720,1.165690,1.165710,0
2025.12.03,23:16,1.165720,1.165720,1.165600,1.165660,0
2025.12.03,23:17,1.165660,1.165690,1.165650,1.165690,0
2025.12.03,23:18,1.165690,1.165720,1.165680,1.165720,0
2025.12.03,23:19,1.165730,1.165740,1.165700,1.165710,0
2025.12.03,23:20,1.165710,1.165710,1.165640,1.165660,0
2025.12.03,23:21,1.165640,1.165670,1.165640,1.165670,0
2025.12.03,23:22,1.165650,1.165660,1.165640,1.165650,0
2025.12.03,23:23,1.165650,1.165670,1.165610,1.165670,0
2025.12.03,23:24,1.165650,1.165710,1.165650,1.165710,0
2025.12.03,23:25,1.165710,1.165740,1.165700,1.165720,0
2025.12.03,23:26,1.165720,1.165760,1.165710,1.165720,0
2025.12.03,23:28,1.165720,1.165720,1.165700,1.165700,0
2025.12.03,23:29,1.165710,1.165780,1.165710,1.165780,0
2025.12.03,23:30,1.165800,1.165830,1.165790,1.165790,0
2025.12.03,23:31,1.165780,1.165790,1.165780,1.165790,0
2025.12.03,23:32,1.165790,1.165830,1.165790,1.165810,0
2025.12.03,23:33,1.165790,1.165790,1.165740,1.165750,0
2025.12.03,23:34,1.165750,1.165760,1.165730,1.165730,0
2025.12.03,23:35,1.165730,1.165730,1.165590,1.165670,0
2025.12.03,23:36,1.165650,1.165710,1.165650,1.165710,0
2025.12.03,23:37,1.165690,1.165730,1.165690,1.165710,0
2025.12.03,23:38,1.165700,1.165730,1.165680,1.165700,0
2025.12.03,23:39,1.165700,1.165700,1.165660,1.165700,0
2025.12.03,23:40,1.165700,1.165760,1.165680,1.165680,0
2025.12.03,23:41,1.165690,1.165750,1.165680,1.165710,0
2025.12.03,23:42,1.165720,1.165720,1.165690,1.165690,0
2025.12.03,23:43,1.165700,1.165720,1.165600,1.165680,0
2025.12.03,23:44,1.165690,1.165690,1.165640,1.165650,0
2025.12.03,23:45,1.165670,1.165670,1.165640,1.165660,0
2025.12.03,23:46,1.165670,1.165740,1.165630,1.165710,0
2025.12.03,23:47,1.165730,1.165790,1.165710,1.165760,0
2025.12.03,23:48,1.165760,1.165780,1.165750,1.165780,0
2025.12.03,23:49,1.165770,1.165770,1.165720,1.165720,0
2025.12.03,23:50,1.165710,1.165710,1.165660,1.165690,0
2025.12.03,23:51,1.165690,1.165760,1.165690,1.165760,0
2025.12.03,23:52,1.165740,1.165770,1.165730,1.165770,0
2025.12.03,23:53,1.165780,1.165790,1.165760,1.165770,0
2025.12.03,23:54,1.165760,1.165770,1.165760,1.165770,0
2025.12.03,23:55,1.165760,1.165820,1.165760,1.165810,0
2025.12.03,23:56,1.165830,1.165830,1.165790,1.165800,0
2025.12.03,23:57,1.165820,1.165820,1.165790,1.165790,0
2025.12.03,23:58,1.165800,1.165810,1.165720,1.165720,0
2025.12.03,23:59,1.165710,1.165740,1.165700,1.165700,0
2025.12.04,00:00,1.165720,1.165720,1.165680,1.165700,0
2025.12.04,00:01,1.165710,1.165760,1.165690,1.165750,0
2025.12.04,00:02,1.165740,1.165810,1.165740,1.165810,0
2025.12.04,00:03,1.165800,1.165850,1.165790,1.165830,0
2025.12.04,00:04,1.165860,1.165880,1.165860,1.165870,0
2025.12.04,00:05,1.165890,1.165920,1.165830,1.165830,0
2025.12.04,00:06,1.165850,1.165860,1.165740,1.165760,0
2025.12.04,00:07,1.165750,1.165780,1.165690,1.165780,0
2025.12.04,00:08,1.165780,1.165840,1.165780,1.165820,0
2025.12.04,00:09,1.165820,1.165820,1.165790,1.165810,0
2025.12.04,00:10,1.165800,1.165820,1.165790,1.165800,0
2025.12.04,00:11,1.165790,1.165820,1.165740,1.165780,0
2025.12.04,00:12,1.165800,1.165810,1.165740,1.165740,0
2025.12.04,00:13,1.165720,1.165760,1.165710,1.165760,0
2025.12.04,00:14,1.165750,1.165760,1.165700,1.165750,0
2025.12.04,00:15,1.165740,1.165760,1.165740,1.165760,0
2025.12.04,00:16,1.165750,1.165780,1.165750,1.165770,0
2025.12.04,00:17,1.165770,1.165770,1.165720,1.165750,0
2025.12.04,00:18,1.165740,1.165770,1.165730,1.165770,0
2025.12.04,00:19,1.165780,1.165780,1.165760,1.165760,0
2025.12.04,00:20,1.165800,1.165820,1.165790,1.165790,0
2025.12.04,00:21,1.165780,1.165840,1.165720,1.165730,0
2025.12.04,00:22,1.165740,1.165740,1.165610,1.165720,0
2025.12.04,00:23,1.165710,1.165740,1.165680,1.165740,0
2025.12.04,00:24,1.165740,1.165810,1.165740,1.165810,0
2025.12.04,00:25,1.165800,1.165830,1.165780,1.165790,0
2025.12.04,00:26,1.165770,1.165810,1.165760,1.165780,0
2025.12.04,00:27,1.165790,1.165790,1.165750,1.165760,0
2025.12.04,00:28,1.165760,1.165780,1.165720,1.165760,0
2025.12.04,00:29,1.165760,1.165800,1.165730,1.165760,0
2025.12.04,00:30,1.165780,1.165810,1.165770,1.165780,0
2025.12.04,00:31,1.165780,1.165810,1.165750,1.165810,0
2025.12.04,00:32,1.165810,1.165870,1.165810,1.165870,0
2025.12.04,00:33,1.165860,1.165870,1.165850,1.165850,0
2025.12.04,00:34,1.165840,1.165920,1.165840,1.165910,0
2025.12.04,00:35,1.165900,1.166090,1.165870,1.166020,0
2025.12.04,00:36,1.166030,1.166130,1.165990,1.166020,0
2025.12.04,00:37,1.166010,1.166020,1.165870,1.165900,0
2025.12.04,00:38,1.165920,1.166020,1.165900,1.166020,0
2025.12.04,00:39,1.166040,1.166050,1.166000,1.166010,0
2025.12.04,00:40,1.166020,1.166050,1.165960,1.165960,0
2025.12.04,00:41,1.165950,1.166090,1.165950,1.166050,0
2025.12.04,00:42,1.166050,1.166140,1.166050,1.166090,0
2025.12.04,00:43,1.166110,1.166140,1.166030,1.166040,0
2025.12.04,00:44,1.166050,1.166070,1.165960,1.165960,0
2025.12.04,00:45,1.165970,1.166090,1.165970,1.166090,0
2025.12.04,00:46,1.166090,1.166150,1.166050,1.166060,0
2025.12.04,00:47,1.166060,1.166160,1.166050,1.166110,0
2025.12.04,00:48,1.166090,1.166160,1.166080,1.166130,0
2025.12.04,00:49,1.166120,1.166120,1.166080,1.166100,0
2025.12.04,00:50,1.166110,1.166180,1.166100,1.166170,0
2025.12.04,00:51,1.166160,1.166190,1.166080,1.166080,0
2025.12.04,00:52,1.166070,1.166110,1.166020,1.166090,0
2025.12.04,00:53,1.166050,1.166080,1.166010,1.166020,0
2025.12.04,00:54,1.166010,1.166010,1.165890,1.165910,0
2025.12.04,00:55,1.165920,1.165980,1.165890,1.165930,0
2025.12.04,00:56,1.165920,1.165930,1.165810,1.165810,0
2025.12.04,00:57,1.165810,1.165890,1.165790,1.165820,0
2025.12.04,00:58,1.165820,1.165910,1.165790,1.165880,0
2025.12.04,00:59,1.165890,1.165970,1.165870,1.165940,0
2025.12.04,01:00,1.165950,1.165970,1.165730,1.165750,0
2025.12.04,01:01,1.165750,1.165910,1.165750,1.165900,0
2025.12.04,01:02,1.165920,1.165960,1.165830,1.165830,0
2025.12.04,01:03,1.165830,1.165850,1.165790,1.165800,0
2025.12.04,01:04,1.165790,1.165820,1.165740,1.165770,0
2025.12.04,01:05,1.165740,1.165750,1.165680,1.165730,0
2025.12.04,01:06,1.165750,1.165850,1.165710,1.165820,0
2025.12.04,01:07,1.165830,1.165860,1.165690,1.165730,0
2025.12.04,01:08,1.165740,1.165750,1.165690,1.165740,0
2025.12.04,01:09,1.165760,1.165790,1.165730,1.165780,0
2025.12.04,01:10,1.165770,1.165860,1.165770,1.165840,0
2025.12.04,01:11,1.165850,1.165880,1.165750,1.165750,0
2025.12.04,01:12,1.165750,1.165750,1.165670,1.165670,0
2025.12.04,01:13,1.165690,1.165690,1.165500,1.165520,0
2025.12.04,01:14,1.165540,1.165540,1.165480,1.165480,0
2025.12.04,01:15,1.165460,1.165540,1.165360,1.165390,0
2025.12.04,01:16,1.165390,1.165430,1.165340,1.165370,0
2025.12.04,01:17,1.165370,1.165400,1.165350,1.165360,0
2025.12.04,01:18,1.165360,1.165530,1.165360,1.165510,0
2025.12.04,01:19,1.165510,1.165520,1.165460,1.165460,0
2025.12.04,01:20,1.165470,1.165490,1.165450,1.165460,0
2025.12.04,01:21,1.165460,1.165460,1.165380,1.165380,0
2025.12.04,01:22,1.165370,1.165390,1.165320,1.165360,0
2025.12.04,01:23,1.165370,1.165370,1.165290,1.165350,0
2025.12.04,01:24,1.165360,1.165420,1.165340,1.165380,0
2025.12.04,01:25,1.165370,1.165410,1.165340,1.165410,0
2025.12.04,01:26,1.165400,1.165430,1.165390,1.165420,0
2025.12.04,01:27,1.165430,1.165430,1.165380,1.165390,0
2025.12.04,01:28,1.165380,1.165390,1.165320,1.165370,0
2025.12.04,01:29,1.165370,1.165410,1.165370,1.165390,0
2025.12.04,01:30,1.165390,1.165420,1.165360,1.165400,0
2025.12.04,01:31,1.165400,1.165450,1.165300,1.165310,0
2025.12.04,01:32,1.165300,1.165320,1.165290,1.165310,0
2025.12.04,01:33,1.165320,1.165410,1.165320,1.165350,0
2025.12.04,01:34,1.165370,1.165370,1.165300,1.165300,0
2025.12.04,01:35,1.165300,1.165330,1.165300,1.165330,0
2025.12.04,01:36,1.165340,1.165350,1.165290,1.165340,0
2025.12.04,01:37,1.165380,1.165430,1.165380,1.165420,0
2025.12.04,01:38,1.165410,1.165450,1.165390,1.165440,0
2025.12.04,01:39,1.165460,1.165470,1.165440,1.165460,0
2025.12.04,01:40,1.165460,1.165500,1.165460,1.165490,0
2025.12.04,01:41,1.165510,1.165570,1.165510,1.165540,0
2025.12.04,01:42,1.165540,1.165540,1.165450,1.165470,0
2025.12.04,01:43,1.165470,1.165500,1.165450,1.165490,0
2025.12.04,01:44,1.165500,1.165600,1.165500,1.165570,0
2025.12.04,01:45,1.165550,1.165620,1.165550,1.165570,0
2025.12.04,01:46,1.165580,1.165580,1.165520,1.165550,0
2025.12.04,01:47,1.165570,1.165570,1.165550,1.165560,0
2025.12.04,01:48,1.165550,1.165650,1.165550,1.165580,0
2025.12.04,01:49,1.165570,1.165580,1.165510,1.165510,0
2025.12.04,01:50,1.165520,1.165570,1.165510,1.165540,0
2025.12.04,01:51,1.165560,1.165560,1.165480,1.165500,0
2025.12.04,01:52,1.165480,1.165570,1.165460,1.165570,0
2025.12.04,01:53,1.165570,1.165620,1.165540,1.165620,0
2025.12.04,01:54,1.165620,1.165690,1.165620,1.165680,0
2025.12.04,01:55,1.165680,1.165850,1.165680,1.165790,0
2025.12.04,01:56,1.165790,1.165790,1.165710,1.165720,0
2025.12.04,01:57,1.165720,1.165870,1.165690,1.165820,0
2025.12.04,01:58,1.165820,1.165820,1.165720,1.165720,0
2025.12.04,01:59,1.165740,1.165810,1.165730,1.165800,0
2025.12.04,02:00,1.165780,1.165980,1.165780,1.165850,0
2025.12.04,02:01,1.165850,1.165920,1.165810,1.165920,0
2025.12.04,02:02,1.165920,1.165990,1.165850,1.165860,0
2025.12.04,02:03,1.165840,1.165970,1.165840,1.165930,0
2025.12.04,02:04,1.165930,1.165990,1.165920,1.165940,0
2025.12.04,02:05,1.165940,1.165980,1.165870,1.165880,0
2025.12.04,02:06,1.165880,1.165930,1.165860,1.165910,0
2025.12.04,02:07,1.165930,1.166010,1.165930,1.165960,0
2025.12.04,02:08,1.165950,1.165950,1.165820,1.165870,0
2025.12.04,02:09,1.165860,1.165940,1.165760,1.165880,0
2025.12.04,02:10,1.165890,1.165890,1.165690,1.165720,0
2025.12.04,02:11,1.165730,1.165730,1.165620,1.165660,0
2025.12.04,02:12,1.165670,1.165690,1.165620,1.165680,0
2025.12.04,02:13,1.165660,1.165690,1.165600,1.165650,0
2025.12.04,02:14,1.165670,1.165720,1.165670,1.165690,0
2025.12.04,02:15,1.165710,1.165710,1.165610,1.165610,0
2025.12.04,02:16,1.165590,1.165750,1.165580,1.165700,0
2025.12.04,02:17,1.165690,1.165810,1.165690,1.165800,0
2025.12.04,02:18,1.165810,1.165810,1.165710,1.165720,0
2025.12.04,02:19,1.165720,1.165800,1.165720,1.165760,0
2025.12.04,02:20,1.165750,1.165770,1.165640,1.165650,0
2025.12.04,02:21,1.165630,1.165630,1.165580,1.165610,0
2025.12.04,02:22,1.165620,1.165710,1.165620,1.165690,0
2025.12.04,02:23,1.165710,1.165880,1.165710,1.165850,0
2025.12.04,02:24,1.165840,1.165860,1.165790,1.165860,0
2025.12.04,02:25,1.165860,1.165900,1.165840,1.165850,0
2025.12.04,02:26,1.165830,1.165880,1.165830,1.165860,0
2025.12.04,02:27,1.165840,1.165930,1.165840,1.165900,0
2025.12.04,02:28,1.165910,1.165940,1.165900,1.165900,0
2025.12.04,02:29,1.165910,1.165910,1.165680,1.165700,0
2025.12.04,02:30,1.165700,1.165710,1.165600,1.165620,0
2025.12.04,02:31,1.165600,1.165610,1.165530,1.165590,0
2025.12.04,02:32,1.165580,1.165610,1.165530,1.165610,0
2025.12.04,02:33,1.165620,1.165620,1.165560,1.165560,0
2025.12.04,02:34,1.165570,1.165790,1.165560,1.165760,0
2025.12.04,02:35,1.165760,1.165760,1.165660,1.165710,0
2025.12.04,02:36,1.165730,1.165760,1.165700,1.165700,0
2025.12.04,02:37,1.165700,1.165720,1.165620,1.165720,0
2025.12.04,02:38,1.165720,1.165850,1.165720,1.165780,0
2025.12.04,02:39,1.165770,1.165780,1.165750,1.165760,0
2025.12.04,02:40,1.165750,1.165790,1.165730,1.165730,0
2025.12.04,02:41,1.165720,1.165810,1.165670,1.165770,0
2025.12.04,02:42,1.165760,1.165770,1.165650,1.165740,0
2025.12.04,02:43,1.165740,1.165760,1.165700,1.165710,0
2025.12.04,02:44,1.165720,1.165880,1.165720,1.165820,0
2025.12.04,02:45,1.165840,1.165980,1.165840,1.165940,0
2025.12.04,02:46,1.165950,1.166070,1.165930,1.166030,0
2025.12.04,02:47,1.166040,1.166050,1.165970,1.165970,0
2025.12.04,02:48,1.165970,1.166080,1.165940,1.166050,0
2025.12.04,02:49,1.166040,1.166100,1.166030,1.166060,0
2025.12.04,02:50,1.166050,1.166200,1.166050,1.166180,0
2025.12.04,02:51,1.166190,1.166280,1.166140,1.166260,0
2025.12.04,02:52,1.166270,1.166320,1.166250,1.166300,0
2025.12.04,02:53,1.166280,1.166320,1.166240,1.166250,0
2025.12.04,02:54,1.166250,1.166270,1.166220,1.166270,0
2025.12.04,02:55,1.166260,1.166290,1.166250,1.166260,0
2025.12.04,02:56,1.166270,1.166340,1.166230,1.166320,0
2025.12.04,02:57,1.166330,1.166480,1.166330,1.166440,0
2025.12.04,02:58,1.166450,1.166490,1.166370,1.166460,0
2025.12.04,02:59,1.166460,1.166520,1.166370,1.166520,0
2025.12.04,03:00,1.166520,1.166600,1.166370,1.166420,0
2025.12.04,03:01,1.166400,1.166480,1.166320,1.166460,0
2025.12.04,03:02,1.166450,1.166590,1.166430,1.166450,0
2025.12.04,03:03,1.166470,1.166490,1.166380,1.166410,0
2025.12.04,03:04,1.166400,1.166560,1.166400,1.166560,0
2025.12.04,03:05,1.166560,1.166690,1.166500,1.166500,0
2025.12.04,03:06,1.166510,1.166670,1.166490,1.166570,0
2025.12.04,03:07,1.166570,1.166740,1.166570,1.166740,0
2025.12.04,03:08,1.166720,1.166820,1.166670,1.166710,0
2025.12.04,03:09,1.166720,1.166740,1.166550,1.166570,0
2025.12.04,03:10,1.166580,1.166820,1.166570,1.166810,0
2025.12.04,03:11,1.166810,1.166820,1.166660,1.166770,0
2025.12.04,03:12,1.166750,1.166770,1.166550,1.166570,0
2025.12.04,03:13,1.166550,1.166720,1.166520,1.166660,0
2025.12.04,03:14,1.166640,1.166660,1.166500,1.166560,0
2025.12.04,03:15,1.166560,1.166660,1.166480,1.166630,0
2025.12.04,03:16,1.166640,1.166710,1.166560,1.166670,0
2025.12.04,03:17,1.166690,1.166850,1.166660,1.166840,0
2025.12.04,03:18,1.166870,1.167030,1.166800,1.166980,0
2025.12.04,03:19,1.166980,1.167200,1.166950,1.167080,0
2025.12.04,03:20,1.167070,1.167300,1.167070,1.167280,0
2025.12.04,03:21,1.167280,1.167420,1.167250,1.167360,0
2025.12.04,03:22,1.167370,1.167400,1.167270,1.167400,0
2025.12.04,03:23,1.167390,1.167470,1.167360,1.167460,0
2025.12.04,03:24,1.167520,1.167570,1.167420,1.167570,0
2025.12.04,03:25,1.167570,1.167710,1.167500,1.167570,0
2025.12.04,03:26,1.167580,1.167700,1.167490,1.167700,0
2025.12.04,03:27,1.167700,1.167710,1.167590,1.167700,0
2025.12.04,03:28,1.167710,1.167750,1.167610,1.167730,0
2025.12.04,03:29,1.167710,1.167730,1.167560,1.167610,0
2025.12.04,03:30,1.167600,1.167690,1.167270,1.167290,0
2025.12.04,03:31,1.167270,1.167300,1.167140,1.167270,0
2025.12.04,03:32,1.167280,1.167660,1.167270,1.167640,0
2025.12.04,03:33,1.167650,1.167680,1.167430,1.167470,0
2025.12.04,03:34,1.167460,1.167470,1.167290,1.167320,0
2025.12.04,03:35,1.167330,1.167470,1.167320,1.167460,0
2025.12.04,03:36,1.167470,1.167560,1.167400,1.167520,0
2025.12.04,03:37,1.167530,1.167590,1.167440,1.167550,0
2025.12.04,03:38,1.167550,1.167710,1.167540,1.167690,0
2025.12.04,03:39,1.167690,1.167900,1.167690,1.167880,0
2025.12.04,03:40,1.167880,1.168010,1.167750,1.167750,0
2025.12.04,03:41,1.167770,1.167900,1.167700,1.167890,0
2025.12.04,03:42,1.167900,1.167950,1.167810,1.167810,0
2025.12.04,03:43,1.167800,1.167870,1.167770,1.167800,0
2025.12.04,03:44,1.167780,1.167830,1.167720,1.167750,0
2025.12.04,03:45,1.167760,1.167820,1.167700,1.167720,0
2025.12.04,03:46,1.167720,1.167750,1.167670,1.167750,0
2025.12.04,03:47,1.167730,1.167770,1.167680,1.167770,0
2025.12.04,03:48,1.167760,1.167930,1.167670,1.167920,0
2025.12.04,03:49,1.167920,1.167930,1.167830,1.167890,0
2025.12.04,03:50,1.167890,1.168010,1.167830,1.167860,0
2025.12.04,03:51,1.167860,1.167940,1.167840,1.167860,0
2025.12.04,03:52,1.167870,1.168030,1.167850,1.168020,0
2025.12.04,03:53,1.168010,1.168180,1.167990,1.168100,0
2025.12.04,03:54,1.168100,1.168170,1.168060,1.168100,0
2025.12.04,03:55,1.168080,1.168180,1.168050,1.168160,0
2025.12.04,03:56,1.168180,1.168190,1.168080,1.168120,0
2025.12.04,03:57,1.168120,1.168140,1.167900,1.167900,0
2025.12.04,03:58,1.167910,1.167910,1.167740,1.167810,0
2025.12.04,03:59,1.167800,1.167810,1.167670,1.167670,0
2025.12.04,04:00,1.167660,1.167660,1.167420,1.167420,0
2025.12.04,04:01,1.167430,1.167470,1.167340,1.167410,0
2025.12.04,04:02,1.167390,1.167480,1.167330,1.167410,0
2025.12.04,04:03,1.167400,1.167470,1.167330,1.167430,0
2025.12.04,04:04,1.167450,1.167670,1.167430,1.167660,0
2025.12.04,04:05,1.167670,1.167820,1.167670,1.167820,0
2025.12.04,04:06,1.167830,1.167880,1.167670,1.167750,0
2025.12.04,04:07,1.167740,1.167740,1.167550,1.167610,0
2025.12.04,04:08,1.167610,1.167630,1.167500,1.167600,0
2025.12.04,04:09,1.167620,1.167660,1.167580,1.167640,0
2025.12.04,04:10,1.167640,1.167640,1.167480,1.167520,0
2025.12.04,04:11,1.167510,1.167610,1.167480,1.167590,0
2025.12.04,04:12,1.167580,1.167680,1.167500,1.167660,0
2025.12.04,04:13,1.167660,1.167670,1.167590,1.167630,0
2025.12.04,04:14,1.167640,1.167640,1.167570,1.167570,0
2025.12.04,04:15,1.167580,1.167590,1.167370,1.167540,0
2025.12.04,04:16,1.167570,1.167770,1.167550,1.167730,0
2025.12.04,04:17,1.167710,1.167840,1.167710,1.167840,0
2025.12.04,04:18,1.167820,1.167840,1.167680,1.167780,0
2025.12.04,04:19,1.167800,1.167810,1.167640,1.167670,0
2025.12.04,04:20,1.167690,1.167840,1.167690,1.167840,0
2025.12.04,04:21,1.167830,1.167830,1.167610,1.167720,0
2025.12.04,04:22,1.167730,1.167800,1.167710,1.167790,0
2025.12.04,04:23,1.167800,1.167890,1.167750,1.167780,0
2025.12.04,04:24,1.167780,1.167830,1.167730,1.167730,0
2025.12.04,04:25,1.167740,1.167750,1.167610,1.167630,0
2025.12.04,04:26,1.167620,1.167680,1.167560,1.167670,0
2025.12.04,04:27,1.167670,1.167720,1.167660,1.167710,0
2025.12.04,04:28,1.167720,1.167770,1.167660,1.167730,0
2025.12.04,04:29,1.167720,1.167830,1.167700,1.167830,0
2025.12.04,04:30,1.167810,1.167820,1.167720,1.167810,0
2025.12.04,04:31,1.167800,1.167850,1.167660,1.167710,0
2025.12.04,04:32,1.167710,1.167790,1.167590,1.167630,0
2025.12.04,04:33,1.167620,1.167670,1.167490,1.167540,0
2025.12.04,04:34,1.167540,1.167580,1.167450,1.167560,0
2025.12.04,04:35,1.167550,1.167560,1.167440,1.167530,0
2025.12.04,04:36,1.167530,1.167710,1.167530,1.167650,0
2025.12.04,04:37,1.167650,1.167680,1.167590,1.167610,0
2025.12.04,04:38,1.167610,1.167730,1.167550,1.167700,0
2025.12.04,04:39,1.167710,1.167710,1.167600,1.167640,0
2025.12.04,04:40,1.167640,1.167640,1.167520,1.167540,0
2025.12.04,04:41,1.167550,1.167630,1.167530,1.167630,0
2025.12.04,04:42,1.167630,1.167650,1.167390,1.167510,0
2025.12.04,04:43,1.167510,1.167690,1.167510,1.167670,0
2025.12.04,04:44,1.167690,1.167700,1.167550,1.167550,0
2025.12.04,04:45,1.167550,1.167620,1.167490,1.167490,0
2025.12.04,04:46,1.167490,1.167680,1.167480,1.167630,0
2025.12.04,04:47,1.167650,1.167690,1.167480,1.167530,0
2025.12.04,04:48,1.167540,1.167570,1.167470,1.167550,0
2025.12.04,04:49,1.167560,1.167650,1.167560,1.167610,0
2025.12.04,04:50,1.167610,1.167640,1.167560,1.167560,0
2025.12.04,04:51,1.167570,1.167620,1.167520,1.167550,0
2025.12.04,04:52,1.167560,1.167830,1.167540,1.167830,0
2025.12.04,04:53,1.167810,1.167910,1.167710,1.167880,0
2025.12.04,04:54,1.167890,1.167900,1.167800,1.167830,0
2025.12.04,04:55,1.167850,1.167980,1.167760,1.167930,0
2025.12.04,04:56,1.167940,1.167980,1.167850,1.167850,0
2025.12.04,04:57,1.167870,1.167910,1.167870,1.167890,0
2025.12.04,04:58,1.167880,1.168020,1.167870,1.167870,0
2025.12.04,04:59,1.167870,1.167900,1.167720,1.167730,0
2025.12.04,05:00,1.167720,1.167930,1.167720,1.167910,0
2025.12.04,05:01,1.167930,1.167970,1.167810,1.167810,0
2025.12.04,05:02,1.167790,1.167890,1.167680,1.167720,0
2025.12.04,05:03,1.167720,1.167730,1.167550,1.167620,0
2025.12.04,05:04,1.167640,1.167820,1.167610,1.167820,0
2025.12.04,05:05,1.167810,1.167810,1.167650,1.167720,0
2025.12.04,05:06,1.167710,1.167730,1.167500,1.167520,0
2025.12.04,05:07,1.167530,1.167530,1.167330,1.167330,0
2025.12.04,05:08,1.167320,1.167380,1.167240,1.167350,0
2025.12.04,05:09,1.167350,1.167380,1.167290,1.167310,0
2025.12.04,05:10,1.167320,1.167370,1.167260,1.167280,0
2025.12.04,05:11,1.167290,1.167310,1.167180,1.167220,0
2025.12.04,05:12,1.167220,1.167240,1.167120,1.167120,0
2025.12.04,05:13,1.167130,1.167230,1.167090,1.167180,0
2025.12.04,05:14,1.167210,1.167280,1.167130,1.167200,0
2025.12.04,05:15,1.167220,1.167230,1.167170,1.167170,0
2025.12.04,05:16,1.167170,1.167230,1.167110,1.167220,0
2025.12.04,05:17,1.167230,1.167360,1.167220,1.167360,0
2025.12.04,05:18,1.167320,1.167320,1.167240,1.167260,0
2025.12.04,05:19,1.167270,1.167340,1.167230,1.167290,0
2025.12.04,05:20,1.167290,1.167300,1.167190,1.167200,0
2025.12.04,05:21,1.167180,1.167190,1.167020,1.167020,0
2025.12.04,05:22,1.167010,1.167070,1.166980,1.166990,0
2025.12.04,05:23,1.167010,1.167010,1.166870,1.166900,0
2025.12.04,05:24,1.166920,1.166960,1.166910,1.166920,0
2025.12.04,05:25,1.166910,1.166910,1.166800,1.166850,0
2025.12.04,05:26,1.166850,1.166850,1.166760,1.166780,0
2025.12.04,05:27,1.166780,1.166940,1.166770,1.166920,0
2025.12.04,05:28,1.166910,1.166990,1.166910,1.166980,0
2025.12.04,05:29,1.166980,1.167040,1.166970,1.166980,0
2025.12.04,05:30,1.166970,1.167090,1.166930,1.167040,0
2025.12.04,05:31,1.166990,1.167020,1.166880,1.166940,0
2025.12.04,05:32,1.166900,1.166980,1.166900,1.166930,0
2025.12.04,05:33,1.166920,1.166980,1.166830,1.166980,0
2025.12.04,05:34,1.166980,1.167060,1.166930,1.167060,0
2025.12.04,05:35,1.167050,1.167100,1.166990,1.167010,0
2025.12.04,05:36,1.167020,1.167070,1.166940,1.166940,0
2025.12.04,05:37,1.166900,1.166910,1.166820,1.166840,0
2025.12.04,05:38,1.166890,1.166920,1.166770,1.166770,0
2025.12.04,05:39,1.166770,1.166860,1.166740,1.166850,0
2025.12.04,05:40,1.166830,1.166840,1.166750,1.166750,0
2025.12.04,05:41,1.166730,1.166730,1.166610,1.166650,0
2025.12.04,05:42,1.166640,1.166680,1.166640,1.166670,0
2025.12.04,05:43,1.166680,1.166680,1.166600,1.166630,0
2025.12.04,05:44,1.166620,1.166730,1.166590,1.166710,0
2025.12.04,05:45,1.166690,1.166800,1.166650,1.166760,0
2025.12.04,05:46,1.166760,1.166770,1.166690,1.166760,0
2025.12.04,05:47,1.166780,1.166830,1.166740,1.166830,0
2025.12.04,05:48,1.166830,1.166870,1.166810,1.166840,0
2025.12.04,05:49,1.166860,1.166860,1.166750,1.166750,0
2025.12.04,05:50,1.166740,1.166810,1.166730,1.166770,0
2025.12.04,05:51,1.166780,1.166780,1.166660,1.166660,0
2025.12.04,05:52,1.166670,1.166670,1.166570,1.166580,0
2025.12.04,05:53,1.166580,1.166610,1.166490,1.166520,0
2025.12.04,05:54,1.166530,1.166530,1.166350,1.166400,0
2025.12.04,05:55,1.166420,1.166510,1.166350,1.166510,0
2025.12.04,05:56,1.166520,1.166670,1.166520,1.166590,0
2025.12.04,05:57,1.166550,1.166590,1.166520,1.166560,0
2025.12.04,05:58,1.166590,1.166650,1.166590,1.166610,0
2025.12.04,05:59,1.166600,1.166690,1.166520,1.166640,0
2025.12.04,06:00,1.166640,1.166750,1.166640,1.166700,0
2025.12.04,06:01,1.166690,1.166690,1.166570,1.166610,0
2025.12.04,06:02,1.166590,1.166690,1.166510,1.166690,0
2025.12.04,06:03,1.166710,1.166770,1.166660,1.166740,0
2025.12.04,06:04,1.166720,1.166840,1.166710,1.166830,0
2025.12.04,06:05,1.166820,1.166910,1.166670,1.166860,0
2025.12.04,06:06,1.166860,1.166960,1.166860,1.166940,0
2025.12.04,06:07,1.166940,1.167160,1.166940,1.167160,0
2025.12.04,06:08,1.167150,1.167210,1.167050,1.167100,0
2025.12.04,06:09,1.167100,1.167240,1.167100,1.167180,0
2025.12.04,06:10,1.167180,1.167330,1.167180,1.167310,0
2025.12.04,06:11,1.167320,1.167400,1.167270,1.167400,0
2025.12.04,06:12,1.167370,1.167470,1.167350,1.167350,0
2025.12.04,06:13,1.167360,1.167360,1.167230,1.167310,0
2025.12.04,06:14,1.167310,1.167360,1.167290,1.167350,0
2025.12.04,06:15,1.167350,1.167350,1.167240,1.167300,0
2025.12.04,06:16,1.167280,1.167460,1.167280,1.167400,0
2025.12.04,06:17,1.167410,1.167460,1.167390,1.167440,0
2025.12.04,06:18,1.167440,1.167440,1.167380,1.167430,0
2025.12.04,06:19,1.167430,1.167550,1.167430,1.167540,0
2025.12.04,06:20,1.167510,1.167520,1.167390,1.167470,0
2025.12.04,06:21,1.167480,1.167520,1.167420,1.167440,0
2025.12.04,06:22,1.167450,1.167490,1.167380,1.167440,0
2025.12.04,06:23,1.167460,1.167490,1.167360,1.167400,0
2025.12.04,06:24,1.167400,1.167460,1.167380,1.167440,0
2025.12.04,06:25,1.167450,1.167490,1.167380,1.167450,0
2025.12.04,06:26,1.167450,1.167650,1.167430,1.167630,0
2025.12.04,06:27,1.167630,1.167630,1.167430,1.167500,0
2025.12.04,06:28,1.167500,1.167510,1.167440,1.167500,0
2025.12.04,06:29,1.167510,1.167580,1.167490,1.167570,0
2025.12.04,06:30,1.167590,1.167710,1.167590,1.167620,0
2025.12.04,06:31,1.167620,1.167620,1.167530,1.167610,0
2025.12.04,06:32,1.167600,1.167710,1.167500,1.167700,0
2025.12.04,06:33,1.167710,1.167830,1.167710,1.167810,0
2025.12.04,06:34,1.167800,1.167810,1.167700,1.167720,0
2025.12.04,06:35,1.167740,1.167770,1.167700,1.167740,0
2025.12.04,06:36,1.167750,1.167910,1.167720,1.167820,0
2025.12.04,06:37,1.167820,1.167920,1.167810,1.167880,0
2025.12.04,06:38,1.167880,1.167880,1.167810,1.167830,0
2025.12.04,06:39,1.167830,1.167860,1.167810,1.167840,0
2025.12.04,06:40,1.167820,1.167870,1.167810,1.167810,0
2025.12.04,06:41,1.167810,1.167830,1.167690,1.167690,0
2025.12.04,06:42,1.167700,1.167750,1.167670,1.167750,0
2025.12.04,06:43,1.167740,1.167750,1.167670,1.167680,0
2025.12.04,06:44,1.167680,1.167760,1.167660,1.167750,0
2025.12.04,06:45,1.167760,1.167800,1.167660,1.167770,0
2025.12.04,06:46,1.167740,1.167800,1.167730,1.167750,0
2025.12.04,06:47,1.167740,1.167760,1.167710,1.167730,0
2025.12.04,06:48,1.167770,1.167820,1.167740,1.167790,0
2025.12.04,06:49,1.167770,1.167810,1.167710,1.167740,0
2025.12.04,06:50,1.167740,1.167740,1.167670,1.167690,0
2025.12.04,06:51,1.167710,1.167750,1.167620,1.167660,0
2025.12.04,06:52,1.167680,1.167690,1.167650,1.167670,0
2025.12.04,06:53,1.167660,1.167670,1.167610,1.167670,0
2025.12.04,06:54,1.167690,1.167820,1.167670,1.167810,0
2025.12.04,06:55,1.167820,1.167840,1.167750,1.167810,0
2025.12.04,06:56,1.167820,1.167880,1.167790,1.167860,0
2025.12.04,06:57,1.167880,1.167970,1.167860,1.167950,0
2025.12.04,06:58,1.167980,1.168040,1.167960,1.168020,0
2025.12.04,06:59,1.168020,1.168020,1.167930,1.168020,0
2025.12.04,07:00,1.168010,1.168080,1.167990,1.168010,0
2025.12.04,07:01,1.168010,1.168010,1.167920,1.167990,0
2025.12.04,07:02,1.167970,1.167970,1.167810,1.167880,0
2025.12.04,07:03,1.167870,1.167870,1.167660,1.167660,0
2025.12.04,07:04,1.167680,1.167680,1.167590,1.167590,0
2025.12.04,07:05,1.167610,1.167690,1.167500,1.167640,0
2025.12.04,07:06,1.167630,1.167690,1.167570,1.167630,0
2025.12.04,07:07,1.167620,1.167660,1.167580,1.167590,0
2025.12.04,07:08,1.167630,1.167700,1.167620,1.167680,0
2025.12.04,07:09,1.167660,1.167710,1.167630,1.167680,0
2025.12.04,07:10,1.167690,1.167930,1.167680,1.167870,0
2025.12.04,07:11,1.167880,1.167920,1.167800,1.167850,0
2025.12.04,07:12,1.167820,1.167840,1.167730,1.167750,0
2025.12.04,07:13,1.167720,1.167740,1.167680,1.167720,0
2025.12.04,07:14,1.167720,1.167800,1.167700,1.167770,0
2025.12.04,07:15,1.167760,1.167860,1.167750,1.167830,0
2025.12.04,07:16,1.167840,1.167850,1.167750,1.167770,0
2025.12.04,07:17,1.167760,1.167790,1.167640,1.167700,0
2025.12.04,07:18,1.167710,1.167780,1.167630,1.167760,0
2025.12.04,07:19,1.167760,1.167770,1.167680,1.167770,0
2025.12.04,07:20,1.167780,1.167810,1.167720,1.167770,0
2025.12.04,07:21,1.167800,1.167830,1.167760,1.167790,0
2025.12.04,07:22,1.167810,1.167820,1.167650,1.167670,0
2025.12.04,07:23,1.167660,1.167700,1.167470,1.167470,0
2025.12.04,07:24,1.167460,1.167470,1.167390,1.167450,0
2025.12.04,07:25,1.167470,1.167600,1.167450,1.167460,0
2025.12.04,07:26,1.167450,1.167620,1.167440,1.167600,0
2025.12.04,07:27,1.167590,1.167710,1.167570,1.167660,0
2025.12.04,07:28,1.167670,1.167780,1.167610,1.167760,0
2025.12.04,07:29,1.167740,1.167750,1.167690,1.167710,0
2025.12.04,07:30,1.167700,1.167710,1.167550,1.167600,0
2025.12.04,07:31,1.167580,1.167640,1.167440,1.167460,0
2025.12.04,07:32,1.167450,1.167450,1.167360,1.167360,0
2025.12.04,07:33,1.167370,1.167430,1.167300,1.167340,0
2025.12.04,07:34,1.167320,1.167350,1.167230,1.167230,0
2025.12.04,07:35,1.167220,1.167310,1.167220,1.167310,0
2025.12.04,07:36,1.167300,1.167310,1.167220,1.167250,0
2025.12.04,07:37,1.167240,1.167290,1.167230,1.167260,0
2025.12.04,07:38,1.167260,1.167280,1.167140,1.167160,0
2025.12.04,07:39,1.167140,1.167190,1.167040,1.167080,0
2025.12.04,07:40,1.167070,1.167190,1.167050,1.167170,0
2025.12.04,07:41,1.167170,1.167210,1.167150,1.167150,0
2025.12.04,07:42,1.167150,1.167190,1.167110,1.167120,0
2025.12.04,07:43,1.167120,1.167210,1.167110,1.167200,0
2025.12.04,07:44,1.167200,1.167200,1.166940,1.166970,0
2025.12.04,07:45,1.166980,1.167080,1.166940,1.167040,0
2025.12.04,07:46,1.167050,1.167080,1.166860,1.166880,0
2025.12.04,07:47,1.166880,1.166890,1.166730,1.166740,0
2025.12.04,07:48,1.166770,1.166800,1.166570,1.166790,0
2025.12.04,07:49,1.166780,1.166940,1.166750,1.166780,0
2025.12.04,07:50,1.166810,1.166810,1.166690,1.166750,0
2025.12.04,07:51,1.166760,1.166830,1.166750,1.166800,0
2025.12.04,07:52,1.166820,1.166820,1.166700,1.166700,0
2025.12.04,07:53,1.166680,1.166680,1.166530,1.166560,0
2025.12.04,07:54,1.166580,1.166690,1.166550,1.166690,0
2025.12.04,07:55,1.166680,1.166910,1.166660,1.166870,0
2025.12.04,07:56,1.166860,1.167050,1.166810,1.167040,0
2025.12.04,07:57,1.167030,1.167040,1.166930,1.166960,0
2025.12.04,07:58,1.166960,1.167010,1.166910,1.166910,0
2025.12.04,07:59,1.166930,1.166990,1.166910,1.166990,0
2025.12.04,08:00,1.167000,1.167110,1.166950,1.166980,0
2025.12.04,08:01,1.166970,1.167040,1.166910,1.166940,0
2025.12.04,08:02,1.166970,1.167010,1.166890,1.166930,0
2025.12.04,08:03,1.166940,1.167000,1.166890,1.166940,0
2025.12.04,08:04,1.166920,1.166920,1.166740,1.166790,0
2025.12.04,08:05,1.166810,1.166870,1.166700,1.166700,0
2025.12.04,08:06,1.166700,1.166870,1.166650,1.166850,0
2025.12.04,08:07,1.166840,1.166870,1.166660,1.166660,0
2025.12.04,08:08,1.166660,1.166810,1.166660,1.166720,0
2025.12.04,08:09,1.166710,1.166720,1.166590,1.166610,0
2025.12.04,08:10,1.166620,1.166730,1.166610,1.166630,0
2025.12.04,08:11,1.166660,1.166680,1.166560,1.166560,0
2025.12.04,08:12,1.166570,1.166610,1.166540,1.166610,0
2025.12.04,08:13,1.166580,1.166580,1.166490,1.166500,0
2025.12.04,08:14,1.166480,1.166510,1.166430,1.166440,0
2025.12.04,08:15,1.166450,1.166470,1.166360,1.166360,0
2025.12.04,08:16,1.166350,1.166400,1.166300,1.166380,0
2025.12.04,08:17,1.166390,1.166390,1.166230,1.166280,0
2025.12.04,08:18,1.166280,1.166490,1.166260,1.166460,0
2025.12.04,08:19,1.166460,1.166490,1.166400,1.166460,0
2025.12.04,08:20,1.166470,1.166560,1.166400,1.166400,0
2025.12.04,08:21,1.166390,1.166520,1.166390,1.166480,0
2025.12.04,08:22,1.166490,1.166540,1.166450,1.166460,0
2025.12.04,08:23,1.166480,1.166520,1.166440,1.166480,0
2025.12.04,08:24,1.166510,1.166700,1.166510,1.166680,0
2025.12.04,08:25,1.166660,1.166700,1.166630,1.166690,0
2025.12.04,08:26,1.166690,1.166760,1.166620,1.166640,0
2025.12.04,08:27,1.166620,1.166730,1.166610,1.166670,0
2025.12.04,08:28,1.166680,1.166770,1.166660,1.166770,0
2025.12.04,08:29,1.166770,1.166850,1.166730,1.166750,0
2025.12.04,08:30,1.166740,1.166740,1.165170,1.165940,0
2025.12.04,08:31,1.165950,1.166400,1.165950,1.166230,0
2025.12.04,08:32,1.166230,1.166250,1.165980,1.166110,0
2025.12.04,08:33,1.166100,1.166400,1.166060,1.166280,0
2025.12.04,08:34,1.166290,1.166500,1.166250,1.166250,0
2025.12.04,08:35,1.166280,1.166450,1.166100,1.166370,0
2025.12.04,08:36,1.166410,1.166670,1.166380,1.166480,0
2025.12.04,08:37,1.166460,1.166560,1.166310,1.166400,0
2025.12.04,08:38,1.166410,1.166580,1.166360,1.166580,0
2025.12.04,08:39,1.166590,1.166600,1.166350,1.166400,0
2025.12.04,08:40,1.166380,1.166430,1.165990,1.166160,0
2025.12.04,08:41,1.166170,1.166230,1.166070,1.166120,0
2025.12.04,08:42,1.166140,1.166200,1.166030,1.166180,0
2025.12.04,08:43,1.166190,1.166560,1.166190,1.166530,0
2025.12.04,08:44,1.166520,1.166620,1.166320,1.166340,0
2025.12.04,08:45,1.166360,1.166690,1.166360,1.166670,0
2025.12.04,08:46,1.166670,1.166670,1.166520,1.166560,0
2025.12.04,08:47,1.166550,1.166570,1.166380,1.166420,0
2025.12.04,08:48,1.166420,1.166500,1.166210,1.166340,0
2025.12.04,08:49,1.166340,1.166480,1.166270,1.166460,0
2025.12.04,08:50,1.166450,1.166450,1.166030,1.166150,0
2025.12.04,08:51,1.166140,1.166270,1.166130,1.166220,0
2025.12.04,08:52,1.166210,1.166340,1.166130,1.166340,0
2025.12.04,08:53,1.166350,1.166410,1.166230,1.166410,0
2025.12.04,08:54,1.166410,1.166420,1.166200,1.166310,0
2025.12.04,08:55,1.166300,1.166400,1.166250,1.166360,0
2025.12.04,08:56,1.166350,1.166370,1.166280,1.166350,0
2025.12.04,08:57,1.166360,1.166580,1.166360,1.166560,0
2025.12.04,08:58,1.166560,1.166600,1.166410,1.166420,0
2025.12.04,08:59,1.166440,1.166570,1.166410,1.166470,0
2025.12.04,09:00,1.166470,1.166680,1.166470,1.166670,0
2025.12.04,09:01,1.166660,1.166730,1.166580,1.166610,0
2025.12.04,09:02,1.166610,1.166740,1.166570,1.166710,0
2025.12.04,09:03,1.166710,1.166820,1.166560,1.166770,0
2025.12.04,09:04,1.166750,1.166780,1.166600,1.166600,0
2025.12.04,09:05,1.166600,1.166730,1.166540,1.166710,0
2025.12.04,09:06,1.166710,1.166720,1.166570,1.166570,0
2025.12.04,09:07,1.166580,1.166710,1.166530,1.166660,0
2025.12.04,09:08,1.166660,1.166830,1.166630,1.166630,0
2025.12.04,09:09,1.166630,1.166770,1.166630,1.166690,0
2025.12.04,09:10,1.166690,1.166730,1.166650,1.166700,0
2025.12.04,09:11,1.166690,1.166780,1.166600,1.166760,0
2025.12.04,09:12,1.166760,1.166950,1.166740,1.166890,0
2025.12.04,09:13,1.166890,1.166990,1.166880,1.166890,0
2025.12.04,09:14,1.166880,1.166920,1.166760,1.166890,0
2025.12.04,09:15,1.166890,1.166930,1.166760,1.166770,0
2025.12.04,09:16,1.166780,1.166820,1.166740,1.166760,0
2025.12.04,09:17,1.166780,1.167000,1.166750,1.166980,0
2025.12.04,09:18,1.166980,1.167410,1.166980,1.167390,0
2025.12.04,09:19,1.167390,1.167570,1.167310,1.167330,0
2025.12.04,09:20,1.167350,1.167530,1.167310,1.167520,0
2025.12.04,09:21,1.167510,1.167630,1.167460,1.167510,0
2025.12.04,09:22,1.167530,1.167650,1.167370,1.167630,0
2025.12.04,09:23,1.167650,1.167680,1.167490,1.167510,0
2025.12.04,09:24,1.167490,1.167490,1.167240,1.167240,0
2025.12.04,09:25,1.167230,1.167260,1.167150,1.167200,0
2025.12.04,09:26,1.167210,1.167310,1.167190,1.167210,0
2025.12.04,09:27,1.167210,1.167340,1.167200,1.167290,0
2025.12.04,09:28,1.167270,1.167410,1.167250,1.167340,0
2025.12.04,09:29,1.167340,1.167450,1.167340,1.167440,0
2025.12.04,09:30,1.167440,1.167570,1.167370,1.167560,0
2025.12.04,09:31,1.167560,1.167640,1.167350,1.167370,0
2025.12.04,09:32,1.167380,1.167520,1.167280,1.167380,0
2025.12.04,09:33,1.167390,1.167470,1.167320,1.167470,0
2025.12.04,09:34,1.167470,1.167490,1.167220,1.167290,0
2025.12.04,09:35,1.167280,1.167280,1.167020,1.167040,0
2025.12.04,09:36,1.167060,1.167100,1.166960,1.167010,0
2025.12.04,09:37,1.167020,1.167070,1.166900,1.166920,0
2025.12.04,09:38,1.166900,1.167220,1.166900,1.167100,0
2025.12.04,09:39,1.167110,1.167200,1.166920,1.166970,0
2025.12.04,09:40,1.166980,1.167060,1.166930,1.166990,0
2025.12.04,09:41,1.166990,1.167140,1.166870,1.166910,0
2025.12.04,09:42,1.166910,1.167090,1.166900,1.167020,0
2025.12.04,09:43,1.167010,1.167030,1.166610,1.166610,0
2025.12.04,09:44,1.166620,1.166620,1.166440,1.166570,0
2025.12.04,09:45,1.166560,1.166560,1.166420,1.166440,0
2025.12.04,09:46,1.166450,1.166670,1.166450,1.166670,0
2025.12.04,09:47,1.166660,1.166730,1.166570,1.166690,0
2025.12.04,09:48,1.166690,1.166820,1.166670,1.166730,0
2025.12.04,09:49,1.166710,1.166750,1.166620,1.166690,0
2025.12.04,09:50,1.166670,1.166670,1.166560,1.166620,0
2025.12.04,09:51,1.166630,1.166680,1.166510,1.166580,0
2025.12.04,09:52,1.166580,1.166760,1.166530,1.166720,0
2025.12.04,09:53,1.166720,1.167020,1.166650,1.166920,0
2025.12.04,09:54,1.166910,1.166980,1.166810,1.166910,0
2025.12.04,09:55,1.166910,1.167060,1.166910,1.166970,0
2025.12.04,09:56,1.166980,1.167060,1.166920,1.166930,0
2025.12.04,09:57,1.166910,1.166930,1.166780,1.166830,0
2025.12.04,09:58,1.166850,1.167010,1.166810,1.167010,0
2025.12.04,09:59,1.167010,1.167110,1.166970,1.167000,0
2025.12.04,10:00,1.166980,1.167020,1.166870,1.166870,0
2025.12.04,10:01,1.166880,1.166920,1.166600,1.166620,0
2025.12.04,10:02,1.166620,1.166620,1.166500,1.166540,0
2025.12.04,10:03,1.166540,1.166740,1.166510,1.166720,0
2025.12.04,10:04,1.166750,1.166780,1.166340,1.166350,0
2025.12.04,10:05,1.166360,1.166500,1.166150,1.166150,0
2025.12.04,10:06,1.166150,1.166200,1.166020,1.166110,0
2025.12.04,10:07,1.166140,1.166140,1.165790,1.165890,0
2025.12.04,10:08,1.165900,1.166060,1.165830,1.166040,0
2025.12.04,10:09,1.166050,1.166080,1.165940,1.166040,0
2025.12.04,10:10,1.166050,1.166170,1.165950,1.166170,0
2025.12.04,10:11,1.166170,1.166340,1.166150,1.166290,0
2025.12.04,10:12,1.166290,1.166500,1.166290,1.166440,0
2025.12.04,10:13,1.166450,1.166560,1.166400,1.166510,0
2025.12.04,10:14,1.166530,1.166610,1.166470,1.166610,0
2025.12.04,10:15,1.166600,1.166660,1.166580,1.166600,0
2025.12.04,10:16,1.166580,1.166740,1.166580,1.166630,0
2025.12.04,10:17,1.166630,1.166740,1.166610,1.166740,0
2025.12.04,10:18,1.166720,1.166790,1.166660,1.166730,0
2025.12.04,10:19,1.166750,1.166850,1.166660,1.166670,0
2025.12.04,10:20,1.166680,1.166720,1.166580,1.166640,0
2025.12.04,10:21,1.166650,1.166650,1.166560,1.166560,0
2025.12.04,10:22,1.166590,1.166640,1.166550,1.166610,0
2025.12.04,10:23,1.166630,1.166790,1.166620,1.166710,0
2025.12.04,10:24,1.166730,1.166880,1.166730,1.166860,0
2025.12.04,10:25,1.166880,1.166970,1.166860,1.166920,0
2025.12.04,10:26,1.166950,1.167130,1.166870,1.167110,0
2025.12.04,10:27,1.167110,1.167130,1.166970,1.167010,0
2025.12.04,10:28,1.167020,1.167060,1.167000,1.167020,0
2025.12.04,10:29,1.167020,1.167160,1.167010,1.167110,0
2025.12.04,10:30,1.167130,1.167150,1.167020,1.167030,0
2025.12.04,10:31,1.167040,1.167070,1.166950,1.167030,0
2025.12.04,10:32,1.167020,1.167070,1.166900,1.167070,0
2025.12.04,10:33,1.167060,1.167140,1.166970,1.167060,0
2025.12.04,10:34,1.167080,1.167180,1.167040,1.167100,0
2025.12.04,10:35,1.167100,1.167170,1.167020,1.167120,0
2025.12.04,10:36,1.167120,1.167180,1.167030,1.167180,0
2025.12.04,10:37,1.167200,1.167240,1.167070,1.167230,0
2025.12.04,10:38,1.167240,1.167360,1.167240,1.167320,0
2025.12.04,10:39,1.167290,1.167320,1.167160,1.167170,0
2025.12.04,10:40,1.167160,1.167380,1.167160,1.167360,0
2025.12.04,10:41,1.167370,1.167440,1.167370,1.167420,0
2025.12.04,10:42,1.167430,1.167440,1.167320,1.167380,0
2025.12.04,10:43,1.167380,1.167440,1.167300,1.167350,0
2025.12.04,10:44,1.167340,1.167430,1.167340,1.167390,0
2025.12.04,10:45,1.167390,1.167410,1.167350,1.167360,0
2025.12.04,10:46,1.167360,1.167410,1.167280,1.167320,0
2025.12.04,10:47,1.167340,1.167360,1.167130,1.167200,0
2025.12.04,10:48,1.167190,1.167240,1.167090,1.167220,0
2025.12.04,10:49,1.167230,1.167360,1.167220,1.167220,0
2025.12.04,10:50,1.167210,1.167210,1.167050,1.167110,0
2025.12.04,10:51,1.167120,1.167130,1.166970,1.166970,0
2025.12.04,10:52,1.166970,1.167030,1.166890,1.166910,0
2025.12.04,10:53,1.166920,1.167040,1.166860,1.167030,0
2025.12.04,10:54,1.167030,1.167140,1.166980,1.167060,0
2025.12.04,10:55,1.167060,1.167180,1.167060,1.167110,0
2025.12.04,10:56,1.167110,1.167340,1.167100,1.167310,0
2025.12.04,10:57,1.167300,1.167450,1.167220,1.167430,0
2025.12.04,10:58,1.167430,1.167460,1.167280,1.167300,0
2025.12.04,10:59,1.167300,1.167360,1.167280,1.167310,0
2025.12.04,11:00,1.167310,1.167340,1.167270,1.167280,0
2025.12.04,11:01,1.167280,1.167340,1.167200,1.167260,0
2025.12.04,11:02,1.167280,1.167290,1.167140,1.167170,0
2025.12.04,11:03,1.167190,1.167220,1.167030,1.167100,0
2025.12.04,11:04,1.167090,1.167090,1.166850,1.166860,0
2025.12.04,11:05,1.166860,1.166860,1.166660,1.166690,0
2025.12.04,11:06,1.166690,1.166820,1.166640,1.166770,0
2025.12.04,11:07,1.166780,1.166800,1.166650,1.166680,0
2025.12.04,11:08,1.166690,1.166840,1.166690,1.166750,0
2025.12.04,11:09,1.166770,1.166860,1.166700,1.166850,0
2025.12.04,11:10,1.166850,1.166880,1.166750,1.166750,0
2025.12.04,11:11,1.166770,1.166820,1.166690,1.166740,0
2025.12.04,11:12,1.166730,1.166750,1.166560,1.166580,0
2025.12.04,11:13,1.166540,1.166580,1.166480,1.166530,0
2025.12.04,11:14,1.166540,1.166550,1.166490,1.166490,0
2025.12.04,11:15,1.166480,1.166540,1.166430,1.166480,0
2025.12.04,11:16,1.166490,1.166550,1.166400,1.166420,0
2025.12.04,11:17,1.166420,1.166480,1.166400,1.166430,0
2025.12.04,11:18,1.166430,1.166480,1.166390,1.166450,0
2025.12.04,11:19,1.166460,1.166480,1.166400,1.166400,0
2025.12.04,11:20,1.166410,1.166420,1.166250,1.166270,0
2025.12.04,11:21,1.166270,1.166420,1.166270,1.166300,0
2025.12.04,11:22,1.166300,1.166350,1.166250,1.166280,0
2025.12.04,11:23,1.166270,1.166350,1.166250,1.166350,0
2025.12.04,11:24,1.166350,1.166380,1.166150,1.166170,0
2025.12.04,11:25,1.166180,1.166180,1.166030,1.166100,0
2025.12.04,11:26,1.166100,1.166100,1.165990,1.166060,0
2025.12.04,11:27,1.166060,1.166070,1.166010,1.166050,0
2025.12.04,11:28,1.166050,1.166060,1.165860,1.165880,0
2025.12.04,11:29,1.165870,1.165890,1.165760,1.165800,0
2025.12.04,11:30,1.165790,1.165810,1.165550,1.165610,0
2025.12.04,11:31,1.165600,1.165600,1.165480,1.165570,0
2025.12.04,11:32,1.165580,1.165770,1.165550,1.165660,0
2025.12.04,11:33,1.165670,1.165750,1.165640,1.165700,0
2025.12.04,11:34,1.165710,1.165820,1.165710,1.165820,0
2025.12.04,11:35,1.165820,1.165820,1.165640,1.165650,0
2025.12.04,11:36,1.165660,1.165710,1.165480,1.165540,0
2025.12.04,11:37,1.165530,1.165540,1.165360,1.165520,0
2025.12.04,11:38,1.165510,1.165560,1.165430,1.165470,0
2025.12.04,11:39,1.165500,1.165530,1.165450,1.165520,0
2025.12.04,11:40,1.165520,1.165520,1.165370,1.165460,0
2025.12.04,11:41,1.165430,1.165470,1.165350,1.165440,0
2025.12.04,11:42,1.165450,1.165470,1.165340,1.165470,0
2025.12.04,11:43,1.165490,1.165550,1.165430,1.165510,0
2025.12.04,11:44,1.165530,1.165530,1.165440,1.165490,0
2025.12.04,11:45,1.165510,1.165570,1.165460,1.165520,0
2025.12.04,11:46,1.165530,1.165750,1.165510,1.165730,0
2025.12.04,11:47,1.165740,1.165890,1.165740,1.165810,0
2025.12.04,11:48,1.165830,1.165830,1.165650,1.165730,0
2025.12.04,11:49,1.165750,1.165780,1.165640,1.165670,0
2025.12.04,11:50,1.165660,1.165720,1.165660,1.165710,0
2025.12.04,11:51,1.165730,1.165750,1.165630,1.165750,0
2025.12.04,11:52,1.165760,1.165850,1.165710,1.165830,0
2025.12.04,11:53,1.165830,1.165840,1.165740,1.165740,0
2025.12.04,11:54,1.165740,1.165760,1.165710,1.165720,0
2025.12.04,11:55,1.165710,1.165810,1.165710,1.165780,0
2025.12.04,11:56,1.165770,1.165890,1.165760,1.165870,0
2025.12.04,11:57,1.165870,1.165890,1.165790,1.165860,0
2025.12.04,11:58,1.165860,1.165940,1.165860,1.165920,0
2025.12.04,11:59,1.165900,1.165910,1.165850,1.165870,0
2025.12.04,12:00,1.165870,1.165970,1.165840,1.165930,0
2025.12.04,12:01,1.165940,1.165960,1.165870,1.165910,0
2025.12.04,12:02,1.165910,1.165920,1.165850,1.165870,0
2025.12.04,12:03,1.165850,1.165940,1.165850,1.165880,0
2025.12.04,12:04,1.165870,1.165880,1.165750,1.165760,0
2025.12.04,12:05,1.165780,1.165890,1.165760,1.165870,0
2025.12.04,12:06,1.165890,1.165930,1.165880,1.165910,0
2025.12.04,12:07,1.165910,1.165920,1.165860,1.165880,0
2025.12.04,12:08,1.165880,1.165920,1.165840,1.165850,0
2025.12.04,12:09,1.165840,1.165840,1.165690,1.165730,0
2025.12.04,12:10,1.165730,1.165750,1.165610,1.165730,0
2025.12.04,12:11,1.165730,1.165750,1.165690,1.165740,0
2025.12.04,12:12,1.165730,1.165750,1.165560,1.165560,0
2025.12.04,12:13,1.165580,1.165580,1.165530,1.165540,0
2025.12.04,12:14,1.165540,1.165550,1.165490,1.165540,0
2025.12.04,12:15,1.165530,1.165630,1.165520,1.165570,0
2025.12.04,12:16,1.165580,1.165580,1.165470,1.165510,0
2025.12.04,12:17,1.165520,1.165580,1.165460,1.165530,0
2025.12.04,12:18,1.165540,1.165680,1.165530,1.165660,0
2025.12.04,12:19,1.165670,1.165720,1.165600,1.165650,0
2025.12.04,12:20,1.165670,1.165780,1.165570,1.165590,0
2025.12.04,12:21,1.165600,1.165670,1.165600,1.165660,0
2025.12.04,12:22,1.165660,1.165680,1.165640,1.165680,0
2025.12.04,12:23,1.165670,1.165690,1.165510,1.165530,0
2025.12.04,12:24,1.165540,1.165540,1.165500,1.165530,0
2025.12.04,12:25,1.165550,1.165640,1.165530,1.165630,0
2025.12.04,12:26,1.165630,1.165800,1.165630,1.165770,0
2025.12.04,12:27,1.165750,1.165750,1.165670,1.165670,0
2025.12.04,12:28,1.165670,1.165680,1.165630,1.165680,0
2025.12.04,12:29,1.165680,1.165680,1.165540,1.165560,0
2025.12.04,12:30,1.165540,1.165550,1.165400,1.165410,0
2025.12.04,12:31,1.165420,1.165470,1.165410,1.165430,0
2025.12.04,12:32,1.165440,1.165440,1.165350,1.165370,0
2025.12.04,12:33,1.165350,1.165440,1.165350,1.165430,0
2025.12.04,12:34,1.165420,1.165440,1.165290,1.165310,0
2025.12.04,12:35,1.165310,1.165370,1.165290,1.165350,0
2025.12.04,12:36,1.165340,1.165410,1.165310,1.165330,0
2025.12.04,12:37,1.165330,1.165460,1.165330,1.165380,0
2025.12.04,12:38,1.165400,1.165550,1.165370,1.165550,0
2025.12.04,12:39,1.165540,1.165550,1.165510,1.165530,0
2025.12.04,12:40,1.165540,1.165600,1.165520,1.165600,0
2025.12.04,12:41,1.165590,1.165620,1.165550,1.165610,0
2025.12.04,12:42,1.165600,1.165670,1.165570,1.165640,0
2025.12.04,12:43,1.165620,1.165630,1.165530,1.165530,0
2025.12.04,12:44,1.165550,1.165570,1.165500,1.165500,0
2025.12.04,12:45,1.165490,1.165500,1.165450,1.165460,0
2025.12.04,12:46,1.165450,1.165540,1.165450,1.165500,0
2025.12.04,12:47,1.165500,1.165580,1.165500,1.165580,0
2025.12.04,12:48,1.165610,1.165640,1.165570,1.165640,0
2025.12.04,12:49,1.165620,1.165680,1.165610,1.165680,0
2025.12.04,12:50,1.165670,1.165710,1.165640,1.165690,0
2025.12.04,12:51,1.165680,1.165680,1.165600,1.165620,0
2025.12.04,12:52,1.165610,1.165640,1.165600,1.165620,0
2025.12.04,12:53,1.165620,1.165640,1.165620,1.165620,0
2025.12.04,12:54,1.165660,1.165710,1.165640,1.165670,0
2025.12.04,12:55,1.165670,1.165670,1.165610,1.165630,0
2025.12.04,12:56,1.165640,1.165680,1.165640,1.165670,0
2025.12.04,12:57,1.165680,1.165690,1.165580,1.165600,0
2025.12.04,12:58,1.165580,1.165640,1.165520,1.165640,0
2025.12.04,12:59,1.165660,1.165670,1.165590,1.165600,0
2025.12.04,13:00,1.165590,1.165670,1.165550,1.165560,0
2025.12.04,13:01,1.165590,1.165590,1.165500,1.165530,0
2025.12.04,13:02,1.165560,1.165590,1.165560,1.165570,0
2025.12.04,13:03,1.165560,1.165580,1.165490,1.165550,0
2025.12.04,13:04,1.165540,1.165700,1.165540,1.165620,0
2025.12.04,13:05,1.165600,1.165660,1.165590,1.165590,0
2025.12.04,13:06,1.165600,1.165640,1.165570,1.165630,0
2025.12.04,13:07,1.165640,1.165670,1.165530,1.165580,0
2025.12.04,13:08,1.165560,1.165570,1.165400,1.165410,0
2025.12.04,13:09,1.165400,1.165520,1.165360,1.165480,0
2025.12.04,13:10,1.165500,1.165600,1.165470,1.165570,0
2025.12.04,13:11,1.165570,1.165580,1.165510,1.165530,0
2025.12.04,13:12,1.165520,1.165660,1.165460,1.165630,0
2025.12.04,13:13,1.165660,1.165720,1.165620,1.165670,0
2025.12.04,13:14,1.165660,1.165680,1.165580,1.165680,0
2025.12.04,13:15,1.165670,1.165700,1.165630,1.165670,0
2025.12.04,13:16,1.165660,1.165710,1.165660,1.165690,0
2025.12.04,13:17,1.165710,1.165790,1.165710,1.165770,0
2025.12.04,13:18,1.165770,1.165840,1.165720,1.165810,0
2025.12.04,13:19,1.165790,1.165900,1.165780,1.165880,0
2025.12.04,13:20,1.165910,1.165920,1.165860,1.165870,0
2025.12.04,13:21,1.165890,1.165930,1.165870,1.165890,0
2025.12.04,13:22,1.165880,1.165910,1.165850,1.165880,0
2025.12.04,13:23,1.165880,1.165910,1.165870,1.165890,0
2025.12.04,13:24,1.165880,1.165930,1.165840,1.165930,0
2025.12.04,13:25,1.165930,1.165970,1.165870,1.165960,0
2025.12.04,13:26,1.165940,1.165960,1.165910,1.165910,0
2025.12.04,13:27,1.165900,1.165930,1.165810,1.165810,0
2025.12.04,13:28,1.165830,1.165830,1.165790,1.165790,0
2025.12.04,13:29,1.165810,1.165850,1.165810,1.165840,0
2025.12.04,13:30,1.165810,1.165880,1.165810,1.165860,0
2025.12.04,13:31,1.165850,1.165940,1.165850,1.165910,0
2025.12.04,13:32,1.165940,1.165940,1.165780,1.165790,0
2025.12.04,13:33,1.165810,1.165840,1.165770,1.165770,0
2025.12.04,13:34,1.165770,1.165780,1.165670,1.165680,0
2025.12.04,13:35,1.165660,1.165820,1.165630,1.165790,0
2025.12.04,13:36,1.165790,1.165830,1.165750,1.165810,0
2025.12.04,13:37,1.165800,1.165880,1.165800,1.165870,0
2025.12.04,13:38,1.165880,1.165890,1.165820,1.165880,0
2025.12.04,13:39,1.165890,1.165920,1.165870,1.165870,0
2025.12.04,13:40,1.165850,1.165850,1.165800,1.165810,0
2025.12.04,13:41,1.165850,1.165890,1.165820,1.165850,0
2025.12.04,13:42,1.165850,1.165930,1.165830,1.165930,0
2025.12.04,13:43,1.165920,1.165960,1.165850,1.165850,0
2025.12.04,13:44,1.165850,1.165910,1.165850,1.165910,0
2025.12.04,13:45,1.165910,1.165910,1.165830,1.165830,0
2025.12.04,13:46,1.165800,1.165810,1.165700,1.165700,0
2025.12.04,13:47,1.165700,1.165700,1.165620,1.165650,0
2025.12.04,13:48,1.165660,1.165660,1.165620,1.165660,0
2025.12.04,13:49,1.165650,1.165650,1.165600,1.165640,0
2025.12.04,13:50,1.165630,1.165650,1.165520,1.165520,0
2025.12.04,13:51,1.165520,1.165550,1.165470,1.165470,0
2025.12.04,13:52,1.165440,1.165480,1.165440,1.165480,0
2025.12.04,13:53,1.165460,1.165550,1.165430,1.165470,0
2025.12.04,13:54,1.165480,1.165500,1.165450,1.165500,0
2025.12.04,13:55,1.165490,1.165490,1.165390,1.165390,0
2025.12.04,13:56,1.165410,1.165430,1.165370,1.165420,0
2025.12.04,13:57,1.165440,1.165630,1.165440,1.165620,0
2025.12.04,13:58,1.165600,1.165600,1.165460,1.165490,0
2025.12.04,13:59,1.165470,1.165480,1.165380,1.165430,0
2025.12.04,14:00,1.165420,1.165470,1.165390,1.165420,0
2025.12.04,14:01,1.165420,1.165420,1.165350,1.165370,0
2025.12.04,14:02,1.165370,1.165490,1.165300,1.165470,0
2025.12.04,14:03,1.165480,1.165540,1.165470,1.165480,0
2025.12.04,14:04,1.165460,1.165550,1.165450,1.165450,0
2025.12.04,14:05,1.165430,1.165460,1.165390,1.165460,0
2025.12.04,14:06,1.165440,1.165510,1.165440,1.165490,0
2025.12.04,14:07,1.165490,1.165490,1.165150,1.165150,0
2025.12.04,14:08,1.165150,1.165190,1.165080,1.165150,0
2025.12.04,14:09,1.165150,1.165210,1.165150,1.165160,0
2025.12.04,14:10,1.165180,1.165180,1.165090,1.165110,0
2025.12.04,14:11,1.165100,1.165100,1.165030,1.165040,0
2025.12.04,14:12,1.165040,1.165140,1.165000,1.165110,0
2025.12.04,14:13,1.165120,1.165170,1.165100,1.165160,0
2025.12.04,14:14,1.165160,1.165170,1.165100,1.165110,0
2025.12.04,14:15,1.165110,1.165140,1.165090,1.165140,0
2025.12.04,14:16,1.165150,1.165200,1.165140,1.165200,0
2025.12.04,14:17,1.165190,1.165190,1.165120,1.165120,0
2025.12.04,14:18,1.165120,1.165180,1.165090,1.165100,0
2025.12.04,14:19,1.165080,1.165100,1.165070,1.165070,0
2025.12.04,14:20,1.165070,1.165120,1.165040,1.165120,0
2025.12.04,14:21,1.165130,1.165190,1.165070,1.165160,0
2025.12.04,14:22,1.165170,1.165200,1.165140,1.165190,0
2025.12.04,14:23,1.165170,1.165230,1.165160,1.165170,0
2025.12.04,14:24,1.165180,1.165190,1.165170,1.165180,0
2025.12.04,14:25,1.165190,1.165230,1.165170,1.165230,0
2025.12.04,14:26,1.165220,1.165290,1.165220,1.165290,0
2025.12.04,14:27,1.165280,1.165300,1.165250,1.165260,0
2025.12.04,14:28,1.165250,1.165250,1.165160,1.165240,0
2025.12.04,14:29,1.165250,1.165250,1.165200,1.165220,0
2025.12.04,14:30,1.165220,1.165270,1.165190,1.165270,0
2025.12.04,14:31,1.165270,1.165290,1.165250,1.165270,0
2025.12.04,14:32,1.165260,1.165290,1.165250,1.165260,0
2025.12.04,14:33,1.165280,1.165310,1.165260,1.165270,0
2025.12.04,14:34,1.165290,1.165350,1.165290,1.165340,0
2025.12.04,14:35,1.165360,1.165480,1.165360,1.165470,0
2025.12.04,14:36,1.165470,1.165480,1.165410,1.165430,0
2025.12.04,14:37,1.165430,1.165490,1.165430,1.165470,0
2025.12.04,14:38,1.165450,1.165450,1.165340,1.165360,0
2025.12.04,14:39,1.165340,1.165380,1.165340,1.165340,0
2025.12.04,14:40,1.165330,1.165340,1.165310,1.165320,0
2025.12.04,14:41,1.165310,1.165340,1.165290,1.165310,0
2025.12.04,14:42,1.165310,1.165330,1.165260,1.165280,0
2025.12.04,14:43,1.165280,1.165310,1.165260,1.165280,0
2025.12.04,14:44,1.165300,1.165400,1.165290,1.165390,0
2025.12.04,14:45,1.165400,1.165400,1.165320,1.165330,0
2025.12.04,14:46,1.165330,1.165330,1.165290,1.165320,0
2025.12.04,14:47,1.165350,1.165390,1.165340,1.165380,0
2025.12.04,14:48,1.165370,1.165390,1.165350,1.165360,0
2025.12.04,14:49,1.165340,1.165350,1.165260,1.165280,0
2025.12.04,14:50,1.165270,1.165310,1.165230,1.165270,0
2025.12.04,14:51,1.165280,1.165290,1.165220,1.165260,0
2025.12.04,14:52,1.165250,1.165280,1.165240,1.165270,0
2025.12.04,14:53,1.165280,1.165280,1.165220,1.165270,0
2025.12.04,14:54,1.165300,1.165320,1.165250,1.165250,0
2025.12.04,14:55,1.165270,1.165280,1.165240,1.165270,0
2025.12.04,14:56,1.165290,1.165290,1.165200,1.165230,0
2025.12.04,14:57,1.165230,1.165280,1.165170,1.165190,0
2025.12.04,14:58,1.165190,1.165240,1.165140,1.165230,0
2025.12.04,14:59,1.165220,1.165270,1.165220,1.165250,0
2025.12.04,15:00,1.165240,1.165240,1.165010,1.165010,0
2025.12.04,15:01,1.165010,1.165040,1.165000,1.165020,0
2025.12.04,15:02,1.165030,1.165080,1.165020,1.165040,0
2025.12.04,15:03,1.165040,1.165050,1.165010,1.165030,0
2025.12.04,15:04,1.165050,1.165070,1.165020,1.165060,0
2025.12.04,15:05,1.165040,1.165120,1.165030,1.165120,0
2025.12.04,15:06,1.165090,1.165130,1.165080,1.165100,0
2025.12.04,15:07,1.165090,1.165100,1.165070,1.165070,0
2025.12.04,15:08,1.165080,1.165100,1.165040,1.165040,0
2025.12.04,15:09,1.165060,1.165100,1.165060,1.165080,0
2025.12.04,15:10,1.165070,1.165080,1.164970,1.164970,0
2025.12.04,15:11,1.164970,1.165010,1.164970,1.164990,0
2025.12.04,15:12,1.164990,1.165080,1.164990,1.165070,0
2025.12.04,15:13,1.165080,1.165110,1.165050,1.165110,0
2025.12.04,15:14,1.165110,1.165110,1.165110,1.165110,0
2025.12.04,15:15,1.165100,1.165110,1.165080,1.165110,0
2025.12.04,15:16,1.165100,1.165130,1.165100,1.165110,0
2025.12.04,15:17,1.165100,1.165130,1.165080,1.165100,0
2025.12.04,15:18,1.165100,1.165100,1.164800,1.164860,0
2025.12.04,15:19,1.164850,1.164850,1.164670,1.164780,0
2025.12.04,15:20,1.164800,1.164830,1.164760,1.164830,0
2025.12.04,15:21,1.164830,1.164850,1.164740,1.164770,0
2025.12.04,15:22,1.164790,1.164880,1.164770,1.164880,0
2025.12.04,15:23,1.164870,1.164980,1.164850,1.164970,0
2025.12.04,15:24,1.164980,1.164980,1.164820,1.164850,0
2025.12.04,15:25,1.164850,1.164850,1.164770,1.164770,0
2025.12.04,15:26,1.164780,1.164850,1.164780,1.164830,0
2025.12.04,15:27,1.164800,1.164860,1.164780,1.164860,0
2025.12.04,15:28,1.164850,1.164870,1.164800,1.164800,0
2025.12.04,15:29,1.164800,1.164810,1.164750,1.164750,0
2025.12.04,15:30,1.164770,1.164810,1.164760,1.164780,0
2025.12.04,15:31,1.164770,1.164890,1.164770,1.164880,0
2025.12.04,15:32,1.164900,1.164930,1.164860,1.164870,0
2025.12.04,15:33,1.164880,1.164880,1.164860,1.164860,0
2025.12.04,15:34,1.164850,1.164850,1.164620,1.164670,0
2025.12.04,15:35,1.164680,1.164680,1.164540,1.164540,0
2025.12.04,15:36,1.164520,1.164520,1.164300,1.164310,0
2025.12.04,15:37,1.164330,1.164400,1.164230,1.164340,0
2025.12.04,15:38,1.164330,1.164360,1.164280,1.164310,0
2025.12.04,15:39,1.164310,1.164370,1.164310,1.164330,0
2025.12.04,15:40,1.164340,1.164420,1.164340,1.164420,0
2025.12.04,15:41,1.164410,1.164410,1.164330,1.164330,0
2025.12.04,15:42,1.164340,1.164350,1.164330,1.164350,0
2025.12.04,15:43,1.164360,1.164450,1.164320,1.164420,0
2025.12.04,15:44,1.164420,1.164460,1.164410,1.164450,0
2025.12.04,15:45,1.164450,1.164480,1.164420,1.164420,0
2025.12.04,15:46,1.164410,1.164440,1.164390,1.164420,0
2025.12.04,15:47,1.164430,1.164430,1.164310,1.164340,0
2025.12.04,15:48,1.164340,1.164390,1.164310,1.164310,0
2025.12.04,15:49,1.164300,1.164320,1.164220,1.164220,0
2025.12.04,15:50,1.164220,1.164340,1.164220,1.164320,0
2025.12.04,15:51,1.164330,1.164330,1.164160,1.164190,0
2025.12.04,15:52,1.164210,1.164270,1.164190,1.164190,0
2025.12.04,15:53,1.164210,1.164230,1.164150,1.164190,0
2025.12.04,15:54,1.164200,1.164260,1.164190,1.164190,0
2025.12.04,15:55,1.164190,1.164190,1.164110,1.164140,0
2025.12.04,15:56,1.164130,1.164300,1.164130,1.164220,0
2025.12.04,15:57,1.164240,1.164420,1.164220,1.164380,0
2025.12.04,15:58,1.164370,1.164390,1.164330,1.164390,0
2025.12.04,15:59,1.164370,1.164430,1.164350,1.164400,0
2025.12.04,16:00,1.164400,1.164420,1.164330,1.164350,0
2025.12.04,16:01,1.164340,1.164380,1.164310,1.164340,0
2025.12.04,16:02,1.164330,1.164360,1.164310,1.164320,0
2025.12.04,16:03,1.164310,1.164340,1.164290,1.164340,0
2025.12.04,16:04,1.164350,1.164350,1.164310,1.164310,0
2025.12.04,16:05,1.164320,1.164390,1.164310,1.164310,0
2025.12.04,16:06,1.164310,1.164390,1.164270,1.164370,0
2025.12.04,16:07,1.164370,1.164390,1.164350,1.164360,0
2025.12.04,16:08,1.164340,1.164410,1.164340,1.164390,0
2025.12.04,16:09,1.164430,1.164520,1.164430,1.164460,0
2025.12.04,16:10,1.164470,1.164470,1.164400,1.164400,0
2025.12.04,16:11,1.164400,1.164420,1.164370,1.164410,0
2025.12.04,16:12,1.164420,1.164420,1.164350,1.164350,0
2025.12.04,16:13,1.164360,1.164440,1.164330,1.164410,0
2025.12.04,16:14,1.164400,1.164400,1.164330,1.164350,0
2025.12.04,16:15,1.164350,1.164350,1.164320,1.164330,0
2025.12.04,16:16,1.164350,1.164350,1.164350,1.164350,0
2025.12.04,16:17,1.164380,1.164380,1.164200,1.164220,0
2025.12.04,16:18,1.164230,1.164230,1.164180,1.164180,0
2025.12.04,16:19,1.164180,1.164180,1.164180,1.164180,0
2025.12.04,16:20,1.164200,1.164200,1.164180,1.164190,0
2025.12.04,16:21,1.164210,1.164220,1.164190,1.164200,0
2025.12.04,16:22,1.164230,1.164230,1.164210,1.164210,0
2025.12.04,16:23,1.164200,1.164210,1.164090,1.164110,0
2025.12.04,16:24,1.164120,1.164150,1.164110,1.164150,0
2025.12.04,16:25,1.164170,1.164230,1.164170,1.164230,0
2025.12.04,16:26,1.164230,1.164250,1.164230,1.164240,0
2025.12.04,16:27,1.164230,1.164240,1.164220,1.164230,0
2025.12.04,16:28,1.164220,1.164300,1.164220,1.164280,0
2025.12.04,16:29,1.164300,1.164330,1.164280,1.164330,0
2025.12.04,16:30,1.164320,1.164320,1.164300,1.164310,0
2025.12.04,16:31,1.164320,1.164320,1.164270,1.164270,0
2025.12.04,16:32,1.164300,1.164300,1.164300,1.164300,0
2025.12.04,16:33,1.164320,1.164320,1.164320,1.164320,0
2025.12.04,16:35,1.164330,1.164360,1.164330,1.164360,0
2025.12.04,16:36,1.164400,1.164400,1.164350,1.164350,0
2025.12.04,16:37,1.164330,1.164350,1.164330,1.164340,0
2025.12.04,16:38,1.164350,1.164350,1.164340,1.164340,0
2025.12.04,16:39,1.164370,1.164380,1.164370,1.164370,0
2025.12.04,16:40,1.164360,1.164360,1.164360,1.164360,0
2025.12.04,16:41,1.164370,1.164410,1.164370,1.164410,0
2025.12.04,16:42,1.164440,1.164440,1.164410,1.164410,0
2025.12.04,16:43,1.164420,1.164420,1.164420,1.164420,0
2025.12.04,16:44,1.164420,1.164420,1.164400,1.164420,0
2025.12.04,16:45,1.164430,1.164490,1.164410,1.164470,0
2025.12.04,16:46,1.164470,1.164590,1.164470,1.164520,0
2025.12.04,16:47,1.164510,1.164520,1.164510,1.164510,0
2025.12.04,16:48,1.164510,1.164510,1.164490,1.164490,0
2025.12.04,16:49,1.164500,1.164510,1.164490,1.164500,0
2025.12.04,16:50,1.164490,1.164500,1.164470,1.164500,0
2025.12.04,16:51,1.164510,1.164510,1.164490,1.164510,0
2025.12.04,16:52,1.164510,1.164530,1.164500,1.164500,0
2025.12.04,16:53,1.164500,1.164520,1.164500,1.164510,0
2025.12.04,16:54,1.164500,1.164520,1.164500,1.164520,0
2025.12.04,16:55,1.164530,1.164530,1.164340,1.164380,0
2025.12.04,16:56,1.164380,1.164380,1.164320,1.164370,0
2025.12.04,16:57,1.164330,1.164460,1.164330,1.164390,0
2025.12.04,16:58,1.164380,1.164460,1.164340,1.164460,0
2025.12.04,16:59,1.164470,1.164470,1.164330,1.164400,0
2025.12.04,17:00,1.164390,1.164390,1.164140,1.164200,0
2025.12.04,17:01,1.164200,1.164230,1.164180,1.164230,0
2025.12.04,17:02,1.164230,1.164230,1.164230,1.164230,0
2025.12.04,17:03,1.164230,1.164230,1.164230,1.164230,0
2025.12.04,17:04,1.164230,1.164230,1.164230,1.164230,0
2025.12.04,17:05,1.164240,1.164260,1.164230,1.164260,0
2025.12.04,17:06,1.164270,1.164270,1.164260,1.164260,0
2025.12.04,17:07,1.164270,1.164280,1.164270,1.164280,0
2025.12.04,17:08,1.164280,1.164290,1.164260,1.164280,0
2025.12.04,17:09,1.164280,1.164320,1.164280,1.164320,0
2025.12.04,17:10,1.164330,1.164330,1.164310,1.164330,0
2025.12.04,17:11,1.164340,1.164360,1.164340,1.164340,0
2025.12.04,17:12,1.164260,1.164260,1.164260,1.164260,0
2025.12.04,17:13,1.164340,1.164370,1.164340,1.164340,0
2025.12.04,17:14,1.164320,1.164330,1.164300,1.164300,0
2025.12.04,17:15,1.164320,1.164330,1.164290,1.164330,0
2025.12.04,17:16,1.164320,1.164330,1.164280,1.164300,0
2025.12.04,17:17,1.164320,1.164360,1.164320,1.164360,0
2025.12.04,17:18,1.164340,1.164360,1.164320,1.164350,0
2025.12.04,17:19,1.164330,1.164330,1.164320,1.164320,0
2025.12.04,17:20,1.164280,1.164340,1.164280,1.164330,0
2025.12.04,17:21,1.164340,1.164340,1.164340,1.164340,0
2025.12.04,17:22,1.164310,1.164320,1.164300,1.164310,0
2025.12.04,17:23,1.164320,1.164340,1.164320,1.164340,0
2025.12.04,17:24,1.164350,1.164350,1.164300,1.164300,0
2025.12.04,17:25,1.164300,1.164350,1.164290,1.164350,0
2025.12.04,17:26,1.164330,1.164360,1.164330,1.164360,0
2025.12.04,17:27,1.164320,1.164360,1.164320,1.164350,0
2025.12.04,17:29,1.164270,1.164370,1.164270,1.164350,0
2025.12.04,17:30,1.164370,1.164380,1.164350,1.164370,0
2025.12.04,17:31,1.164330,1.164370,1.164320,1.164320,0
2025.12.04,17:32,1.164330,1.164330,1.164310,1.164320,0
2025.12.04,17:33,1.164350,1.164360,1.164340,1.164340,0
2025.12.04,17:34,1.164350,1.164370,1.164350,1.164370,0
2025.12.04,17:35,1.164270,1.164350,1.164270,1.164320,0
2025.12.04,17:36,1.164310,1.164330,1.164310,1.164330,0
2025.12.04,17:37,1.164330,1.164340,1.164320,1.164330,0
2025.12.04,17:38,1.164340,1.164340,1.164320,1.164320,0
2025.12.04,17:39,1.164330,1.164340,1.164320,1.164330,0
2025.12.04,17:40,1.164330,1.164340,1.164310,1.164330,0
2025.12.04,17:41,1.164340,1.164340,1.164290,1.164320,0
2025.12.04,17:42,1.164300,1.164360,1.164290,1.164360,0
2025.12.04,17:43,1.164340,1.164340,1.164300,1.164310,0
2025.12.04,17:44,1.164310,1.164350,1.164310,1.164350,0
2025.12.04,17:45,1.164410,1.164420,1.164400,1.164420,0
2025.12.04,17:46,1.164410,1.164420,1.164410,1.164420,0
2025.12.04,17:47,1.164330,1.164380,1.164320,1.164370,0
2025.12.04,17:48,1.164350,1.164360,1.164350,1.164360,0
2025.12.04,17:49,1.164330,1.164350,1.164330,1.164350,0
2025.12.04,17:50,1.164320,1.164340,1.164310,1.164310,0
2025.12.04,17:51,1.164350,1.164360,1.164340,1.164340,0
2025.12.04,17:52,1.164330,1.164340,1.164330,1.164340,0
2025.12.04,17:53,1.164350,1.164350,1.164330,1.164330,0
2025.12.04,17:54,1.164340,1.164340,1.164330,1.164340,0
2025.12.04,17:55,1.164340,1.164350,1.164330,1.164350,0
2025.12.04,17:56,1.164340,1.164360,1.164340,1.164360,0
2025.12.04,17:57,1.164330,1.164360,1.164330,1.164350,0
2025.12.04,17:58,1.164380,1.164380,1.164320,1.164350,0
2025.12.04,17:59,1.164350,1.164390,1.164300,1.164390,0
2025.12.04,18:00,1.164390,1.164470,1.164130,1.164200,0
2025.12.04,18:01,1.164240,1.164260,1.164170,1.164250,0
2025.12.04,18:02,1.164250,1.164310,1.164250,1.164310,0
2025.12.04,18:03,1.164290,1.164290,1.164230,1.164260,0
2025.12.04,18:04,1.164260,1.164280,1.164220,1.164240,0
2025.12.04,18:05,1.164220,1.164260,1.164220,1.164260,0
2025.12.04,18:06,1.164260,1.164290,1.164240,1.164290,0
2025.12.04,18:07,1.164310,1.164310,1.164290,1.164290,0
2025.12.04,18:08,1.164270,1.164270,1.164250,1.164250,0
2025.12.04,18:09,1.164200,1.164240,1.164200,1.164240,0
2025.12.04,18:10,1.164210,1.164230,1.164190,1.164200,0
2025.12.04,18:11,1.164190,1.164220,1.164190,1.164220,0
2025.12.04,18:12,1.164230,1.164230,1.164190,1.164230,0
2025.12.04,18:13,1.164210,1.164220,1.164190,1.164210,0
2025.12.04,18:14,1.164210,1.164210,1.164210,1.164210,0
2025.12.04,18:15,1.164250,1.164260,1.164230,1.164230,0
2025.12.04,18:16,1.164220,1.164230,1.164210,1.164210,0
2025.12.04,18:17,1.164230,1.164230,1.164230,1.164230,0
2025.12.04,18:18,1.164210,1.164210,1.164170,1.164190,0
2025.12.04,18:19,1.164180,1.164180,1.164170,1.164180,0
2025.12.04,18:20,1.164210,1.164210,1.164170,1.164190,0
2025.12.04,18:21,1.164180,1.164180,1.164170,1.164180,0
2025.12.04,18:22,1.164190,1.164190,1.164170,1.164170,0
2025.12.04,18:23,1.164180,1.164180,1.164180,1.164180,0
2025.12.04,18:24,1.164180,1.164190,1.164180,1.164190,0
2025.12.04,18:25,1.164180,1.164240,1.164180,1.164220,0
2025.12.04,18:26,1.164230,1.164240,1.164220,1.164230,0
2025.12.04,18:27,1.164220,1.164270,1.164220,1.164270,0
2025.12.04,18:28,1.164260,1.164300,1.164260,1.164270,0
2025.12.04,18:29,1.164270,1.164270,1.164230,1.164250,0
2025.12.04,18:30,1.164250,1.164250,1.164210,1.164210,0
2025.12.04,18:31,1.164220,1.164220,1.164180,1.164180,0
2025.12.04,18:32,1.164180,1.164190,1.164170,1.164180,0
2025.12.04,18:33,1.164170,1.164180,1.164090,1.164100,0
2025.12.04,18:34,1.164100,1.164120,1.164090,1.164120,0
2025.12.04,18:35,1.164150,1.164170,1.164130,1.164170,0
2025.12.04,18:36,1.164200,1.164230,1.164200,1.164230,0
2025.12.04,18:37,1.164220,1.164230,1.164210,1.164220,0
2025.12.04,18:38,1.164240,1.164250,1.164240,1.164240,0
2025.12.04,18:39,1.164240,1.164240,1.164200,1.164230,0
2025.12.04,18:40,1.164230,1.164230,1.164180,1.164190,0
2025.12.04,18:41,1.164190,1.164190,1.164170,1.164170,0
2025.12.04,18:43,1.164190,1.164190,1.164190,1.164190,0
2025.12.04,18:44,1.164200,1.164200,1.164180,1.164190,0
2025.12.04,18:45,1.164180,1.164280,1.164180,1.164190,0
2025.12.04,18:46,1.164170,1.164170,1.164150,1.164150,0
2025.12.04,18:47,1.164140,1.164140,1.164140,1.164140,0
2025.12.04,18:48,1.164140,1.164150,1.164130,1.164130,0
2025.12.04,18:49,1.164130,1.164200,1.164130,1.164160,0
2025.12.04,18:50,1.164150,1.164190,1.164150,1.164170,0
2025.12.04,18:51,1.164170,1.164170,1.164170,1.164170,0
2025.12.04,18:52,1.164180,1.164210,1.164160,1.164210,0
2025.12.04,18:53,1.164200,1.164200,1.164150,1.164160,0
2025.12.04,18:54,1.164170,1.164170,1.164130,1.164130,0
2025.12.04,18:55,1.164140,1.164190,1.164140,1.164160,0
2025.12.04,18:56,1.164160,1.164180,1.164120,1.164170,0
2025.12.04,18:57,1.164170,1.164230,1.164160,1.164230,0
2025.12.04,18:58,1.164240,1.164270,1.164240,1.164270,0
2025.12.04,18:59,1.164270,1.164320,1.164270,1.164310,0
2025.12.04,19:00,1.164330,1.164490,1.164330,1.164440,0
2025.12.04,19:01,1.164450,1.164520,1.164390,1.164510,0
2025.12.04,19:02,1.164490,1.164530,1.164460,1.164490,0
2025.12.04,19:03,1.164480,1.164580,1.164480,1.164530,0
2025.12.04,19:04,1.164530,1.164530,1.164450,1.164450,0
2025.12.04,19:05,1.164440,1.164480,1.164410,1.164460,0
2025.12.04,19:06,1.164460,1.164470,1.164400,1.164460,0
2025.12.04,19:07,1.164450,1.164450,1.164380,1.164410,0
2025.12.04,19:08,1.164410,1.164420,1.164390,1.164390,0
2025.12.04,19:09,1.164410,1.164660,1.164410,1.164620,0
2025.12.04,19:10,1.164610,1.164650,1.164590,1.164640,0
2025.12.04,19:11,1.164650,1.164650,1.164650,1.164650,0
2025.12.04,19:12,1.164630,1.164640,1.164630,1.164640,0
2025.12.04,19:13,1.164660,1.164660,1.164650,1.164660,0
2025.12.04,19:14,1.164650,1.164700,1.164620,1.164700,0
2025.12.04,19:15,1.164690,1.164720,1.164640,1.164700,0
2025.12.04,19:16,1.164720,1.164750,1.164690,1.164750,0
2025.12.04,19:17,1.164740,1.164740,1.164680,1.164700,0
2025.12.04,19:18,1.164700,1.164700,1.164700,1.164700,0
2025.12.04,19:19,1.164680,1.164740,1.164600,1.164740,0
2025.12.04,19:20,1.164740,1.164740,1.164740,1.164740,0
2025.12.04,19:21,1.164740,1.164750,1.164730,1.164750,0
2025.12.04,19:22,1.164750,1.164790,1.164730,1.164730,0
2025.12.04,19:23,1.164750,1.164750,1.164730,1.164750,0
2025.12.04,19:24,1.164750,1.164760,1.164740,1.164760,0
2025.12.04,19:25,1.164770,1.164780,1.164730,1.164770,0
2025.12.04,19:26,1.164780,1.164780,1.164760,1.164770,0
2025.12.04,19:27,1.164770,1.164780,1.164740,1.164750,0
2025.12.04,19:28,1.164780,1.164830,1.164780,1.164820,0
2025.12.04,19:29,1.164820,1.164830,1.164760,1.164770,0
2025.12.04,19:30,1.164760,1.164800,1.164680,1.164770,0
2025.12.04,19:31,1.164780,1.164910,1.164780,1.164910,0
2025.12.04,19:32,1.164890,1.164910,1.164880,1.164910,0
2025.12.04,19:33,1.164900,1.164930,1.164840,1.164840,0
2025.12.04,19:34,1.164830,1.164830,1.164740,1.164760,0
2025.12.04,19:35,1.164770,1.164790,1.164750,1.164760,0
2025.12.04,19:36,1.164760,1.164770,1.164750,1.164760,0
2025.12.04,19:37,1.164800,1.164850,1.164790,1.164850,0
2025.12.04,19:38,1.164840,1.164850,1.164830,1.164840,0
2025.12.04,19:39,1.164850,1.164850,1.164770,1.164800,0
2025.12.04,19:40,1.164780,1.164810,1.164780,1.164800,0
2025.12.04,19:41,1.164810,1.164850,1.164790,1.164810,0
2025.12.04,19:42,1.164800,1.164880,1.164800,1.164880,0
2025.12.04,19:43,1.164870,1.164870,1.164790,1.164790,0
2025.12.04,19:44,1.164770,1.164790,1.164760,1.164790,0
2025.12.04,19:45,1.164810,1.164830,1.164780,1.164790,0
2025.12.04,19:46,1.164790,1.164800,1.164750,1.164760,0
2025.12.04,19:47,1.164760,1.164840,1.164760,1.164790,0
2025.12.04,19:48,1.164770,1.164840,1.164750,1.164840,0
2025.12.04,19:49,1.164840,1.164840,1.164770,1.164800,0
2025.12.04,19:50,1.164790,1.164860,1.164790,1.164860,0
2025.12.04,19:51,1.164870,1.164880,1.164820,1.164830,0
2025.12.04,19:52,1.164830,1.164840,1.164770,1.164800,0
2025.12.04,19:53,1.164810,1.164920,1.164800,1.164900,0
2025.12.04,19:54,1.164910,1.164910,1.164810,1.164900,0
2025.12.04,19:55,1.164890,1.164920,1.164800,1.164800,0
2025.12.04,19:56,1.164800,1.164900,1.164780,1.164820,0
2025.12.04,19:57,1.164810,1.164890,1.164800,1.164880,0
2025.12.04,19:58,1.164870,1.164990,1.164870,1.164980,0
2025.12.04,19:59,1.164980,1.165020,1.164950,1.164970,0
2025.12.04,20:00,1.164980,1.165120,1.164980,1.165070,0
2025.12.04,20:01,1.165070,1.165150,1.165040,1.165150,0
2025.12.04,20:02,1.165160,1.165220,1.165120,1.165150,0
2025.12.04,20:03,1.165160,1.165190,1.165130,1.165150,0
2025.12.04,20:04,1.165130,1.165170,1.165120,1.165130,0
2025.12.04,20:05,1.165140,1.165170,1.165130,1.165140,0
2025.12.04,20:06,1.165140,1.165140,1.165010,1.165040,0
2025.12.04,20:07,1.165040,1.165040,1.164990,1.164990,0
2025.12.04,20:08,1.165010,1.165140,1.165000,1.165090,0
2025.12.04,20:09,1.165100,1.165150,1.165090,1.165150,0
2025.12.04,20:10,1.165140,1.165180,1.165110,1.165180,0
2025.12.04,20:11,1.165180,1.165200,1.165120,1.165170,0
2025.12.04,20:12,1.165170,1.165270,1.165170,1.165270,0
2025.12.04,20:13,1.165280,1.165280,1.165230,1.165260,0
2025.12.04,20:14,1.165250,1.165250,1.165210,1.165210,0
2025.12.04,20:15,1.165210,1.165220,1.165130,1.165140,0
2025.12.04,20:16,1.165130,1.165200,1.165130,1.165180,0
2025.12.04,20:17,1.165200,1.165200,1.165160,1.165170,0
2025.12.04,20:18,1.165170,1.165200,1.165170,1.165180,0
2025.12.04,20:19,1.165180,1.165180,1.165130,1.165130,0
2025.12.04,20:20,1.165120,1.165150,1.165110,1.165130,0
2025.12.04,20:21,1.165120,1.165170,1.165070,1.165170,0
2025.12.04,20:22,1.165170,1.165220,1.165140,1.165180,0
2025.12.04,20:23,1.165200,1.165230,1.165190,1.165190,0
2025.12.04,20:24,1.165180,1.165230,1.165170,1.165200,0
2025.12.04,20:25,1.165200,1.165230,1.165180,1.165200,0
2025.12.04,20:26,1.165190,1.165190,1.165040,1.165050,0
2025.12.04,20:27,1.165050,1.165060,1.165000,1.165000,0
2025.12.04,20:28,1.165000,1.165010,1.164950,1.165000,0
2025.12.04,20:29,1.164980,1.165000,1.164960,1.165000,0
2025.12.04,20:30,1.164990,1.165130,1.164990,1.165100,0
2025.12.04,20:31,1.165110,1.165190,1.165090,1.165190,0
2025.12.04,20:32,1.165170,1.165230,1.165120,1.165120,0
2025.12.04,20:33,1.165130,1.165220,1.165120,1.165190,0
2025.12.04,20:34,1.165200,1.165220,1.165170,1.165190,0
2025.12.04,20:35,1.165210,1.165230,1.165170,1.165210,0
2025.12.04,20:36,1.165200,1.165230,1.165180,1.165200,0
2025.12.04,20:37,1.165210,1.165210,1.165160,1.165180,0
2025.12.04,20:38,1.165190,1.165220,1.165170,1.165170,0
2025.12.04,20:39,1.165160,1.165180,1.165120,1.165170,0
2025.12.04,20:40,1.165180,1.165300,1.165160,1.165300,0
2025.12.04,20:41,1.165320,1.165320,1.165270,1.165320,0
2025.12.04,20:42,1.165310,1.165310,1.165220,1.165230,0
2025.12.04,20:43,1.165230,1.165280,1.165220,1.165260,0
2025.12.04,20:44,1.165280,1.165290,1.165250,1.165250,0
2025.12.04,20:45,1.165240,1.165320,1.165240,1.165300,0
2025.12.04,20:46,1.165290,1.165310,1.165250,1.165290,0
2025.12.04,20:47,1.165320,1.165370,1.165310,1.165310,0
2025.12.04,20:48,1.165300,1.165340,1.165300,1.165300,0
2025.12.04,20:49,1.165320,1.165320,1.165240,1.165260,0
2025.12.04,20:50,1.165260,1.165260,1.165210,1.165230,0
2025.12.04,20:51,1.165240,1.165310,1.165240,1.165280,0
2025.12.04,20:52,1.165270,1.165310,1.165240,1.165310,0
2025.12.04,20:53,1.165300,1.165300,1.165180,1.165210,0
2025.12.04,20:54,1.165200,1.165200,1.165180,1.165180,0
2025.12.04,20:55,1.165190,1.165220,1.165110,1.165130,0
2025.12.04,20:56,1.165130,1.165190,1.165120,1.165120,0
2025.12.04,20:57,1.165130,1.165220,1.165120,1.165150,0
2025.12.04,20:58,1.165170,1.165220,1.165110,1.165200,0
2025.12.04,20:59,1.165200,1.165350,1.165170,1.165340,0
2025.12.04,21:00,1.165340,1.165430,1.165330,1.165420,0
2025.12.04,21:01,1.165410,1.165430,1.165370,1.165400,0
2025.12.04,21:02,1.165410,1.165410,1.165270,1.165270,0
2025.12.04,21:03,1.165280,1.165290,1.165250,1.165270,0
2025.12.04,21:04,1.165250,1.165250,1.165220,1.165240,0
2025.12.04,21:05,1.165220,1.165220,1.165130,1.165190,0
2025.12.04,21:06,1.165220,1.165250,1.165160,1.165160,0
2025.12.04,21:07,1.165150,1.165170,1.165120,1.165140,0
2025.12.04,21:08,1.165150,1.165310,1.165150,1.165280,0
2025.12.04,21:09,1.165310,1.165310,1.165250,1.165260,0
2025.12.04,21:10,1.165260,1.165260,1.165240,1.165240,0
2025.12.04,21:11,1.165260,1.165260,1.165200,1.165220,0
2025.12.04,21:12,1.165230,1.165250,1.165200,1.165220,0
2025.12.04,21:13,1.165220,1.165220,1.165190,1.165200,0
2025.12.04,21:14,1.165230,1.165280,1.165200,1.165220,0
2025.12.04,21:15,1.165220,1.165240,1.165210,1.165240,0
2025.12.04,21:16,1.165240,1.165300,1.165180,1.165200,0
2025.12.04,21:17,1.165220,1.165230,1.165160,1.165180,0
2025.12.04,21:18,1.165220,1.165260,1.165210,1.165240,0
2025.12.04,21:19,1.165270,1.165290,1.165200,1.165210,0
2025.12.04,21:20,1.165220,1.165250,1.165210,1.165230,0
2025.12.04,21:21,1.165240,1.165240,1.165180,1.165200,0
2025.12.04,21:22,1.165190,1.165200,1.165160,1.165160,0
2025.12.04,21:23,1.165170,1.165190,1.165160,1.165170,0
2025.12.04,21:24,1.165190,1.165200,1.165170,1.165190,0
2025.12.04,21:25,1.165190,1.165200,1.165110,1.165140,0
2025.12.04,21:26,1.165150,1.165190,1.165150,1.165190,0
2025.12.04,21:27,1.165200,1.165210,1.165160,1.165180,0
2025.12.04,21:28,1.165180,1.165190,1.165100,1.165120,0
2025.12.04,21:29,1.165120,1.165180,1.165110,1.165180,0
2025.12.04,21:30,1.165180,1.165250,1.165180,1.165250,0
2025.12.04,21:31,1.165240,1.165270,1.165230,1.165270,0
2025.12.04,21:32,1.165270,1.165320,1.165230,1.165280,0
2025.12.04,21:33,1.165280,1.165310,1.165280,1.165300,0
2025.12.04,21:34,1.165290,1.165300,1.165260,1.165270,0
2025.12.04,21:35,1.165260,1.165260,1.165240,1.165240,0
2025.12.04,21:36,1.165250,1.165270,1.165230,1.165250,0
2025.12.04,21:37,1.165260,1.165290,1.165230,1.165280,0
2025.12.04,21:38,1.165270,1.165290,1.165260,1.165290,0
2025.12.04,21:39,1.165290,1.165320,1.165240,1.165260,0
2025.12.04,21:40,1.165260,1.165290,1.165240,1.165280,0
2025.12.04,21:41,1.165300,1.165340,1.165220,1.165230,0
2025.12.04,21:42,1.165230,1.165230,1.165150,1.165150,0
2025.12.04,21:43,1.165170,1.165200,1.165170,1.165180,0
2025.12.04,21:44,1.165170,1.165190,1.165160,1.165160,0
2025.12.04,21:45,1.165180,1.165230,1.165180,1.165220,0
2025.12.04,21:46,1.165230,1.165290,1.165230,1.165290,0
2025.12.04,21:47,1.165290,1.165320,1.165270,1.165320,0
2025.12.04,21:48,1.165300,1.165300,1.165270,1.165280,0
2025.12.04,21:49,1.165280,1.165340,1.165270,1.165270,0
2025.12.04,21:50,1.165290,1.165310,1.165260,1.165310,0
2025.12.04,21:51,1.165330,1.165340,1.165300,1.165340,0
2025.12.04,21:52,1.165330,1.165370,1.165330,1.165360,0
2025.12.04,21:53,1.165370,1.165370,1.165300,1.165320,0
2025.12.04,21:54,1.165320,1.165320,1.165300,1.165310,0
2025.12.04,21:55,1.165300,1.165300,1.165270,1.165280,0
2025.12.04,21:56,1.165280,1.165330,1.165240,1.165260,0
2025.12.04,21:57,1.165230,1.165230,1.165200,1.165210,0
2025.12.04,21:58,1.165230,1.165240,1.165170,1.165180,0
2025.12.04,21:59,1.165200,1.165220,1.165170,1.165170,0
2025.12.04,22:00,1.165160,1.165160,1.165130,1.165130,0
2025.12.04,22:01,1.165120,1.165120,1.165050,1.165050,0
2025.12.04,22:02,1.165040,1.165140,1.165020,1.165130,0
2025.12.04,22:03,1.165130,1.165130,1.165090,1.165090,0
2025.12.04,22:04,1.165070,1.165140,1.165060,1.165120,0
2025.12.04,22:05,1.165110,1.165110,1.165070,1.165070,0
2025.12.04,22:06,1.165090,1.165090,1.165070,1.165080,0
2025.12.04,22:07,1.165090,1.165090,1.165030,1.165040,0
2025.12.04,22:08,1.165030,1.165040,1.165030,1.165040,0
2025.12.04,22:09,1.165040,1.165050,1.164990,1.165000,0
2025.12.04,22:10,1.165010,1.165020,1.164980,1.164980,0
2025.12.04,22:11,1.164980,1.165020,1.164970,1.165000,0
2025.12.04,22:12,1.164980,1.165020,1.164980,1.165020,0
2025.12.04,22:13,1.165030,1.165070,1.165030,1.165060,0
2025.12.04,22:14,1.165070,1.165070,1.165050,1.165050,0
2025.12.04,22:15,1.165040,1.165070,1.165040,1.165040,0
2025.12.04,22:16,1.165040,1.165040,1.165030,1.165030,0
2025.12.04,22:17,1.165040,1.165040,1.165040,1.165040,0
2025.12.04,22:18,1.165060,1.165060,1.165030,1.165050,0
2025.12.04,22:19,1.165040,1.165040,1.165030,1.165030,0
2025.12.04,22:20,1.165050,1.165060,1.165030,1.165040,0
2025.12.04,22:21,1.165030,1.165030,1.165030,1.165030,0
2025.12.04,22:22,1.165010,1.165010,1.164970,1.164970,0
2025.12.04,22:23,1.164980,1.165030,1.164980,1.165030,0
2025.12.04,22:24,1.165040,1.165040,1.165030,1.165030,0
2025.12.04,22:25,1.165040,1.165040,1.165000,1.165030,0
2025.12.04,22:26,1.165010,1.165030,1.164910,1.164910,0
2025.12.04,22:27,1.164910,1.164910,1.164850,1.164850,0
2025.12.04,22:28,1.164860,1.164860,1.164800,1.164800,0
2025.12.04,22:29,1.164830,1.164850,1.164780,1.164780,0
2025.12.04,22:30,1.164790,1.164790,1.164660,1.164680,0
2025.12.04,22:31,1.164720,1.164780,1.164720,1.164740,0
2025.12.04,22:32,1.164740,1.164750,1.164720,1.164750,0
2025.12.04,22:33,1.164730,1.164770,1.164730,1.164730,0
2025.12.04,22:34,1.164760,1.164790,1.164660,1.164670,0
2025.12.04,22:35,1.164680,1.164690,1.164660,1.164660,0
2025.12.04,22:36,1.164670,1.164670,1.164620,1.164640,0
2025.12.04,22:37,1.164630,1.164650,1.164620,1.164630,0
2025.12.04,22:38,1.164630,1.164690,1.164630,1.164660,0
2025.12.04,22:39,1.164680,1.164760,1.164670,1.164750,0
2025.12.04,22:40,1.164760,1.164770,1.164750,1.164770,0
2025.12.04,22:41,1.164770,1.164780,1.164760,1.164770,0
2025.12.04,22:42,1.164770,1.164770,1.164760,1.164760,0
2025.12.04,22:43,1.164750,1.164770,1.164750,1.164770,0
2025.12.04,22:44,1.164770,1.164770,1.164700,1.164710,0
2025.12.04,22:45,1.164710,1.164830,1.164710,1.164820,0
2025.12.04,22:46,1.164820,1.164880,1.164820,1.164870,0
2025.12.04,22:47,1.164870,1.164920,1.164870,1.164920,0
2025.12.04,22:48,1.164920,1.164930,1.164920,1.164920,0
2025.12.04,22:49,1.164930,1.164930,1.164850,1.164860,0
2025.12.04,22:50,1.164870,1.164880,1.164860,1.164870,0
2025.12.04,22:51,1.164910,1.164940,1.164910,1.164930,0
2025.12.04,22:52,1.164960,1.164960,1.164930,1.164940,0
2025.12.04,22:53,1.164950,1.164950,1.164900,1.164920,0
2025.12.04,22:54,1.164900,1.164940,1.164840,1.164840,0
2025.12.04,22:55,1.164830,1.164830,1.164830,1.164830,0
2025.12.04,22:56,1.164840,1.164840,1.164810,1.164810,0
2025.12.04,22:57,1.164810,1.164890,1.164810,1.164890,0
2025.12.04,22:58,1.164880,1.164900,1.164850,1.164880,0
2025.12.04,22:59,1.164880,1.164890,1.164870,1.164890,0
2025.12.04,23:00,1.164890,1.164920,1.164860,1.164910,0
2025.12.04,23:01,1.164920,1.164980,1.164920,1.164960,0
2025.12.04,23:02,1.164960,1.165000,1.164960,1.164990,0
2025.12.04,23:03,1.164980,1.165040,1.164970,1.165020,0
2025.12.04,23:04,1.165030,1.165080,1.165020,1.165070,0
2025.12.04,23:05,1.165080,1.165120,1.165070,1.165120,0
2025.12.04,23:06,1.165120,1.165130,1.165110,1.165130,0
2025.12.04,23:07,1.165140,1.165150,1.165030,1.165040,0
2025.12.04,23:08,1.165050,1.165060,1.165050,1.165060,0
2025.12.04,23:09,1.165070,1.165150,1.165070,1.165150,0
2025.12.04,23:10,1.165150,1.165170,1.165130,1.165150,0
2025.12.04,23:11,1.165150,1.165150,1.165130,1.165130,0
2025.12.04,23:12,1.165150,1.165210,1.165150,1.165170,0
2025.12.04,23:13,1.165170,1.165180,1.165150,1.165160,0
2025.12.04,23:14,1.165160,1.165210,1.165160,1.165180,0
2025.12.04,23:15,1.165180,1.165190,1.165170,1.165180,0
2025.12.04,23:16,1.165190,1.165190,1.165150,1.165150,0
2025.12.04,23:17,1.165150,1.165200,1.165150,1.165170,0
2025.12.04,23:18,1.165160,1.165170,1.165130,1.165130,0
2025.12.04,23:19,1.165130,1.165130,1.165070,1.165070,0
2025.12.04,23:20,1.165090,1.165120,1.165090,1.165100,0
2025.12.04,23:21,1.165100,1.165110,1.165070,1.165090,0
2025.12.04,23:22,1.165090,1.165090,1.165070,1.165080,0
2025.12.04,23:23,1.165080,1.165100,1.165070,1.165080,0
2025.12.04,23:24,1.165090,1.165090,1.164990,1.164990,0
2025.12.04,23:25,1.164990,1.165020,1.164990,1.165020,0
2025.12.04,23:26,1.165020,1.165020,1.165010,1.165020,0
2025.12.04,23:27,1.165010,1.165350,1.165010,1.165270,0
2025.12.04,23:28,1.165260,1.165400,1.165240,1.165240,0
2025.12.04,23:29,1.165230,1.165310,1.165230,1.165270,0
2025.12.04,23:30,1.165270,1.165290,1.165180,1.165210,0
2025.12.04,23:31,1.165250,1.165320,1.165250,1.165290,0
2025.12.04,23:32,1.165280,1.165330,1.165270,1.165280,0
2025.12.04,23:33,1.165270,1.165300,1.165240,1.165250,0
2025.12.04,23:34,1.165250,1.165260,1.165160,1.165260,0
2025.12.04,23:35,1.165280,1.165290,1.165200,1.165240,0
2025.12.04,23:36,1.165220,1.165220,1.165180,1.165200,0
2025.12.04,23:37,1.165200,1.165270,1.165160,1.165260,0
2025.12.04,23:38,1.165260,1.165270,1.165170,1.165170,0
2025.12.04,23:39,1.165180,1.165190,1.165170,1.165180,0
2025.12.04,23:40,1.165190,1.165200,1.165170,1.165190,0
2025.12.04,23:41,1.165180,1.165210,1.165140,1.165140,0
2025.12.04,23:42,1.165160,1.165170,1.165160,1.165160,0
2025.12.04,23:43,1.165170,1.165180,1.165150,1.165170,0
2025.12.04,23:44,1.165170,1.165180,1.165150,1.165150,0
2025.12.04,23:45,1.165160,1.165170,1.165160,1.165170,0
2025.12.04,23:46,1.165200,1.165240,1.165200,1.165230,0
2025.12.04,23:47,1.165220,1.165270,1.165210,1.165270,0
2025.12.04,23:48,1.165270,1.165320,1.165250,1.165310,0
2025.12.04,23:49,1.165320,1.165320,1.165260,1.165270,0
2025.12.04,23:50,1.165290,1.165320,1.165260,1.165300,0
2025.12.04,23:51,1.165310,1.165320,1.165290,1.165320,0
2025.12.04,23:52,1.165320,1.165380,1.165320,1.165340,0
2025.12.04,23:53,1.165340,1.165340,1.165320,1.165340,0
2025.12.04,23:54,1.165330,1.165370,1.165330,1.165330,0
2025.12.04,23:55,1.165360,1.165360,1.165310,1.165360,0
2025.12.04,23:56,1.165350,1.165400,1.165350,1.165380,0
2025.12.04,23:57,1.165380,1.165400,1.165330,1.165330,0
2025.12.04,23:58,1.165330,1.165340,1.165300,1.165320,0
2025.12.04,23:59,1.165310,1.165350,1.165280,1.165350,0
2025.12.05,00:00,1.165340,1.165440,1.165310,1.165430,0
2025.12.05,00:01,1.165420,1.165470,1.165420,1.165460,0
2025.12.05,00:02,1.165440,1.165540,1.165440,1.165540,0
2025.12.05,00:03,1.165510,1.165570,1.165450,1.165560,0
2025.12.05,00:04,1.165540,1.165570,1.165460,1.165480,0
2025.12.05,00:05,1.165490,1.165510,1.165440,1.165480,0
2025.12.05,00:06,1.165460,1.165510,1.165450,1.165460,0
2025.12.05,00:08,1.165450,1.165460,1.165440,1.165440,0
2025.12.05,00:09,1.165440,1.165440,1.165320,1.165380,0
2025.12.05,00:10,1.165390,1.165410,1.165380,1.165410,0
2025.12.05,00:11,1.165410,1.165410,1.165370,1.165400,0
2025.12.05,00:12,1.165390,1.165440,1.165380,1.165430,0
2025.12.05,00:13,1.165410,1.165430,1.165400,1.165420,0
2025.12.05,00:14,1.165400,1.165400,1.165330,1.165330,0
2025.12.05,00:15,1.165330,1.165340,1.165300,1.165330,0
2025.12.05,00:16,1.165340,1.165370,1.165310,1.165310,0
2025.12.05,00:17,1.165330,1.165420,1.165330,1.165400,0
2025.12.05,00:18,1.165400,1.165420,1.165390,1.165410,0
2025.12.05,00:19,1.165390,1.165410,1.165390,1.165390,0
2025.12.05,00:20,1.165360,1.165420,1.165340,1.165360,0
2025.12.05,00:21,1.165380,1.165390,1.165330,1.165340,0
2025.12.05,00:22,1.165330,1.165380,1.165330,1.165350,0
2025.12.05,00:23,1.165360,1.165420,1.165350,1.165370,0
2025.12.05,00:24,1.165380,1.165400,1.165380,1.165380,0
2025.12.05,00:25,1.165400,1.165400,1.165370,1.165400,0
2025.12.05,00:26,1.165410,1.165560,1.165410,1.165520,0
2025.12.05,00:27,1.165510,1.165550,1.165510,1.165530,0
2025.12.05,00:28,1.165530,1.165580,1.165520,1.165580,0
2025.12.05,00:29,1.165570,1.165580,1.165490,1.165490,0
2025.12.05,00:30,1.165490,1.165630,1.165490,1.165610,0
2025.12.05,00:31,1.165600,1.165600,1.165510,1.165560,0
2025.12.05,00:32,1.165560,1.165560,1.165530,1.165560,0
2025.12.05,00:33,1.165580,1.165610,1.165540,1.165580,0
2025.12.05,00:34,1.165590,1.165710,1.165590,1.165710,0
2025.12.05,00:35,1.165670,1.165690,1.165550,1.165590,0
2025.12.05,00:36,1.165590,1.165690,1.165580,1.165580,0
2025.12.05,00:37,1.165600,1.165670,1.165590,1.165670,0
2025.12.05,00:38,1.165670,1.165670,1.165620,1.165630,0
2025.12.05,00:39,1.165640,1.165790,1.165640,1.165770,0
2025.12.05,00:40,1.165750,1.165760,1.165650,1.165700,0
2025.12.05,00:41,1.165680,1.165710,1.165630,1.165710,0
2025.12.05,00:42,1.165730,1.165730,1.165670,1.165680,0
2025.12.05,00:43,1.165700,1.165740,1.165660,1.165680,0
2025.12.05,00:44,1.165690,1.165730,1.165660,1.165660,0
2025.12.05,00:45,1.165680,1.165730,1.165670,1.165730,0
2025.12.05,00:46,1.165730,1.165730,1.165620,1.165650,0
2025.12.05,00:47,1.165660,1.165700,1.165650,1.165680,0
2025.12.05,00:48,1.165660,1.165740,1.165660,1.165690,0
2025.12.05,00:49,1.165690,1.165690,1.165670,1.165670,0
2025.12.05,00:50,1.165680,1.165730,1.165670,1.165670,0
2025.12.05,00:51,1.165670,1.165770,1.165660,1.165750,0
2025.12.05,00:52,1.165740,1.165790,1.165740,1.165780,0
2025.12.05,00:53,1.165790,1.165820,1.165790,1.165790,0
2025.12.05,00:54,1.165790,1.165840,1.165780,1.165820,0
2025.12.05,00:55,1.165810,1.165900,1.165800,1.165810,0
2025.12.05,00:56,1.165810,1.165830,1.165790,1.165820,0
2025.12.05,00:57,1.165800,1.165800,1.165670,1.165680,0
2025.12.05,00:58,1.165690,1.165790,1.165670,1.165790,0
2025.12.05,00:59,1.165790,1.165900,1.165780,1.165900,0
2025.12.05,01:00,1.165900,1.165910,1.165820,1.165820,0
2025.12.05,01:01,1.165800,1.165810,1.165730,1.165750,0
2025.12.05,01:02,1.165730,1.165750,1.165730,1.165740,0
2025.12.05,01:03,1.165740,1.165800,1.165740,1.165790,0
2025.12.05,01:04,1.165780,1.165790,1.165660,1.165680,0
2025.12.05,01:05,1.165700,1.165740,1.165650,1.165650,0
2025.12.05,01:06,1.165650,1.165720,1.165650,1.165680,0
2025.12.05,01:07,1.165680,1.165750,1.165640,1.165740,0
2025.12.05,01:08,1.165760,1.165760,1.165680,1.165720,0
2025.12.05,01:09,1.165720,1.165880,1.165720,1.165860,0
2025.12.05,01:10,1.165880,1.165880,1.165820,1.165850,0
2025.12.05,01:11,1.165850,1.165860,1.165810,1.165820,0
2025.12.05,01:12,1.165820,1.165820,1.165730,1.165780,0
2025.12.05,01:13,1.165770,1.165770,1.165710,1.165720,0
2025.12.05,01:14,1.165710,1.165750,1.165710,1.165720,0
2025.12.05,01:15,1.165710,1.165710,1.165610,1.165630,0
2025.12.05,01:16,1.165630,1.165630,1.165570,1.165590,0
2025.12.05,01:17,1.165570,1.165570,1.165510,1.165520,0
2025.12.05,01:18,1.165530,1.165630,1.165520,1.165590,0
2025.12.05,01:19,1.165590,1.165670,1.165590,1.165670,0
2025.12.05,01:20,1.165680,1.165690,1.165630,1.165630,0
2025.12.05,01:21,1.165660,1.165690,1.165640,1.165680,0
2025.12.05,01:22,1.165660,1.165680,1.165610,1.165610,0
2025.12.05,01:23,1.165620,1.165660,1.165610,1.165630,0
2025.12.05,01:24,1.165610,1.165630,1.165520,1.165590,0
2025.12.05,01:25,1.165600,1.165680,1.165600,1.165650,0
2025.12.05,01:26,1.165620,1.165630,1.165520,1.165540,0
2025.12.05,01:27,1.165560,1.165560,1.165530,1.165550,0
2025.12.05,01:28,1.165530,1.165680,1.165530,1.165680,0
2025.12.05,01:29,1.165670,1.165720,1.165650,1.165690,0
2025.12.05,01:30,1.165710,1.165720,1.165630,1.165640,0
2025.12.05,01:31,1.165670,1.165750,1.165670,1.165720,0
2025.12.05,01:32,1.165710,1.165740,1.165690,1.165720,0
2025.12.05,01:33,1.165730,1.165740,1.165720,1.165720,0
2025.12.05,01:34,1.165790,1.165850,1.165780,1.165840,0
2025.12.05,01:35,1.165840,1.165860,1.165810,1.165840,0
2025.12.05,01:36,1.165860,1.165930,1.165850,1.165860,0
2025.12.05,01:37,1.165870,1.165930,1.165790,1.165790,0
2025.12.05,01:38,1.165820,1.165990,1.165820,1.165990,0
2025.12.05,01:39,1.165990,1.166090,1.165990,1.166060,0
2025.12.05,01:40,1.166050,1.166140,1.166030,1.166030,0
2025.12.05,01:41,1.166040,1.166050,1.166010,1.166030,0
2025.12.05,01:42,1.166020,1.166020,1.165930,1.165940,0
2025.12.05,01:43,1.165950,1.165990,1.165910,1.165980,0
2025.12.05,01:44,1.165980,1.166020,1.165920,1.165960,0
2025.12.05,01:45,1.165950,1.165960,1.165880,1.165910,0
2025.12.05,01:46,1.165920,1.165930,1.165900,1.165910,0
2025.12.05,01:47,1.165910,1.165930,1.165850,1.165890,0
2025.12.05,01:48,1.165890,1.165890,1.165830,1.165840,0
2025.12.05,01:49,1.165830,1.165880,1.165820,1.165820,0
2025.12.05,01:50,1.165800,1.165920,1.165800,1.165850,0
2025.12.05,01:51,1.165830,1.165860,1.165830,1.165840,0
2025.12.05,01:52,1.165830,1.165850,1.165680,1.165740,0
2025.12.05,01:53,1.165740,1.165740,1.165670,1.165720,0
2025.12.05,01:54,1.165740,1.165790,1.165720,1.165770,0
2025.12.05,01:55,1.165770,1.165890,1.165770,1.165820,0
2025.12.05,01:56,1.165810,1.165850,1.165780,1.165850,0
2025.12.05,01:57,1.165860,1.165990,1.165860,1.165920,0
2025.12.05,01:58,1.165910,1.165930,1.165890,1.165930,0
2025.12.05,01:59,1.165930,1.165990,1.165900,1.165900,0
2025.12.05,02:00,1.165900,1.166060,1.165900,1.166040,0
2025.12.05,02:01,1.166040,1.166120,1.166040,1.166090,0
2025.12.05,02:02,1.166110,1.166120,1.165980,1.166000,0
2025.12.05,02:03,1.166000,1.166020,1.165910,1.165990,0
2025.12.05,02:04,1.165990,1.166010,1.165910,1.165940,0
2025.12.05,02:05,1.165940,1.166030,1.165840,1.166010,0
2025.12.05,02:06,1.166030,1.166140,1.166020,1.166110,0
2025.12.05,02:07,1.166120,1.166130,1.166060,1.166110,0
2025.12.05,02:08,1.166120,1.166360,1.166110,1.166360,0
2025.12.05,02:09,1.166350,1.166390,1.166280,1.166350,0
2025.12.05,02:10,1.166380,1.166470,1.166360,1.166380,0
2025.12.05,02:11,1.166380,1.166500,1.166340,1.166490,0
2025.12.05,02:12,1.166500,1.166650,1.166500,1.166640,0
2025.12.05,02:13,1.166630,1.166640,1.166580,1.166610,0
2025.12.05,02:14,1.166590,1.166650,1.166400,1.166530,0
2025.12.05,02:15,1.166540,1.166540,1.166400,1.166400,0
2025.12.05,02:16,1.166400,1.166450,1.166330,1.166350,0
2025.12.05,02:17,1.166350,1.166370,1.166270,1.166340,0
2025.12.05,02:18,1.166330,1.166540,1.166330,1.166510,0
2025.12.05,02:19,1.166520,1.166520,1.166470,1.166480,0
2025.12.05,02:20,1.166490,1.166670,1.166460,1.166610,0
2025.12.05,02:21,1.166620,1.166620,1.166550,1.166610,0
2025.12.05,02:22,1.166600,1.166620,1.166520,1.166580,0
2025.12.05,02:23,1.166560,1.166710,1.166540,1.166640,0
2025.12.05,02:24,1.166640,1.166680,1.166580,1.166640,0
2025.12.05,02:25,1.166650,1.166730,1.166630,1.166700,0
2025.12.05,02:26,1.166700,1.166700,1.166610,1.166680,0
2025.12.05,02:27,1.166700,1.166760,1.166630,1.166710,0
2025.12.05,02:28,1.166730,1.166820,1.166680,1.166740,0
2025.12.05,02:29,1.166740,1.166800,1.166730,1.166790,0
2025.12.05,02:30,1.166800,1.166940,1.166780,1.166850,0
2025.12.05,02:31,1.166840,1.166870,1.166820,1.166860,0
2025.12.05,02:32,1.166870,1.166870,1.166720,1.166720,0
2025.12.05,02:33,1.166720,1.166730,1.166680,1.166690,0
2025.12.05,02:34,1.166690,1.166780,1.166680,1.166770,0
2025.12.05,02:35,1.166780,1.166880,1.166760,1.166800,0
2025.12.05,02:36,1.166800,1.167030,1.166770,1.166980,0
2025.12.05,02:37,1.166980,1.167000,1.166920,1.166990,0
2025.12.05,02:38,1.166970,1.167000,1.166900,1.166960,0
2025.12.05,02:39,1.166980,1.167150,1.166980,1.167090,0
2025.12.05,02:40,1.167110,1.167170,1.167060,1.167130,0
2025.12.05,02:41,1.167120,1.167130,1.167000,1.167020,0
2025.12.05,02:42,1.167010,1.167010,1.166700,1.166700,0
2025.12.05,02:43,1.166700,1.166770,1.166670,1.166670,0
2025.12.05,02:44,1.166650,1.166660,1.166550,1.166570,0
2025.12.05,02:45,1.166570,1.166580,1.166450,1.166490,0
2025.12.05,02:46,1.166480,1.166530,1.166440,1.166440,0
2025.12.05,02:47,1.166430,1.166460,1.166360,1.166450,0
2025.12.05,02:48,1.166450,1.166560,1.166410,1.166520,0
2025.12.05,02:49,1.166510,1.166590,1.166510,1.166590,0
2025.12.05,02:50,1.166590,1.166730,1.166510,1.166540,0
2025.12.05,02:51,1.166550,1.166550,1.166460,1.166480,0
2025.12.05,02:52,1.166470,1.166560,1.166460,1.166480,0
2025.12.05,02:53,1.166480,1.166530,1.166410,1.166470,0
2025.12.05,02:54,1.166480,1.166500,1.166340,1.166400,0
2025.12.05,02:55,1.166380,1.166390,1.166240,1.166270,0
2025.12.05,02:56,1.166280,1.166400,1.166250,1.166300,0
2025.12.05,02:57,1.166290,1.166340,1.166210,1.166240,0
2025.12.05,02:58,1.166220,1.166330,1.166180,1.166270,0
2025.12.05,02:59,1.166260,1.166370,1.166250,1.166270,0
2025.12.05,03:00,1.166300,1.166380,1.165930,1.165930,0
2025.12.05,03:01,1.165910,1.166020,1.165860,1.165880,0
2025.12.05,03:02,1.165910,1.166170,1.165870,1.166170,0
2025.12.05,03:03,1.166170,1.166340,1.166160,1.166240,0
2025.12.05,03:04,1.166240,1.166290,1.166180,1.166290,0
2025.12.05,03:05,1.166270,1.166400,1.166220,1.166300,0
2025.12.05,03:06,1.166320,1.166390,1.166220,1.166220,0
2025.12.05,03:07,1.166210,1.166230,1.165930,1.165950,0
2025.12.05,03:08,1.165930,1.165970,1.165820,1.165830,0
2025.12.05,03:09,1.165830,1.165990,1.165820,1.165940,0
2025.12.05,03:10,1.165940,1.165950,1.165820,1.165840,0
2025.12.05,03:11,1.165850,1.165940,1.165850,1.165870,0
2025.12.05,03:12,1.165870,1.165900,1.165800,1.165880,0
2025.12.05,03:13,1.165890,1.165970,1.165850,1.165950,0
2025.12.05,03:14,1.165960,1.166130,1.165950,1.165970,0
2025.12.05,03:15,1.165960,1.166080,1.165830,1.166070,0
2025.12.05,03:16,1.166070,1.166080,1.165950,1.165990,0
2025.12.05,03:17,1.165970,1.165980,1.165630,1.165690,0
2025.12.05,03:18,1.165680,1.165730,1.165610,1.165650,0
2025.12.05,03:19,1.165660,1.165760,1.165620,1.165740,0
2025.12.05,03:20,1.165740,1.165890,1.165720,1.165840,0
2025.12.05,03:21,1.165850,1.166000,1.165850,1.165930,0
2025.12.05,03:22,1.165940,1.166060,1.165830,1.165880,0
2025.12.05,03:23,1.165900,1.166000,1.165900,1.165930,0
2025.12.05,03:24,1.165950,1.165990,1.165930,1.165980,0
2025.12.05,03:25,1.165980,1.165990,1.165900,1.165950,0
2025.12.05,03:26,1.165970,1.165980,1.165830,1.165840,0
2025.12.05,03:27,1.165840,1.165970,1.165810,1.165970,0
2025.12.05,03:28,1.165980,1.165990,1.165910,1.165990,0
2025.12.05,03:29,1.165980,1.165990,1.165650,1.165790,0
2025.12.05,03:30,1.165810,1.165940,1.165740,1.165910,0
2025.12.05,03:31,1.165900,1.165920,1.165770,1.165770,0
2025.12.05,03:32,1.165770,1.165870,1.165690,1.165850,0
2025.12.05,03:33,1.165850,1.165890,1.165770,1.165870,0
2025.12.05,03:34,1.165840,1.165990,1.165820,1.165980,0
2025.12.05,03:35,1.165980,1.165980,1.165900,1.165960,0
2025.12.05,03:36,1.165960,1.165990,1.165850,1.165910,0
2025.12.05,03:37,1.165890,1.165940,1.165780,1.165930,0
2025.12.05,03:38,1.165940,1.165940,1.165790,1.165850,0
2025.12.05,03:39,1.165840,1.165980,1.165840,1.165940,0
2025.12.05,03:40,1.165940,1.165950,1.165750,1.165750,0
2025.12.05,03:41,1.165750,1.165870,1.165750,1.165830,0
2025.12.05,03:42,1.165850,1.165930,1.165850,1.165890,0
2025.12.05,03:43,1.165870,1.165940,1.165800,1.165840,0
2025.12.05,03:44,1.165850,1.165930,1.165810,1.165930,0
2025.12.05,03:45,1.165950,1.165970,1.165870,1.165870,0
2025.12.05,03:46,1.165880,1.165880,1.165760,1.165790,0
2025.12.05,03:47,1.165790,1.165850,1.165560,1.165580,0
2025.12.05,03:48,1.165580,1.165610,1.165540,1.165600,0
2025.12.05,03:49,1.165600,1.165700,1.165550,1.165670,0
2025.12.05,03:50,1.165670,1.165720,1.165620,1.165630,0
2025.12.05,03:51,1.165610,1.165640,1.165540,1.165640,0
2025.12.05,03:52,1.165630,1.165630,1.165230,1.165270,0
2025.12.05,03:53,1.165270,1.165360,1.165210,1.165360,0
2025.12.05,03:54,1.165350,1.165410,1.165240,1.165240,0
2025.12.05,03:55,1.165250,1.165400,1.165250,1.165400,0
2025.12.05,03:56,1.165400,1.165490,1.165380,1.165380,0
2025.12.05,03:57,1.165350,1.165390,1.165290,1.165370,0
2025.12.05,03:58,1.165370,1.165490,1.165360,1.165440,0
2025.12.05,03:59,1.165440,1.165560,1.165350,1.165370,0
2025.12.05,04:00,1.165350,1.165390,1.165240,1.165300,0
2025.12.05,04:01,1.165280,1.165310,1.165240,1.165290,0
2025.12.05,04:02,1.165300,1.165420,1.165270,1.165410,0
2025.12.05,04:03,1.165420,1.165430,1.165380,1.165380,0
2025.12.05,04:04,1.165390,1.165390,1.165230,1.165270,0
2025.12.05,04:05,1.165260,1.165260,1.165160,1.165210,0
2025.12.05,04:06,1.165200,1.165270,1.165190,1.165190,0
2025.12.05,04:07,1.165190,1.165200,1.165100,1.165180,0
2025.12.05,04:08,1.165200,1.165230,1.165050,1.165050,0
2025.12.05,04:09,1.165070,1.165080,1.164960,1.165030,0
2025.12.05,04:10,1.165030,1.165030,1.164990,1.165020,0
2025.12.05,04:11,1.165020,1.165170,1.164960,1.165170,0
2025.12.05,04:12,1.165170,1.165230,1.165110,1.165170,0
2025.12.05,04:13,1.165150,1.165200,1.165120,1.165200,0
2025.12.05,04:14,1.165200,1.165260,1.165170,1.165250,0
2025.12.05,04:15,1.165240,1.165300,1.165240,1.165250,0
2025.12.05,04:16,1.165190,1.165260,1.165180,1.165240,0
2025.12.05,04:17,1.165250,1.165390,1.165240,1.165300,0
2025.12.05,04:18,1.165280,1.165340,1.165210,1.165300,0
2025.12.05,04:19,1.165290,1.165410,1.165260,1.165390,0
2025.12.05,04:20,1.165410,1.165450,1.165390,1.165390,0
2025.12.05,04:21,1.165410,1.165480,1.165350,1.165430,0
2025.12.05,04:22,1.165400,1.165510,1.165390,1.165500,0
2025.12.05,04:23,1.165500,1.165500,1.165220,1.165220,0
2025.12.05,04:24,1.165220,1.165340,1.165150,1.165160,0
2025.12.05,04:25,1.165140,1.165140,1.164930,1.164980,0
2025.12.05,04:26,1.164970,1.164980,1.164880,1.164940,0
2025.12.05,04:27,1.164920,1.164970,1.164910,1.164930,0
2025.12.05,04:28,1.164950,1.165090,1.164920,1.165000,0
2025.12.05,04:29,1.165010,1.165060,1.164880,1.164900,0
2025.12.05,04:30,1.164890,1.165040,1.164890,1.165030,0
2025.12.05,04:31,1.165040,1.165190,1.165020,1.165170,0
2025.12.05,04:32,1.165190,1.165220,1.165130,1.165220,0
2025.12.05,04:33,1.165200,1.165230,1.165120,1.165160,0
2025.12.05,04:34,1.165160,1.165180,1.165100,1.165130,0
2025.12.05,04:35,1.165090,1.165120,1.164980,1.164980,0
2025.12.05,04:36,1.164990,1.165050,1.164960,1.165010,0
2025.12.05,04:37,1.165020,1.165030,1.165000,1.165010,0
2025.12.05,04:38,1.165030,1.165090,1.165010,1.165080,0
2025.12.05,04:39,1.165070,1.165130,1.165040,1.165110,0
2025.12.05,04:40,1.165100,1.165140,1.165040,1.165070,0
2025.12.05,04:41,1.165060,1.165170,1.165020,1.165120,0
2025.12.05,04:42,1.165110,1.165140,1.165060,1.165100,0
2025.12.05,04:43,1.165110,1.165110,1.164960,1.164960,0
2025.12.05,04:44,1.164940,1.164940,1.164880,1.164890,0
2025.12.05,04:45,1.164900,1.164900,1.164810,1.164890,0
2025.12.05,04:46,1.164870,1.164970,1.164870,1.164960,0
2025.12.05,04:47,1.164940,1.164950,1.164880,1.164900,0
2025.12.05,04:48,1.164910,1.164960,1.164890,1.164920,0
2025.12.05,04:49,1.164930,1.165070,1.164920,1.165070,0
2025.12.05,04:50,1.165070,1.165210,1.165040,1.165200,0
2025.12.05,04:51,1.165210,1.165310,1.165200,1.165230,0
2025.12.05,04:52,1.165250,1.165280,1.165220,1.165270,0
2025.12.05,04:53,1.165260,1.165270,1.165220,1.165250,0
2025.12.05,04:54,1.165230,1.165260,1.165180,1.165240,0
2025.12.05,04:55,1.165240,1.165330,1.165220,1.165300,0
2025.12.05,04:56,1.165300,1.165310,1.165250,1.165260,0
2025.12.05,04:57,1.165270,1.165420,1.165260,1.165370,0
2025.12.05,04:58,1.165380,1.165460,1.165370,1.165390,0
2025.12.05,04:59,1.165380,1.165460,1.165360,1.165430,0
2025.12.05,05:00,1.165450,1.165600,1.165450,1.165540,0
2025.12.05,05:01,1.165560,1.165660,1.165530,1.165650,0
2025.12.05,05:02,1.165640,1.165660,1.165640,1.165640,0
2025.12.05,05:03,1.165660,1.165660,1.165570,1.165600,0
2025.12.05,05:04,1.165570,1.165640,1.165490,1.165620,0
2025.12.05,05:05,1.165610,1.165640,1.165520,1.165640,0
2025.12.05,05:06,1.165630,1.165630,1.165510,1.165540,0
2025.12.05,05:07,1.165550,1.165650,1.165540,1.165630,0
2025.12.05,05:08,1.165610,1.165690,1.165500,1.165520,0
2025.12.05,05:09,1.165520,1.165550,1.165410,1.165490,0
2025.12.05,05:10,1.165500,1.165500,1.165370,1.165450,0
2025.12.05,05:11,1.165440,1.165460,1.165330,1.165330,0
2025.12.05,05:12,1.165350,1.165350,1.165200,1.165200,0
2025.12.05,05:13,1.165180,1.165300,1.165180,1.165290,0
2025.12.05,05:14,1.165280,1.165370,1.165280,1.165290,0
2025.12.05,05:15,1.165280,1.165340,1.165270,1.165290,0
2025.12.05,05:16,1.165290,1.165380,1.165280,1.165370,0
2025.12.05,05:17,1.165380,1.165400,1.165350,1.165390,0
2025.12.05,05:18,1.165370,1.165370,1.165220,1.165220,0
2025.12.05,05:19,1.165200,1.165210,1.165170,1.165170,0
2025.12.05,05:20,1.165180,1.165240,1.165130,1.165240,0
2025.12.05,05:21,1.165240,1.165260,1.165180,1.165260,0
2025.12.05,05:22,1.165250,1.165280,1.165240,1.165270,0
2025.12.05,05:23,1.165280,1.165350,1.165270,1.165310,0
2025.12.05,05:24,1.165310,1.165370,1.165300,1.165330,0
2025.12.05,05:25,1.165310,1.165330,1.165260,1.165320,0
2025.12.05,05:26,1.165310,1.165340,1.165190,1.165200,0
2025.12.05,05:27,1.165210,1.165260,1.165090,1.165140,0
2025.12.05,05:28,1.165140,1.165160,1.165030,1.165060,0
2025.12.05,05:29,1.165050,1.165060,1.164960,1.164970,0
2025.12.05,05:30,1.164970,1.165030,1.164950,1.165010,0
2025.12.05,05:31,1.165020,1.165030,1.164880,1.164930,0
2025.12.05,05:32,1.164930,1.165020,1.164930,1.164990,0
2025.12.05,05:33,1.165010,1.165080,1.164980,1.164980,0
2025.12.05,05:34,1.164970,1.165000,1.164950,1.164980,0
2025.12.05,05:35,1.164970,1.164990,1.164930,1.164930,0
2025.12.05,05:36,1.164930,1.164930,1.164840,1.164840,0
2025.12.05,05:37,1.164860,1.164930,1.164820,1.164890,0
2025.12.05,05:38,1.164900,1.164990,1.164900,1.164960,0
2025.12.05,05:39,1.164930,1.164930,1.164820,1.164850,0
2025.12.05,05:40,1.164850,1.164940,1.164810,1.164920,0
2025.12.05,05:41,1.164930,1.165030,1.164920,1.164920,0
2025.12.05,05:42,1.164940,1.164990,1.164860,1.164860,0
2025.12.05,05:43,1.164880,1.164880,1.164760,1.164880,0
2025.12.05,05:44,1.164880,1.164920,1.164830,1.164830,0
2025.12.05,05:45,1.164820,1.164920,1.164800,1.164920,0
2025.12.05,05:46,1.164940,1.165030,1.164900,1.165020,0
2025.12.05,05:47,1.165040,1.165090,1.165020,1.165090,0
2025.12.05,05:48,1.165120,1.165130,1.165010,1.165010,0
2025.12.05,05:49,1.165020,1.165100,1.165020,1.165090,0
2025.12.05,05:50,1.165080,1.165080,1.164920,1.164940,0
2025.12.05,05:51,1.164940,1.165030,1.164920,1.165010,0
2025.12.05,05:52,1.165000,1.165020,1.164980,1.164990,0
2025.12.05,05:53,1.165010,1.165030,1.164900,1.164930,0
2025.12.05,05:54,1.164940,1.165010,1.164920,1.164950,0
2025.12.05,05:55,1.164940,1.165010,1.164930,1.164980,0
2025.12.05,05:56,1.164990,1.165020,1.164810,1.164840,0
2025.12.05,05:57,1.164840,1.164990,1.164830,1.164990,0
2025.12.05,05:58,1.164990,1.165040,1.164980,1.164980,0
2025.12.05,05:59,1.164990,1.165100,1.164980,1.165090,0
2025.12.05,06:00,1.165090,1.165090,1.164870,1.165020,0
2025.12.05,06:01,1.165050,1.165070,1.164850,1.164850,0
2025.12.05,06:02,1.164840,1.164940,1.164800,1.164900,0
2025.12.05,06:03,1.164910,1.164950,1.164900,1.164930,0
2025.12.05,06:04,1.164940,1.164960,1.164870,1.164910,0
2025.12.05,06:05,1.164920,1.165080,1.164900,1.165080,0
2025.12.05,06:06,1.165150,1.165230,1.165060,1.165100,0
2025.12.05,06:07,1.165120,1.165120,1.164950,1.165020,0
2025.12.05,06:08,1.165010,1.165060,1.164950,1.164960,0
2025.12.05,06:09,1.164960,1.164960,1.164900,1.164930,0
2025.12.05,06:10,1.164920,1.164980,1.164910,1.164920,0
2025.12.05,06:11,1.164920,1.164920,1.164850,1.164870,0
2025.12.05,06:12,1.164890,1.164890,1.164810,1.164840,0
2025.12.05,06:13,1.164820,1.164850,1.164810,1.164840,0
2025.12.05,06:14,1.164830,1.164890,1.164820,1.164840,0
2025.12.05,06:15,1.164830,1.164830,1.164630,1.164650,0
2025.12.05,06:16,1.164660,1.164750,1.164660,1.164680,0
2025.12.05,06:17,1.164670,1.164700,1.164620,1.164620,0
2025.12.05,06:18,1.164620,1.164620,1.164430,1.164500,0
2025.12.05,06:19,1.164520,1.164620,1.164500,1.164620,0
2025.12.05,06:20,1.164620,1.164690,1.164600,1.164690,0
2025.12.05,06:21,1.164700,1.164890,1.164700,1.164870,0
2025.12.05,06:22,1.164860,1.164880,1.164810,1.164880,0
2025.12.05,06:23,1.164900,1.164900,1.164840,1.164890,0
2025.12.05,06:24,1.164910,1.164920,1.164830,1.164840,0
2025.12.05,06:25,1.164850,1.164900,1.164820,1.164840,0
2025.12.05,06:26,1.164820,1.164820,1.164640,1.164720,0
2025.12.05,06:27,1.164710,1.164710,1.164570,1.164680,0
2025.12.05,06:28,1.164690,1.164730,1.164650,1.164650,0
2025.12.05,06:29,1.164670,1.164670,1.164620,1.164640,0
2025.12.05,06:30,1.164610,1.164630,1.164540,1.164540,0
2025.12.05,06:31,1.164540,1.164580,1.164510,1.164540,0
2025.12.05,06:32,1.164470,1.164470,1.164160,1.164240,0
2025.12.05,06:33,1.164240,1.164400,1.164240,1.164390,0
2025.12.05,06:34,1.164390,1.164390,1.164210,1.164220,0
2025.12.05,06:35,1.164220,1.164280,1.164160,1.164170,0
2025.12.05,06:36,1.164170,1.164340,1.164150,1.164320,0
2025.12.05,06:37,1.164310,1.164410,1.164280,1.164360,0
2025.12.05,06:38,1.164360,1.164370,1.164350,1.164350,0
2025.12.05,06:39,1.164360,1.164460,1.164340,1.164450,0
2025.12.05,06:40,1.164420,1.164460,1.164360,1.164450,0
2025.12.05,06:41,1.164430,1.164480,1.164400,1.164440,0
2025.12.05,06:42,1.164470,1.164520,1.164450,1.164500,0
2025.12.05,06:43,1.164500,1.164560,1.164500,1.164510,0
2025.12.05,06:44,1.164510,1.164600,1.164500,1.164580,0
2025.12.05,06:45,1.164580,1.164600,1.164520,1.164540,0
2025.12.05,06:46,1.164560,1.164650,1.164530,1.164640,0
2025.12.05,06:47,1.164620,1.164690,1.164620,1.164650,0
2025.12.05,06:48,1.164650,1.164670,1.164640,1.164650,0
2025.12.05,06:49,1.164640,1.164640,1.164500,1.164560,0
2025.12.05,06:50,1.164530,1.164590,1.164480,1.164590,0
2025.12.05,06:51,1.164610,1.164620,1.164310,1.164360,0
2025.12.05,06:52,1.164380,1.164380,1.164300,1.164330,0
2025.12.05,06:53,1.164330,1.164430,1.164320,1.164430,0
2025.12.05,06:54,1.164450,1.164510,1.164430,1.164500,0
2025.12.05,06:55,1.164500,1.164610,1.164500,1.164530,0
2025.12.05,06:56,1.164540,1.164560,1.164460,1.164540,0
2025.12.05,06:57,1.164540,1.164540,1.164460,1.164510,0
2025.12.05,06:58,1.164510,1.164600,1.164500,1.164530,0
2025.12.05,06:59,1.164550,1.164650,1.164550,1.164640,0
2025.12.05,07:00,1.164640,1.164710,1.164580,1.164670,0
2025.12.05,07:01,1.164690,1.164800,1.164680,1.164770,0
2025.12.05,07:02,1.164770,1.164920,1.164760,1.164910,0
2025.12.05,07:03,1.164890,1.164980,1.164890,1.164940,0
2025.12.05,07:04,1.164930,1.165010,1.164860,1.165010,0
2025.12.05,07:05,1.165020,1.165090,1.165000,1.165090,0
2025.12.05,07:06,1.165100,1.165220,1.165050,1.165190,0
2025.12.05,07:07,1.165190,1.165200,1.165020,1.165090,0
2025.12.05,07:08,1.165090,1.165090,1.164970,1.164980,0
2025.12.05,07:09,1.164970,1.165100,1.164940,1.165080,0
2025.12.05,07:10,1.165090,1.165150,1.165040,1.165130,0
2025.12.05,07:11,1.165130,1.165230,1.165130,1.165230,0
2025.12.05,07:12,1.165230,1.165300,1.165190,1.165250,0
2025.12.05,07:13,1.165230,1.165260,1.165180,1.165200,0
2025.12.05,07:14,1.165190,1.165210,1.165170,1.165190,0
2025.12.05,07:15,1.165200,1.165220,1.165130,1.165190,0
2025.12.05,07:16,1.165200,1.165280,1.165100,1.165210,0
2025.12.05,07:17,1.165200,1.165330,1.165180,1.165300,0
2025.12.05,07:18,1.165290,1.165290,1.165070,1.165070,0
2025.12.05,07:19,1.165070,1.165070,1.164850,1.164890,0
2025.12.05,07:20,1.164890,1.164890,1.164640,1.164730,0
2025.12.05,07:21,1.164710,1.164720,1.164470,1.164490,0
2025.12.05,07:22,1.164480,1.164560,1.164470,1.164490,0
2025.12.05,07:23,1.164490,1.164600,1.164480,1.164520,0
2025.12.05,07:24,1.164540,1.164640,1.164460,1.164460,0
2025.12.05,07:25,1.164440,1.164720,1.164350,1.164710,0
2025.12.05,07:26,1.164720,1.164790,1.164680,1.164770,0
2025.12.05,07:27,1.164780,1.164790,1.164660,1.164690,0
2025.12.05,07:28,1.164700,1.164720,1.164550,1.164600,0
2025.12.05,07:29,1.164580,1.164610,1.164510,1.164610,0
2025.12.05,07:30,1.164600,1.164740,1.164600,1.164660,0
2025.12.05,07:31,1.164680,1.164790,1.164650,1.164650,0
2025.12.05,07:32,1.164640,1.164660,1.164510,1.164660,0
2025.12.05,07:33,1.164670,1.164740,1.164650,1.164730,0
2025.12.05,07:34,1.164770,1.164780,1.164590,1.164590,0
2025.12.05,07:35,1.164650,1.164750,1.164570,1.164580,0
2025.12.05,07:36,1.164570,1.164670,1.164570,1.164640,0
2025.12.05,07:37,1.164650,1.164660,1.164620,1.164650,0
2025.12.05,07:38,1.164670,1.164670,1.164560,1.164580,0
2025.12.05,07:39,1.164600,1.164720,1.164550,1.164720,0
2025.12.05,07:40,1.164710,1.164810,1.164610,1.164620,0
2025.12.05,07:41,1.164640,1.164780,1.164640,1.164750,0
2025.12.05,07:42,1.164760,1.164830,1.164730,1.164750,0
2025.12.05,07:43,1.164770,1.164810,1.164770,1.164790,0
2025.12.05,07:44,1.164780,1.164790,1.164610,1.164640,0
2025.12.05,07:45,1.164640,1.164710,1.164620,1.164680,0
2025.12.05,07:46,1.164670,1.164860,1.164660,1.164860,0
2025.12.05,07:47,1.164840,1.164840,1.164760,1.164810,0
2025.12.05,07:48,1.164800,1.164860,1.164790,1.164850,0
2025.12.05,07:49,1.164830,1.164860,1.164780,1.164790,0
2025.12.05,07:50,1.164810,1.164820,1.164710,1.164710,0
2025.12.05,07:51,1.164700,1.164740,1.164620,1.164650,0
2025.12.05,07:52,1.164670,1.164680,1.164620,1.164670,0
2025.12.05,07:53,1.164680,1.164730,1.164650,1.164710,0
2025.12.05,07:54,1.164720,1.164740,1.164680,1.164690,0
2025.12.05,07:55,1.164700,1.164990,1.164700,1.164890,0
2025.12.05,07:56,1.164890,1.165020,1.164870,1.164990,0
2025.12.05,07:57,1.165000,1.165070,1.164900,1.165050,0
2025.12.05,07:58,1.165040,1.165130,1.164990,1.165110,0
2025.12.05,07:59,1.165120,1.165180,1.165090,1.165150,0
2025.12.05,08:00,1.165210,1.165290,1.165140,1.165220,0
2025.12.05,08:01,1.165200,1.165240,1.165100,1.165100,0
2025.12.05,08:02,1.165100,1.165100,1.164920,1.165010,0
2025.12.05,08:03,1.164990,1.165080,1.164970,1.165080,0
2025.12.05,08:04,1.165060,1.165090,1.164830,1.164830,0
2025.12.05,08:05,1.164840,1.164840,1.164720,1.164740,0
2025.12.05,08:06,1.164720,1.164720,1.164610,1.164620,0
2025.12.05,08:07,1.164630,1.164640,1.164500,1.164520,0
2025.12.05,08:08,1.164510,1.164560,1.164420,1.164520,0
2025.12.05,08:09,1.164520,1.164530,1.164480,1.164490,0
2025.12.05,08:10,1.164500,1.164620,1.164440,1.164580,0
2025.12.05,08:11,1.164560,1.164710,1.164550,1.164670,0
2025.12.05,08:12,1.164650,1.164740,1.164550,1.164550,0
2025.12.05,08:13,1.164560,1.164660,1.164560,1.164650,0
2025.12.05,08:14,1.164650,1.164730,1.164620,1.164650,0
2025.12.05,08:15,1.164660,1.164690,1.164500,1.164520,0
2025.12.05,08:16,1.164520,1.164550,1.164480,1.164480,0
2025.12.05,08:17,1.164500,1.164580,1.164480,1.164570,0
2025.12.05,08:18,1.164570,1.164650,1.164540,1.164590,0
2025.12.05,08:19,1.164590,1.164600,1.164420,1.164430,0
2025.12.05,08:20,1.164430,1.164520,1.164330,1.164520,0
2025.12.05,08:21,1.164530,1.164570,1.164430,1.164560,0
2025.12.05,08:22,1.164550,1.164760,1.164550,1.164670,0
2025.12.05,08:23,1.164660,1.164720,1.164620,1.164640,0
2025.12.05,08:24,1.164660,1.164790,1.164580,1.164780,0
2025.12.05,08:25,1.164800,1.164820,1.164660,1.164710,0
2025.12.05,08:26,1.164720,1.164880,1.164710,1.164810,0
2025.12.05,08:27,1.164800,1.164830,1.164790,1.164800,0
2025.12.05,08:28,1.164790,1.164960,1.164780,1.164910,0
2025.12.05,08:29,1.164910,1.164930,1.164850,1.164880,0
2025.12.05,08:30,1.164870,1.165010,1.164830,1.164910,0
2025.12.05,08:31,1.164900,1.165160,1.164850,1.164980,0
2025.12.05,08:32,1.164990,1.165100,1.164930,1.164940,0
2025.12.05,08:33,1.164920,1.165010,1.164790,1.165000,0
2025.12.05,08:34,1.164990,1.165190,1.164960,1.165070,0
2025.12.05,08:35,1.165080,1.165080,1.164820,1.164880,0
2025.12.05,08:36,1.164870,1.164940,1.164820,1.164940,0
2025.12.05,08:37,1.164960,1.165030,1.164870,1.165000,0
2025.12.05,08:38,1.165030,1.165180,1.165000,1.165180,0
2025.12.05,08:39,1.165170,1.165210,1.165010,1.165180,0
2025.12.05,08:40,1.165180,1.165370,1.165060,1.165340,0
2025.12.05,08:41,1.165320,1.165380,1.165200,1.165220,0
2025.12.05,08:42,1.165240,1.165360,1.165210,1.165210,0
2025.12.05,08:43,1.165200,1.165250,1.165100,1.165110,0
2025.12.05,08:44,1.165120,1.165160,1.165040,1.165070,0
2025.12.05,08:45,1.165060,1.165140,1.165040,1.165090,0
2025.12.05,08:46,1.165070,1.165190,1.165030,1.165170,0
2025.12.05,08:47,1.165180,1.165180,1.164990,1.165030,0
2025.12.05,08:48,1.165030,1.165190,1.165020,1.165190,0
2025.12.05,08:49,1.165210,1.165290,1.165170,1.165190,0
2025.12.05,08:50,1.165210,1.165310,1.165180,1.165280,0
2025.12.05,08:51,1.165300,1.165350,1.165220,1.165270,0
2025.12.05,08:52,1.165290,1.165330,1.165220,1.165300,0
2025.12.05,08:53,1.165300,1.165320,1.165260,1.165270,0
2025.12.05,08:54,1.165280,1.165300,1.165190,1.165300,0
2025.12.05,08:55,1.165290,1.165320,1.165220,1.165220,0
2025.12.05,08:56,1.165230,1.165280,1.165140,1.165160,0
2025.12.05,08:57,1.165160,1.165280,1.165150,1.165220,0
2025.12.05,08:58,1.165200,1.165220,1.165140,1.165220,0
2025.12.05,08:59,1.165200,1.165210,1.165130,1.165170,0
2025.12.05,09:00,1.165180,1.165300,1.165140,1.165250,0
2025.12.05,09:01,1.165250,1.165250,1.165070,1.165120,0
2025.12.05,09:02,1.165130,1.165200,1.165090,1.165140,0
2025.12.05,09:03,1.165170,1.165460,1.165170,1.165450,0
2025.12.05,09:04,1.165460,1.165630,1.165460,1.165630,0
2025.12.05,09:05,1.165650,1.165730,1.165620,1.165670,0
2025.12.05,09:06,1.165650,1.165900,1.165650,1.165890,0
2025.12.05,09:07,1.165900,1.166000,1.165840,1.166000,0
2025.12.05,09:08,1.165990,1.166000,1.165740,1.165760,0
2025.12.05,09:09,1.165760,1.165760,1.165570,1.165570,0
2025.12.05,09:10,1.165600,1.165600,1.165490,1.165570,0
2025.12.05,09:11,1.165580,1.165640,1.165440,1.165440,0
2025.12.05,09:12,1.165440,1.165470,1.165210,1.165230,0
2025.12.05,09:13,1.165220,1.165310,1.165200,1.165250,0
2025.12.05,09:14,1.165230,1.165290,1.165150,1.165250,0
2025.12.05,09:15,1.165270,1.165350,1.165240,1.165330,0
2025.12.05,09:16,1.165300,1.165300,1.165160,1.165170,0
2025.12.05,09:17,1.165180,1.165300,1.165180,1.165290,0
2025.12.05,09:18,1.165330,1.165360,1.165230,1.165280,0
2025.12.05,09:19,1.165290,1.165460,1.165280,1.165450,0
2025.12.05,09:20,1.165460,1.165490,1.165430,1.165490,0
2025.12.05,09:21,1.165510,1.165560,1.165280,1.165280,0
2025.12.05,09:22,1.165300,1.165350,1.165250,1.165250,0
2025.12.05,09:23,1.165270,1.165330,1.165190,1.165290,0
2025.12.05,09:24,1.165270,1.165370,1.165260,1.165340,0
2025.12.05,09:25,1.165360,1.165370,1.165240,1.165320,0
2025.12.05,09:26,1.165340,1.165380,1.165290,1.165320,0
2025.12.05,09:27,1.165350,1.165470,1.165300,1.165330,0
2025.12.05,09:28,1.165340,1.165400,1.165150,1.165240,0
2025.12.05,09:29,1.165220,1.165230,1.165140,1.165180,0
2025.12.05,09:30,1.165170,1.165170,1.164640,1.164680,0
2025.12.05,09:31,1.164650,1.164830,1.164550,1.164820,0
2025.12.05,09:32,1.164800,1.164860,1.164760,1.164840,0
2025.12.05,09:33,1.164850,1.164950,1.164710,1.164710,0
2025.12.05,09:34,1.164700,1.164770,1.164630,1.164770,0
2025.12.05,09:35,1.164760,1.165030,1.164730,1.164980,0
2025.12.05,09:36,1.165000,1.165010,1.164870,1.164910,0
2025.12.05,09:37,1.164920,1.165050,1.164800,1.165000,0
2025.12.05,09:38,1.164990,1.165120,1.164920,1.165060,0
2025.12.05,09:39,1.165070,1.165320,1.165050,1.165200,0
2025.12.05,09:40,1.165210,1.165470,1.165170,1.165330,0
2025.12.05,09:41,1.165330,1.165380,1.165220,1.165300,0
2025.12.05,09:42,1.165310,1.165590,1.165310,1.165540,0
2025.12.05,09:43,1.165520,1.165740,1.165470,1.165640,0
2025.12.05,09:44,1.165650,1.165670,1.165460,1.165490,0
2025.12.05,09:45,1.165480,1.165710,1.165470,1.165600,0
2025.12.05,09:46,1.165590,1.165590,1.165420,1.165460,0
2025.12.05,09:47,1.165470,1.165720,1.165460,1.165550,0
2025.12.05,09:48,1.165530,1.165700,1.165510,1.165680,0
2025.12.05,09:49,1.165680,1.165750,1.165500,1.165530,0
2025.12.05,09:50,1.165530,1.165700,1.165530,1.165630,0
2025.12.05,09:51,1.165620,1.165660,1.165430,1.165620,0
2025.12.05,09:52,1.165640,1.165670,1.165490,1.165640,0
2025.12.05,09:53,1.165660,1.165680,1.165510,1.165600,0
2025.12.05,09:54,1.165610,1.165640,1.165410,1.165510,0
2025.12.05,09:55,1.165520,1.165520,1.165250,1.165290,0
2025.12.05,09:56,1.165290,1.165290,1.165060,1.165090,0
2025.12.05,09:57,1.165090,1.165090,1.164980,1.164980,0
2025.12.05,09:58,1.165050,1.165100,1.164870,1.164900,0
2025.12.05,09:59,1.164960,1.165100,1.164960,1.164980,0
2025.12.05,10:00,1.164960,1.165220,1.164960,1.165110,0
2025.12.05,10:01,1.165130,1.165220,1.164810,1.164810,0
2025.12.05,10:02,1.164810,1.164820,1.164530,1.164570,0
2025.12.05,10:03,1.164590,1.164830,1.164510,1.164790,0
2025.12.05,10:04,1.164790,1.164810,1.164650,1.164650,0
2025.12.05,10:05,1.164630,1.164690,1.164370,1.164430,0
2025.12.05,10:06,1.164410,1.164550,1.164380,1.164490,0
2025.12.05,10:07,1.164470,1.164790,1.164470,1.164680,0
2025.12.05,10:08,1.164670,1.164740,1.164580,1.164610,0
2025.12.05,10:09,1.164680,1.164820,1.164460,1.164770,0
2025.12.05,10:10,1.164790,1.165030,1.164790,1.164870,0
2025.12.05,10:11,1.164880,1.165030,1.164870,1.164950,0
2025.12.05,10:12,1.164940,1.165340,1.164910,1.165310,0
2025.12.05,10:13,1.165280,1.165280,1.165000,1.165180,0
2025.12.05,10:14,1.165170,1.165260,1.165050,1.165240,0
2025.12.05,10:15,1.165230,1.165320,1.165140,1.165170,0
2025.12.05,10:16,1.165160,1.165200,1.165070,1.165160,0
2025.12.05,10:17,1.165180,1.165230,1.165020,1.165170,0
2025.12.05,10:18,1.165170,1.165250,1.165160,1.165230,0
2025.12.05,10:19,1.165220,1.165360,1.165150,1.165350,0
2025.12.05,10:20,1.165350,1.165670,1.165350,1.165620,0
2025.12.05,10:21,1.165630,1.165740,1.165580,1.165690,0
2025.12.05,10:22,1.165690,1.165690,1.165450,1.165570,0
2025.12.05,10:23,1.165550,1.165580,1.165460,1.165530,0
2025.12.05,10:24,1.165510,1.165510,1.165320,1.165380,0
2025.12.05,10:25,1.165390,1.165400,1.165230,1.165230,0
2025.12.05,10:26,1.165240,1.165360,1.165220,1.165360,0
2025.12.05,10:27,1.165360,1.165490,1.165260,1.165400,0
2025.12.05,10:28,1.165400,1.165650,1.165340,1.165650,0
2025.12.05,10:29,1.165640,1.165660,1.165490,1.165620,0
2025.12.05,10:30,1.165630,1.165800,1.165630,1.165760,0
2025.12.05,10:31,1.165740,1.165740,1.165530,1.165580,0
2025.12.05,10:32,1.165590,1.165640,1.165540,1.165630,0
2025.12.05,10:33,1.165620,1.165760,1.165620,1.165630,0
2025.12.05,10:34,1.165630,1.165840,1.165570,1.165830,0
2025.12.05,10:35,1.165830,1.165880,1.165710,1.165780,0
2025.12.05,10:36,1.165800,1.165830,1.165620,1.165760,0
2025.12.05,10:37,1.165760,1.165880,1.165680,1.165690,0
2025.12.05,10:38,1.165710,1.165840,1.165640,1.165840,0
2025.12.05,10:39,1.165850,1.165880,1.165650,1.165670,0
2025.12.05,10:40,1.165670,1.165730,1.165480,1.165480,0
2025.12.05,10:41,1.165490,1.165540,1.165210,1.165250,0
2025.12.05,10:42,1.165230,1.165280,1.165080,1.165080,0
2025.12.05,10:43,1.165080,1.165200,1.165020,1.165180,0
2025.12.05,10:44,1.165190,1.165210,1.165070,1.165130,0
2025.12.05,10:45,1.165140,1.165240,1.164940,1.164940,0
2025.12.05,10:46,1.164930,1.165100,1.164830,1.165040,0
2025.12.05,10:47,1.165020,1.165160,1.164990,1.165110,0
2025.12.05,10:48,1.165120,1.165250,1.165060,1.165120,0
2025.12.05,10:49,1.165120,1.165240,1.165090,1.165210,0
2025.12.05,10:50,1.165210,1.165230,1.164980,1.165010,0
2025.12.05,10:51,1.165000,1.165010,1.164820,1.164910,0
2025.12.05,10:52,1.164920,1.164980,1.164850,1.164910,0
2025.12.05,10:53,1.164900,1.164910,1.164720,1.164720,0
2025.12.05,10:54,1.164750,1.164790,1.164630,1.164630,0
2025.12.05,10:55,1.164630,1.164640,1.164480,1.164540,0
2025.12.05,10:56,1.164540,1.164730,1.164450,1.164700,0
2025.12.05,10:57,1.164740,1.164880,1.164530,1.164710,0
2025.12.05,10:58,1.164700,1.164720,1.164630,1.164680,0
2025.12.05,10:59,1.164700,1.164830,1.164680,1.164810,0
2025.12.05,11:00,1.164810,1.164830,1.164690,1.164760,0
2025.12.05,11:01,1.164760,1.164900,1.164730,1.164860,0
2025.12.05,11:02,1.164850,1.164850,1.164700,1.164700,0
2025.12.05,11:03,1.164700,1.164790,1.164700,1.164780,0
2025.12.05,11:04,1.164790,1.164800,1.164690,1.164740,0
2025.12.05,11:05,1.164730,1.164740,1.164470,1.164510,0
2025.12.05,11:06,1.164520,1.164610,1.164430,1.164520,0
2025.12.05,11:07,1.164530,1.164530,1.164210,1.164230,0
2025.12.05,11:08,1.164220,1.164290,1.164060,1.164080,0
2025.12.05,11:09,1.164080,1.164110,1.163580,1.163580,0
2025.12.05,11:10,1.163590,1.163770,1.163580,1.163660,0
2025.12.05,11:11,1.163640,1.163710,1.163550,1.163610,0
2025.12.05,11:12,1.163580,1.163630,1.163230,1.163310,0
2025.12.05,11:13,1.163320,1.163390,1.163240,1.163350,0
2025.12.05,11:14,1.163330,1.163370,1.163200,1.163200,0
2025.12.05,11:15,1.163190,1.163470,1.163130,1.163430,0
2025.12.05,11:16,1.163420,1.163440,1.163280,1.163330,0
2025.12.05,11:17,1.163340,1.163410,1.163170,1.163210,0
2025.12.05,11:18,1.163210,1.163310,1.163090,1.163310,0
2025.12.05,11:19,1.163300,1.163360,1.163060,1.163060,0
2025.12.05,11:20,1.163060,1.163070,1.162790,1.162890,0
2025.12.05,11:21,1.162860,1.163150,1.162790,1.163120,0
2025.12.05,11:22,1.163110,1.163430,1.163090,1.163330,0
2025.12.05,11:23,1.163350,1.163540,1.163350,1.163430,0
2025.12.05,11:24,1.163420,1.163420,1.163230,1.163230,0
2025.12.05,11:25,1.163240,1.163350,1.163230,1.163230,0
2025.12.05,11:26,1.163230,1.163340,1.163190,1.163250,0
2025.12.05,11:27,1.163230,1.163490,1.163230,1.163430,0
2025.12.05,11:28,1.163450,1.163450,1.163340,1.163370,0
2025.12.05,11:29,1.163370,1.163410,1.163280,1.163410,0
2025.12.05,11:30,1.163390,1.163390,1.163110,1.163190,0
2025.12.05,11:31,1.163190,1.163270,1.163050,1.163270,0
2025.12.05,11:32,1.163280,1.163380,1.163220,1.163260,0
2025.12.05,11:33,1.163260,1.163390,1.163210,1.163380,0
2025.12.05,11:34,1.163390,1.163520,1.163350,1.163520,0
2025.12.05,11:35,1.163490,1.163630,1.163460,1.163500,0
2025.12.05,11:36,1.163510,1.163630,1.163370,1.163430,0
2025.12.05,11:37,1.163460,1.163490,1.163330,1.163330,0
2025.12.05,11:38,1.163330,1.163370,1.163220,1.163270,0
2025.12.05,11:39,1.163260,1.163270,1.163090,1.163090,0
2025.12.05,11:40,1.163080,1.163150,1.162910,1.162940,0
2025.12.05,11:41,1.162950,1.163220,1.162930,1.163160,0
2025.12.05,11:42,1.163170,1.163290,1.163170,1.163290,0
2025.12.05,11:43,1.163290,1.163430,1.163250,1.163390,0
2025.12.05,11:44,1.163420,1.163590,1.163390,1.163590,0
2025.12.05,11:45,1.163590,1.163630,1.163490,1.163610,0
2025.12.05,11:46,1.163590,1.163660,1.163470,1.163480,0
2025.12.05,11:47,1.163470,1.163490,1.163390,1.163420,0
2025.12.05,11:48,1.163430,1.163460,1.163380,1.163400,0
2025.12.05,11:49,1.163420,1.163700,1.163420,1.163700,0
2025.12.05,11:50,1.163680,1.163800,1.163680,1.163760,0
2025.12.05,11:51,1.163750,1.163810,1.163600,1.163630,0
2025.12.05,11:52,1.163620,1.163780,1.163620,1.163710,0
2025.12.05,11:53,1.163710,1.163710,1.163490,1.163560,0
2025.12.05,11:54,1.163580,1.163580,1.163410,1.163480,0
2025.12.05,11:55,1.163470,1.163550,1.163400,1.163510,0
2025.12.05,11:56,1.163520,1.163610,1.163460,1.163470,0
2025.12.05,11:57,1.163490,1.163610,1.163490,1.163540,0
2025.12.05,11:58,1.163520,1.163540,1.163440,1.163520,0
2025.12.05,11:59,1.163510,1.163520,1.163390,1.163410,0
2025.12.05,12:00,1.163400,1.163410,1.163280,1.163310,0
2025.12.05,12:01,1.163310,1.163340,1.163240,1.163340,0
2025.12.05,12:02,1.163320,1.163390,1.163270,1.163380,0
2025.12.05,12:03,1.163390,1.163450,1.163300,1.163340,0
2025.12.05,12:04,1.163340,1.163510,1.163330,1.163500,0
2025.12.05,12:05,1.163510,1.163700,1.163490,1.163700,0
2025.12.05,12:06,1.163690,1.163810,1.163690,1.163720,0
2025.12.05,12:07,1.163710,1.163770,1.163660,1.163660,0
2025.12.05,12:08,1.163670,1.163760,1.163640,1.163750,0
2025.12.05,12:09,1.163750,1.163810,1.163690,1.163740,0
2025.12.05,12:10,1.163730,1.163820,1.163640,1.163640,0
2025.12.05,12:11,1.163620,1.163740,1.163580,1.163700,0
2025.12.05,12:12,1.163690,1.163780,1.163670,1.163730,0
2025.12.05,12:13,1.163760,1.163800,1.163710,1.163770,0
2025.12.05,12:14,1.163780,1.163850,1.163750,1.163840,0
2025.12.05,12:15,1.163840,1.163910,1.163760,1.163790,0
2025.12.05,12:16,1.163780,1.163800,1.163700,1.163780,0
2025.12.05,12:17,1.163770,1.163880,1.163760,1.163850,0
2025.12.05,12:18,1.163840,1.163960,1.163840,1.163890,0
2025.12.05,12:19,1.163890,1.163920,1.163840,1.163840,0
2025.12.05,12:20,1.163870,1.163950,1.163850,1.163930,0
2025.12.05,12:21,1.163940,1.163950,1.163880,1.163900,0
2025.12.05,12:22,1.163890,1.163980,1.163880,1.163900,0
2025.12.05,12:23,1.163880,1.163910,1.163870,1.163880,0
2025.12.05,12:24,1.163880,1.163890,1.163830,1.163830,0
2025.12.05,12:25,1.163830,1.163850,1.163730,1.163780,0
2025.12.05,12:26,1.163750,1.163750,1.163650,1.163680,0
2025.12.05,12:27,1.163670,1.163670,1.163550,1.163580,0
2025.12.05,12:28,1.163560,1.163680,1.163560,1.163640,0
2025.12.05,12:29,1.163620,1.163700,1.163610,1.163640,0
2025.12.05,12:30,1.163650,1.163780,1.163640,1.163720,0
2025.12.05,12:31,1.163750,1.163820,1.163730,1.163770,0
2025.12.05,12:32,1.163760,1.163850,1.163760,1.163770,0
2025.12.05,12:33,1.163770,1.163840,1.163740,1.163740,0
2025.12.05,12:34,1.163750,1.163780,1.163710,1.163780,0
2025.12.05,12:35,1.163770,1.163800,1.163730,1.163740,0
2025.12.05,12:36,1.163730,1.163750,1.163670,1.163710,0
2025.12.05,12:37,1.163730,1.163740,1.163590,1.163630,0
2025.12.05,12:38,1.163640,1.163730,1.163620,1.163670,0
2025.12.05,12:39,1.163670,1.163700,1.163630,1.163690,0
2025.12.05,12:40,1.163690,1.163790,1.163670,1.163790,0
2025.12.05,12:41,1.163770,1.163820,1.163680,1.163700,0
2025.12.05,12:42,1.163710,1.163900,1.163710,1.163900,0
2025.12.05,12:43,1.163890,1.163990,1.163890,1.163980,0
2025.12.05,12:44,1.163960,1.164200,1.163960,1.164160,0
2025.12.05,12:45,1.164150,1.164210,1.164010,1.164040,0
2025.12.05,12:46,1.164050,1.164110,1.164000,1.164110,0
2025.12.05,12:47,1.164120,1.164170,1.164110,1.164160,0
2025.12.05,12:48,1.164160,1.164180,1.164130,1.164130,0
2025.12.05,12:49,1.164160,1.164160,1.163990,1.164010,0
2025.12.05,12:50,1.164000,1.164080,1.164000,1.164060,0
2025.12.05,12:51,1.164060,1.164140,1.164060,1.164140,0
2025.12.05,12:52,1.164130,1.164190,1.164080,1.164170,0
2025.12.05,12:53,1.164160,1.164270,1.164150,1.164220,0
2025.12.05,12:54,1.164230,1.164300,1.164150,1.164150,0
2025.12.05,12:55,1.164170,1.164280,1.164170,1.164220,0
2025.12.05,12:56,1.164240,1.164350,1.164190,1.164340,0
2025.12.05,12:57,1.164350,1.164390,1.164240,1.164330,0
2025.12.05,12:58,1.164310,1.164310,1.164190,1.164200,0
2025.12.05,12:59,1.164220,1.164410,1.164220,1.164410,0
2025.12.05,13:00,1.164410,1.164420,1.164340,1.164340,0
2025.12.05,13:01,1.164340,1.164470,1.164330,1.164470,0
2025.12.05,13:02,1.164460,1.164560,1.164430,1.164510,0
2025.12.05,13:03,1.164520,1.164550,1.164450,1.164500,0
2025.12.05,13:04,1.164490,1.164610,1.164490,1.164590,0
2025.12.05,13:05,1.164610,1.164750,1.164610,1.164690,0
2025.12.05,13:06,1.164670,1.164810,1.164620,1.164810,0
2025.12.05,13:07,1.164820,1.164820,1.164760,1.164800,0
2025.12.05,13:08,1.164810,1.164840,1.164780,1.164830,0
2025.12.05,13:09,1.164820,1.164850,1.164770,1.164820,0
2025.12.05,13:10,1.164820,1.164850,1.164770,1.164780,0
2025.12.05,13:11,1.164760,1.164810,1.164740,1.164750,0
2025.12.05,13:12,1.164770,1.164800,1.164630,1.164630,0
2025.12.05,13:13,1.164630,1.164640,1.164570,1.164600,0
2025.12.05,13:14,1.164630,1.164640,1.164610,1.164630,0
2025.12.05,13:15,1.164620,1.164690,1.164580,1.164580,0
2025.12.05,13:16,1.164580,1.164580,1.164510,1.164520,0
2025.12.05,13:17,1.164520,1.164550,1.164460,1.164460,0
2025.12.05,13:18,1.164450,1.164500,1.164420,1.164480,0
2025.12.05,13:19,1.164490,1.164610,1.164480,1.164570,0
2025.12.05,13:20,1.164590,1.164590,1.164370,1.164370,0
2025.12.05,13:21,1.164370,1.164400,1.164290,1.164310,0
2025.12.05,13:22,1.164280,1.164290,1.164200,1.164280,0
2025.12.05,13:23,1.164300,1.164400,1.164270,1.164390,0
2025.12.05,13:24,1.164370,1.164390,1.164330,1.164340,0
2025.12.05,13:25,1.164330,1.164340,1.164320,1.164320,0
2025.12.05,13:26,1.164340,1.164400,1.164330,1.164330,0
2025.12.05,13:27,1.164370,1.164400,1.164230,1.164230,0
2025.12.05,13:28,1.164260,1.164370,1.164240,1.164330,0
2025.12.05,13:29,1.164340,1.164410,1.164280,1.164400,0
2025.12.05,13:30,1.164380,1.164440,1.164370,1.164390,0
2025.12.05,13:31,1.164410,1.164480,1.164410,1.164450,0
2025.12.05,13:32,1.164440,1.164440,1.164360,1.164360,0
2025.12.05,13:33,1.164370,1.164460,1.164360,1.164440,0
2025.12.05,13:34,1.164450,1.164460,1.164380,1.164410,0
2025.12.05,13:35,1.164420,1.164420,1.164320,1.164340,0
2025.12.05,13:36,1.164330,1.164410,1.164320,1.164390,0
2025.12.05,13:37,1.164410,1.164440,1.164280,1.164390,0
2025.12.05,13:38,1.164390,1.164420,1.164380,1.164390,0
2025.12.05,13:39,1.164420,1.164500,1.164420,1.164470,0
2025.12.05,13:40,1.164480,1.164560,1.164480,1.164540,0
2025.12.05,13:41,1.164520,1.164520,1.164430,1.164440,0
2025.12.05,13:42,1.164450,1.164470,1.164330,1.164330,0
2025.12.05,13:43,1.164310,1.164330,1.164250,1.164270,0
2025.12.05,13:44,1.164280,1.164340,1.164280,1.164320,0
2025.12.05,13:45,1.164320,1.164370,1.164320,1.164370,0
2025.12.05,13:46,1.164360,1.164460,1.164350,1.164440,0
2025.12.05,13:47,1.164430,1.164480,1.164430,1.164450,0
2025.12.05,13:48,1.164450,1.164450,1.164380,1.164390,0
2025.12.05,13:49,1.164410,1.164460,1.164390,1.164450,0
2025.12.05,13:50,1.164440,1.164440,1.164370,1.164370,0
2025.12.05,13:51,1.164360,1.164360,1.164290,1.164330,0
2025.12.05,13:52,1.164330,1.164370,1.164310,1.164370,0
2025.12.05,13:53,1.164380,1.164420,1.164350,1.164390,0
2025.12.05,13:54,1.164390,1.164390,1.164370,1.164370,0
2025.12.05,13:55,1.164360,1.164360,1.164280,1.164330,0
2025.12.05,13:56,1.164350,1.164390,1.164320,1.164360,0
2025.12.05,13:57,1.164380,1.164380,1.164270,1.164310,0
2025.12.05,13:58,1.164330,1.164340,1.164260,1.164270,0
2025.12.05,13:59,1.164280,1.164280,1.164200,1.164250,0
2025.12.05,14:00,1.164260,1.164310,1.164200,1.164200,0
2025.12.05,14:01,1.164210,1.164210,1.164050,1.164120,0
2025.12.05,14:02,1.164120,1.164210,1.164020,1.164210,0
2025.12.05,14:03,1.164210,1.164380,1.164210,1.164380,0
2025.12.05,14:04,1.164390,1.164390,1.164260,1.164260,0
2025.12.05,14:05,1.164260,1.164300,1.164220,1.164230,0
2025.12.05,14:06,1.164230,1.164270,1.164170,1.164170,0
2025.12.05,14:07,1.164150,1.164150,1.164110,1.164130,0
2025.12.05,14:08,1.164140,1.164200,1.164130,1.164180,0
2025.12.05,14:09,1.164190,1.164230,1.164190,1.164220,0
2025.12.05,14:10,1.164250,1.164280,1.164220,1.164270,0
2025.12.05,14:11,1.164280,1.164340,1.164270,1.164340,0
2025.12.05,14:12,1.164330,1.164340,1.164320,1.164320,0
2025.12.05,14:13,1.164340,1.164400,1.164310,1.164310,0
2025.12.05,14:14,1.164330,1.164390,1.164310,1.164370,0
2025.12.05,14:15,1.164380,1.164380,1.164320,1.164330,0
2025.12.05,14:16,1.164320,1.164350,1.164210,1.164210,0
2025.12.05,14:17,1.164220,1.164300,1.164210,1.164290,0
2025.12.05,14:18,1.164310,1.164340,1.164260,1.164270,0
2025.12.05,14:19,1.164270,1.164270,1.164210,1.164240,0
2025.12.05,14:20,1.164250,1.164320,1.164250,1.164300,0
2025.12.05,14:21,1.164300,1.164360,1.164260,1.164340,0
2025.12.05,14:22,1.164350,1.164380,1.164340,1.164340,0
2025.12.05,14:23,1.164330,1.164330,1.164240,1.164290,0
2025.12.05,14:24,1.164270,1.164270,1.164200,1.164200,0
2025.12.05,14:25,1.164200,1.164350,1.164190,1.164350,0
2025.12.05,14:26,1.164350,1.164360,1.164330,1.164350,0
2025.12.05,14:27,1.164360,1.164360,1.164340,1.164350,0
2025.12.05,14:28,1.164340,1.164350,1.164330,1.164330,0
2025.12.05,14:29,1.164360,1.164370,1.164330,1.164330,0
2025.12.05,14:30,1.164330,1.164340,1.164300,1.164320,0
2025.12.05,14:31,1.164320,1.164340,1.164250,1.164270,0
2025.12.05,14:32,1.164290,1.164290,1.164230,1.164230,0
2025.12.05,14:33,1.164230,1.164280,1.164220,1.164280,0
2025.12.05,14:34,1.164280,1.164280,1.164280,1.164280,0
2025.12.05,14:35,1.164260,1.164270,1.164220,1.164230,0
2025.12.05,14:36,1.164250,1.164360,1.164250,1.164320,0
2025.12.05,14:37,1.164330,1.164350,1.164270,1.164280,0
2025.12.05,14:38,1.164290,1.164290,1.164230,1.164250,0
2025.12.05,14:39,1.164240,1.164240,1.164190,1.164190,0
2025.12.05,14:40,1.164190,1.164210,1.164120,1.164120,0
2025.12.05,14:41,1.164130,1.164130,1.164070,1.164070,0
2025.12.05,14:42,1.164100,1.164160,1.164080,1.164090,0
2025.12.05,14:43,1.164080,1.164100,1.164080,1.164080,0
2025.12.05,14:44,1.164100,1.164220,1.164080,1.164180,0
2025.12.05,14:45,1.164180,1.164180,1.164090,1.164110,0
2025.12.05,14:46,1.164100,1.164100,1.163990,1.164080,0
2025.12.05,14:47,1.164090,1.164210,1.164090,1.164140,0
2025.12.05,14:48,1.164140,1.164200,1.164120,1.164180,0
2025.12.05,14:49,1.164160,1.164260,1.164160,1.164260,0
2025.12.05,14:50,1.164260,1.164290,1.164250,1.164280,0
2025.12.05,14:51,1.164290,1.164350,1.164280,1.164310,0
2025.12.05,14:52,1.164320,1.164320,1.164250,1.164250,0
2025.12.05,14:53,1.164240,1.164240,1.164130,1.164130,0
2025.12.05,14:54,1.164120,1.164180,1.164110,1.164170,0
2025.12.05,14:55,1.164180,1.164340,1.164170,1.164180,0
2025.12.05,14:56,1.164170,1.164210,1.164130,1.164170,0
2025.12.05,14:57,1.164200,1.164240,1.164170,1.164240,0
2025.12.05,14:58,1.164250,1.164350,1.164250,1.164340,0
2025.12.05,14:59,1.164340,1.164340,1.164240,1.164300,0
2025.12.05,15:00,1.164290,1.164290,1.164140,1.164200,0
2025.12.05,15:01,1.164200,1.164270,1.164200,1.164240,0
2025.12.05,15:02,1.164260,1.164260,1.164150,1.164190,0
2025.12.05,15:03,1.164170,1.164260,1.164150,1.164250,0
2025.12.05,15:04,1.164240,1.164250,1.164200,1.164200,0
2025.12.05,15:05,1.164190,1.164190,1.164030,1.164050,0
2025.12.05,15:06,1.164030,1.164110,1.164030,1.164100,0
2025.12.05,15:07,1.164090,1.164090,1.164080,1.164080,0
2025.12.05,15:08,1.164100,1.164170,1.164100,1.164130,0
2025.12.05,15:09,1.164140,1.164180,1.164120,1.164120,0
2025.12.05,15:10,1.164130,1.164140,1.164100,1.164110,0
2025.12.05,15:11,1.164120,1.164170,1.164120,1.164160,0
2025.12.05,15:12,1.164160,1.164170,1.164120,1.164150,0
2025.12.05,15:13,1.164160,1.164210,1.164160,1.164200,0
2025.12.05,15:14,1.164210,1.164310,1.164190,1.164290,0
2025.12.05,15:15,1.164300,1.164300,1.164280,1.164280,0
2025.12.05,15:16,1.164300,1.164310,1.164250,1.164270,0
2025.12.05,15:17,1.164250,1.164320,1.164250,1.164270,0
2025.12.05,15:18,1.164300,1.164300,1.164170,1.164170,0
2025.12.05,15:19,1.164190,1.164210,1.164170,1.164200,0
2025.12.05,15:20,1.164190,1.164210,1.164110,1.164130,0
2025.12.05,15:21,1.164130,1.164140,1.164060,1.164070,0
2025.12.05,15:22,1.164080,1.164080,1.164060,1.164060,0
2025.12.05,15:23,1.164050,1.164110,1.164030,1.164090,0
2025.12.05,15:24,1.164100,1.164160,1.164080,1.164150,0
2025.12.05,15:25,1.164140,1.164140,1.164080,1.164080,0
2025.12.05,15:26,1.164100,1.164130,1.164100,1.164100,0
2025.12.05,15:27,1.164110,1.164150,1.164110,1.164140,0
2025.12.05,15:28,1.164160,1.164200,1.164160,1.164170,0
2025.12.05,15:29,1.164180,1.164200,1.164140,1.164140,0
2025.12.05,15:30,1.164150,1.164180,1.164090,1.164100,0
2025.12.05,15:31,1.164090,1.164110,1.164060,1.164100,0
2025.12.05,15:32,1.164080,1.164100,1.164080,1.164100,0
2025.12.05,15:33,1.164090,1.164170,1.164070,1.164170,0
2025.12.05,15:34,1.164150,1.164170,1.164120,1.164120,0
2025.12.05,15:35,1.164110,1.164140,1.164090,1.164130,0
2025.12.05,15:36,1.164130,1.164180,1.164120,1.164180,0
2025.12.05,15:37,1.164180,1.164200,1.164170,1.164180,0
2025.12.05,15:38,1.164180,1.164190,1.164120,1.164120,0
2025.12.05,15:39,1.164120,1.164240,1.164120,1.164210,0
2025.12.05,15:40,1.164220,1.164320,1.164220,1.164290,0
2025.12.05,15:41,1.164280,1.164330,1.164220,1.164260,0
2025.12.05,15:42,1.164240,1.164290,1.164210,1.164210,0
2025.12.05,15:43,1.164230,1.164250,1.164190,1.164230,0
2025.12.05,15:44,1.164240,1.164240,1.164220,1.164230,0
2025.12.05,15:45,1.164210,1.164260,1.164150,1.164150,0
2025.12.05,15:46,1.164150,1.164180,1.164130,1.164130,0
2025.12.05,15:47,1.164110,1.164110,1.164030,1.164080,0
2025.12.05,15:48,1.164070,1.164100,1.164060,1.164060,0
2025.12.05,15:49,1.164060,1.164090,1.164050,1.164070,0
2025.12.05,15:50,1.164070,1.164100,1.164010,1.164030,0
2025.12.05,15:51,1.164060,1.164090,1.164030,1.164030,0
2025.12.05,15:52,1.164040,1.164080,1.164020,1.164060,0
2025.12.05,15:53,1.164080,1.164090,1.164030,1.164070,0
2025.12.05,15:54,1.164070,1.164090,1.164020,1.164020,0
2025.12.05,15:55,1.164030,1.164100,1.163970,1.164090,0
2025.12.05,15:56,1.164100,1.164260,1.164100,1.164250,0
2025.12.05,15:57,1.164260,1.164380,1.164260,1.164360,0
2025.12.05,15:58,1.164360,1.164380,1.164340,1.164360,0
2025.12.05,15:59,1.164350,1.164450,1.164350,1.164400,0
2025.12.05,16:00,1.164390,1.164450,1.164390,1.164440,0
2025.12.05,16:01,1.164440,1.164500,1.164440,1.164490,0
2025.12.05,16:02,1.164500,1.164550,1.164420,1.164430,0
2025.12.05,16:03,1.164450,1.164560,1.164440,1.164560,0
2025.12.05,16:04,1.164560,1.164660,1.164550,1.164650,0
2025.12.05,16:05,1.164650,1.164710,1.164590,1.164620,0
2025.12.05,16:06,1.164620,1.164620,1.164460,1.164460,0
2025.12.05,16:07,1.164450,1.164470,1.164450,1.164470,0
2025.12.05,16:08,1.164460,1.164570,1.164440,1.164540,0
2025.12.05,16:09,1.164560,1.164560,1.164520,1.164560,0
2025.12.05,16:10,1.164550,1.164580,1.164550,1.164550,0
2025.12.05,16:11,1.164580,1.164580,1.164480,1.164480,0
2025.12.05,16:12,1.164510,1.164540,1.164470,1.164530,0
2025.12.05,16:13,1.164500,1.164500,1.164470,1.164480,0
2025.12.05,16:14,1.164440,1.164440,1.164360,1.164360,0
2025.12.05,16:15,1.164380,1.164410,1.164380,1.164380,0
2025.12.05,16:16,1.164370,1.164410,1.164360,1.164370,0
2025.12.05,16:17,1.164390,1.164410,1.164350,1.164350,0
2025.12.05,16:18,1.164370,1.164370,1.164360,1.164370,0
2025.12.05,16:19,1.164370,1.164370,1.164330,1.164340,0
2025.12.05,16:20,1.164380,1.164390,1.164340,1.164390,0
2025.12.05,16:21,1.164410,1.164410,1.164370,1.164400,0
2025.12.05,16:22,1.164390,1.164400,1.164380,1.164400,0
2025.12.05,16:23,1.164410,1.164440,1.164390,1.164390,0
2025.12.05,16:24,1.164390,1.164460,1.164380,1.164460,0
2025.12.05,16:25,1.164440,1.164540,1.164430,1.164540,0
2025.12.05,16:26,1.164520,1.164520,1.164460,1.164480,0
2025.12.05,16:27,1.164480,1.164500,1.164410,1.164410,0
2025.12.05,16:28,1.164410,1.164410,1.164290,1.164300,0
2025.12.05,16:29,1.164290,1.164380,1.164290,1.164300,0
2025.12.05,16:30,1.164280,1.164370,1.164260,1.164370,0
2025.12.05,16:31,1.164350,1.164380,1.164320,1.164380,0
2025.12.05,16:32,1.164410,1.164440,1.164400,1.164420,0
2025.12.05,16:33,1.164380,1.164430,1.164280,1.164280,0
2025.12.05,16:34,1.164280,1.164280,1.164260,1.164260,0
2025.12.05,16:35,1.164250,1.164250,1.164230,1.164240,0
2025.12.05,16:36,1.164230,1.164240,1.164110,1.164110,0
2025.12.05,16:37,1.164100,1.164120,1.164100,1.164110,0
2025.12.05,16:38,1.164120,1.164170,1.164120,1.164170,0
2025.12.05,16:39,1.164160,1.164160,1.164080,1.164090,0
2025.12.05,16:40,1.164090,1.164090,1.164020,1.164040,0
2025.12.05,16:41,1.164060,1.164060,1.164030,1.164050,0
2025.12.05,16:42,1.164040,1.164050,1.164030,1.164030,0
2025.12.05,16:43,1.164020,1.164140,1.164000,1.164100,0
2025.12.05,16:44,1.164110,1.164130,1.164110,1.164110,0
2025.12.05,16:45,1.164110,1.164210,1.164110,1.164120,0
2025.12.05,16:46,1.164180,1.164190,1.164140,1.164140,0
2025.12.05,16:47,1.164150,1.164170,1.164140,1.164150,0
2025.12.05,16:48,1.164160,1.164240,1.164160,1.164230,0
2025.12.05,16:49,1.164230,1.164280,1.164200,1.164220,0
2025.12.05,16:50,1.164210,1.164220,1.164160,1.164210,0
2025.12.05,16:51,1.164230,1.164250,1.164180,1.164250,0
2025.12.05,16:52,1.164240,1.164320,1.164240,1.164320,0
2025.12.05,16:53,1.164310,1.164330,1.164270,1.164280,0
2025.12.05,16:54,1.164280,1.164280,1.164100,1.164130,0
2025.12.05,16:55,1.164150,1.164170,1.164100,1.164170,0
2025.12.05,16:56,1.164230,1.164340,1.164150,1.164180,0
2025.12.05,16:57,1.164190,1.164310,1.164150,1.164310,0
2025.12.05,16:58,1.164320,1.164380,1.164260,1.164280,0
